0 verbose cli /Users/mac/.nvm/versions/node/v20.20.2/bin/node /Users/mac/.nvm/versions/node/v20.20.2/bin/npm
1 info using npm@10.8.2
2 info using node@v20.20.2
3 silly config load:file:/Users/mac/.nvm/versions/node/v20.20.2/lib/node_modules/npm/npmrc
4 silly config load:file:/Users/mac/Desktop/WashAlert-Final-main/mobile/.npmrc
5 silly config load:file:/Users/mac/.npmrc
6 silly config load:file:/Users/mac/.nvm/versions/node/v20.20.2/etc/npmrc
7 verbose title npm install
8 verbose argv "install" "--cache" "./.npm-cache"
9 verbose logfile logs-max:10 dir:/Users/mac/Desktop/WashAlert-Final-main/mobile/.npm-cache/_logs/2026-05-14T14_45_38_659Z-
10 verbose logfile /Users/mac/Desktop/WashAlert-Final-main/mobile/.npm-cache/_logs/2026-05-14T14_45_38_659Z-debug-0.log
11 silly packumentCache heap:2197815296 maxSize:549453824 maxEntrySize:274726912
12 silly logfile done cleaning log files
13 silly idealTree buildDeps
14 silly reify moves {}
15 silly audit bulk request {
15 silly audit   '@0no-co/graphql.web': [ '1.2.0' ],
15 silly audit   '@babel/code-frame': [ '7.29.0', '7.10.4' ],
15 silly audit   '@babel/compat-data': [ '7.29.3' ],
15 silly audit   '@babel/core': [ '7.29.0' ],
15 silly audit   '@babel/generator': [ '7.29.1' ],
15 silly audit   '@babel/helper-annotate-as-pure': [ '7.27.3' ],
15 silly audit   '@babel/helper-compilation-targets': [ '7.28.6' ],
15 silly audit   '@babel/helper-create-class-features-plugin': [ '7.29.3' ],
15 silly audit   '@babel/helper-create-regexp-features-plugin': [ '7.28.5' ],
15 silly audit   '@babel/helper-define-polyfill-provider': [ '0.6.8' ],
15 silly audit   resolve: [ '1.22.12', '1.7.1', '2.0.0-next.6' ],
15 silly audit   '@babel/helper-globals': [ '7.28.0' ],
15 silly audit   '@babel/helper-member-expression-to-functions': [ '7.28.5' ],
15 silly audit   '@babel/helper-module-imports': [ '7.28.6' ],
15 silly audit   '@babel/helper-module-transforms': [ '7.28.6' ],
15 silly audit   '@babel/helper-optimise-call-expression': [ '7.27.1' ],
15 silly audit   '@babel/helper-plugin-utils': [ '7.28.6' ],
15 silly audit   '@babel/helper-remap-async-to-generator': [ '7.27.1' ],
15 silly audit   '@babel/helper-replace-supers': [ '7.28.6' ],
15 silly audit   '@babel/helper-skip-transparent-expression-wrappers': [ '7.27.1' ],
15 silly audit   '@babel/helper-string-parser': [ '7.27.1' ],
15 silly audit   '@babel/helper-validator-identifier': [ '7.28.5' ],
15 silly audit   '@babel/helper-validator-option': [ '7.27.1' ],
15 silly audit   '@babel/helper-wrap-function': [ '7.28.6' ],
15 silly audit   '@babel/helpers': [ '7.29.2' ],
15 silly audit   '@babel/highlight': [ '7.25.9' ],
15 silly audit   'ansi-styles': [ '3.2.1', '4.3.0', '5.2.0' ],
15 silly audit   chalk: [ '2.4.2', '4.1.2' ],
15 silly audit   'color-convert': [ '1.9.3', '2.0.1' ],
15 silly audit   'color-name': [ '1.1.3', '1.1.4' ],
15 silly audit   'escape-string-regexp': [ '1.0.5', '4.0.0', '2.0.0' ],
15 silly audit   'has-flag': [ '3.0.0', '4.0.0' ],
15 silly audit   'supports-color': [ '5.5.0', '8.1.1', '7.2.0' ],
15 silly audit   '@babel/parser': [ '7.29.3' ],
15 silly audit   '@babel/plugin-proposal-decorators': [ '7.29.0' ],
15 silly audit   '@babel/plugin-proposal-export-default-from': [ '7.27.1' ],
15 silly audit   '@babel/plugin-syntax-async-generators': [ '7.8.4' ],
15 silly audit   '@babel/plugin-syntax-bigint': [ '7.8.3' ],
15 silly audit   '@babel/plugin-syntax-class-properties': [ '7.12.13' ],
15 silly audit   '@babel/plugin-syntax-class-static-block': [ '7.14.5' ],
15 silly audit   '@babel/plugin-syntax-decorators': [ '7.28.6' ],
15 silly audit   '@babel/plugin-syntax-dynamic-import': [ '7.8.3' ],
15 silly audit   '@babel/plugin-syntax-export-default-from': [ '7.28.6' ],
15 silly audit   '@babel/plugin-syntax-flow': [ '7.28.6' ],
15 silly audit   '@babel/plugin-syntax-import-attributes': [ '7.28.6' ],
15 silly audit   '@babel/plugin-syntax-import-meta': [ '7.10.4' ],
15 silly audit   '@babel/plugin-syntax-json-strings': [ '7.8.3' ],
15 silly audit   '@babel/plugin-syntax-jsx': [ '7.28.6' ],
15 silly audit   '@babel/plugin-syntax-logical-assignment-operators': [ '7.10.4' ],
15 silly audit   '@babel/plugin-syntax-nullish-coalescing-operator': [ '7.8.3' ],
15 silly audit   '@babel/plugin-syntax-numeric-separator': [ '7.10.4' ],
15 silly audit   '@babel/plugin-syntax-object-rest-spread': [ '7.8.3' ],
15 silly audit   '@babel/plugin-syntax-optional-catch-binding': [ '7.8.3' ],
15 silly audit   '@babel/plugin-syntax-optional-chaining': [ '7.8.3' ],
15 silly audit   '@babel/plugin-syntax-private-property-in-object': [ '7.14.5' ],
15 silly audit   '@babel/plugin-syntax-top-level-await': [ '7.14.5' ],
15 silly audit   '@babel/plugin-syntax-typescript': [ '7.28.6' ],
15 silly audit   '@babel/plugin-transform-arrow-functions': [ '7.27.1' ],
15 silly audit   '@babel/plugin-transform-async-generator-functions': [ '7.29.0' ],
15 silly audit   '@babel/plugin-transform-async-to-generator': [ '7.28.6' ],
15 silly audit   '@babel/plugin-transform-block-scoping': [ '7.28.6' ],
15 silly audit   '@babel/plugin-transform-class-properties': [ '7.28.6' ],
15 silly audit   '@babel/plugin-transform-class-static-block': [ '7.28.6' ],
15 silly audit   '@babel/plugin-transform-classes': [ '7.28.6' ],
15 silly audit   '@babel/plugin-transform-computed-properties': [ '7.28.6' ],
15 silly audit   '@babel/plugin-transform-destructuring': [ '7.28.5' ],
15 silly audit   '@babel/plugin-transform-export-namespace-from': [ '7.27.1' ],
15 silly audit   '@babel/plugin-transform-flow-strip-types': [ '7.27.1' ],
15 silly audit   '@babel/plugin-transform-for-of': [ '7.27.1' ],
15 silly audit   '@babel/plugin-transform-function-name': [ '7.27.1' ],
15 silly audit   '@babel/plugin-transform-literals': [ '7.27.1' ],
15 silly audit   '@babel/plugin-transform-logical-assignment-operators': [ '7.28.6' ],
15 silly audit   '@babel/plugin-transform-modules-commonjs': [ '7.28.6' ],
15 silly audit   '@babel/plugin-transform-named-capturing-groups-regex': [ '7.29.0' ],
15 silly audit   '@babel/plugin-transform-nullish-coalescing-operator': [ '7.28.6' ],
15 silly audit   '@babel/plugin-transform-numeric-separator': [ '7.28.6' ],
15 silly audit   '@babel/plugin-transform-object-rest-spread': [ '7.28.6' ],
15 silly audit   '@babel/plugin-transform-optional-catch-binding': [ '7.28.6' ],
15 silly audit   '@babel/plugin-transform-optional-chaining': [ '7.28.6' ],
15 silly audit   '@babel/plugin-transform-parameters': [ '7.27.7' ],
15 silly audit   '@babel/plugin-transform-private-methods': [ '7.28.6' ],
15 silly audit   '@babel/plugin-transform-private-property-in-object': [ '7.28.6' ],
15 silly audit   '@babel/plugin-transform-react-display-name': [ '7.28.0' ],
15 silly audit   '@babel/plugin-transform-react-jsx': [ '7.28.6' ],
15 silly audit   '@babel/plugin-transform-react-jsx-development': [ '7.27.1' ],
15 silly audit   '@babel/plugin-transform-react-jsx-self': [ '7.27.1' ],
15 silly audit   '@babel/plugin-transform-react-jsx-source': [ '7.27.1' ],
15 silly audit   '@babel/plugin-transform-react-pure-annotations': [ '7.27.1' ],
15 silly audit   '@babel/plugin-transform-regenerator': [ '7.29.0' ],
15 silly audit   '@babel/plugin-transform-runtime': [ '7.29.0' ],
15 silly audit   '@babel/plugin-transform-shorthand-properties': [ '7.27.1' ],
15 silly audit   '@babel/plugin-transform-spread': [ '7.28.6' ],
15 silly audit   '@babel/plugin-transform-sticky-regex': [ '7.27.1' ],
15 silly audit   '@babel/plugin-transform-template-literals': [ '7.27.1' ],
15 silly audit   '@babel/plugin-transform-typescript': [ '7.28.6' ],
15 silly audit   '@babel/plugin-transform-unicode-regex': [ '7.27.1' ],
15 silly audit   '@babel/preset-react': [ '7.28.5' ],
15 silly audit   '@babel/preset-typescript': [ '7.28.5' ],
15 silly audit   '@babel/runtime': [ '7.29.2' ],
15 silly audit   '@babel/template': [ '7.28.6' ],
15 silly audit   '@babel/traverse': [ '7.29.0' ],
15 silly audit   '@babel/types': [ '7.29.0' ],
15 silly audit   '@egjs/hammerjs': [ '2.0.17' ],
15 silly audit   '@eslint-community/eslint-utils': [ '4.9.1' ],
15 silly audit   'eslint-visitor-keys': [ '3.4.3', '5.0.1', '4.2.1' ],
15 silly audit   '@eslint-community/regexpp': [ '4.12.2' ],
15 silly audit   '@eslint/config-array': [ '0.21.2' ],
15 silly audit   '@eslint/config-helpers': [ '0.4.2' ],
15 silly audit   '@eslint/core': [ '0.17.0' ],
15 silly audit   '@eslint/eslintrc': [ '3.3.5' ],
15 silly audit   '@eslint/js': [ '9.39.4' ],
15 silly audit   '@eslint/object-schema': [ '2.1.7' ],
15 silly audit   '@eslint/plugin-kit': [ '0.4.1' ],
15 silly audit   '@expo/cli': [ '54.0.23' ],
15 silly audit   'brace-expansion': [ '2.1.0', '5.0.5', '1.1.14' ],
15 silly audit   'ci-info': [ '3.9.0', '2.0.0' ],
15 silly audit   minimatch: [ '9.0.9', '10.2.5', '3.1.5' ],
15 silly audit   picomatch: [ '3.0.2', '2.3.2', '4.0.4' ],
15 silly audit   semver: [ '7.7.4', '7.6.3', '7.7.2', '6.3.1' ],
15 silly audit   ws: [ '8.20.0', '6.2.3', '7.5.10' ],
15 silly audit   '@expo/code-signing-certificates': [ '0.0.6' ],
15 silly audit   '@expo/config': [ '12.0.13' ],
15 silly audit   '@expo/config-plugins': [ '54.0.4' ],
15 silly audit   '@expo/config-types': [ '54.0.10' ],
15 silly audit   '@expo/devcert': [ '1.2.1' ],
15 silly audit   debug: [ '3.2.7', '2.6.9', '4.4.3' ],
15 silly audit   '@expo/devtools': [ '0.1.8' ],
15 silly audit   '@expo/env': [ '2.0.11' ],
15 silly audit   '@expo/fingerprint': [ '0.15.4' ],
15 silly audit   '@expo/image-utils': [ '0.8.13' ],
15 silly audit   '@expo/json-file': [ '10.0.13' ],
15 silly audit   '@expo/metro': [ '54.2.0' ],
15 silly audit   '@expo/metro-config': [ '54.0.14' ],
15 silly audit   '@expo/metro-runtime': [ '6.1.2' ],
15 silly audit   '@expo/ngrok': [ '4.1.3' ],
15 silly audit   '@expo/ngrok-bin': [ '2.3.42' ],
15 silly audit   '@expo/ngrok-bin-darwin-arm64': [ '2.3.41' ],
15 silly audit   '@expo/osascript': [ '2.4.2' ],
15 silly audit   '@expo/package-manager': [ '1.10.4' ],
15 silly audit   '@expo/plist': [ '0.4.8' ],
15 silly audit   '@expo/prebuild-config': [ '54.0.8' ],
15 silly audit   '@expo/require-utils': [ '55.0.4' ],
15 silly audit   '@expo/schema-utils': [ '0.1.8' ],
15 silly audit   '@expo/sdk-runtime-versions': [ '1.0.0' ],
15 silly audit   '@expo/spawn-async': [ '1.7.2' ],
15 silly audit   '@expo/sudo-prompt': [ '9.3.2' ],
15 silly audit   '@expo/vector-icons': [ '15.1.1' ],
15 silly audit   '@expo/ws-tunnel': [ '1.0.6' ],
15 silly audit   '@expo/xcpretty': [ '4.4.3' ],
15 silly audit   '@firebase/ai': [ '2.11.1' ],
15 silly audit   '@firebase/analytics': [ '0.10.21' ],
15 silly audit   '@firebase/analytics-compat': [ '0.2.27' ],
15 silly audit   '@firebase/analytics-types': [ '0.8.3' ],
15 silly audit   '@firebase/app': [ '0.14.11' ],
15 silly audit   '@firebase/app-check': [ '0.11.2' ],
15 silly audit   '@firebase/app-check-compat': [ '0.4.2' ],
15 silly audit   '@firebase/app-check-interop-types': [ '0.3.3' ],
15 silly audit   '@firebase/app-check-types': [ '0.5.3' ],
15 silly audit   '@firebase/app-compat': [ '0.5.11' ],
15 silly audit   '@firebase/app-types': [ '0.9.4' ],
15 silly audit   '@firebase/auth': [ '1.13.0' ],
15 silly audit   '@firebase/auth-compat': [ '0.6.5' ],
15 silly audit   '@firebase/auth-interop-types': [ '0.2.4' ],
15 silly audit   '@firebase/auth-types': [ '0.13.0' ],
15 silly audit   '@firebase/component': [ '0.7.2' ],
15 silly audit   '@firebase/data-connect': [ '0.6.0' ],
15 silly audit   '@firebase/database': [ '1.1.2' ],
15 silly audit   '@firebase/database-compat': [ '2.1.3' ],
15 silly audit   '@firebase/database-types': [ '1.0.19' ],
15 silly audit   '@firebase/firestore': [ '4.14.0' ],
15 silly audit   '@firebase/firestore-compat': [ '0.4.8' ],
15 silly audit   '@firebase/firestore-types': [ '3.0.3' ],
15 silly audit   '@firebase/functions': [ '0.13.3' ],
15 silly audit   '@firebase/functions-compat': [ '0.4.3' ],
15 silly audit   '@firebase/functions-types': [ '0.6.3' ],
15 silly audit   '@firebase/installations': [ '0.6.21' ],
15 silly audit   '@firebase/installations-compat': [ '0.2.21' ],
15 silly audit   '@firebase/installations-types': [ '0.5.3' ],
15 silly audit   '@firebase/logger': [ '0.5.0' ],
15 silly audit   '@firebase/messaging': [ '0.12.25' ],
15 silly audit   '@firebase/messaging-compat': [ '0.2.25' ],
15 silly audit   '@firebase/messaging-interop-types': [ '0.2.3' ],
15 silly audit   '@firebase/performance': [ '0.7.11' ],
15 silly audit   '@firebase/performance-compat': [ '0.2.24' ],
15 silly audit   '@firebase/performance-types': [ '0.2.3' ],
15 silly audit   '@firebase/remote-config': [ '0.8.2' ],
15 silly audit   '@firebase/remote-config-compat': [ '0.2.23' ],
15 silly audit   '@firebase/remote-config-types': [ '0.5.0' ],
15 silly audit   '@firebase/storage': [ '0.14.2' ],
15 silly audit   '@firebase/storage-compat': [ '0.4.2' ],
15 silly audit   '@firebase/storage-types': [ '0.8.3' ],
15 silly audit   '@firebase/util': [ '1.15.0' ],
15 silly audit   '@firebase/webchannel-wrapper': [ '1.0.5' ],
15 silly audit   '@grpc/grpc-js': [ '1.9.15' ],
15 silly audit   '@grpc/proto-loader': [ '0.7.15' ],
15 silly audit   '@humanfs/core': [ '0.19.2' ],
15 silly audit   '@humanfs/node': [ '0.16.8' ],
15 silly audit   '@humanfs/types': [ '0.15.0' ],
15 silly audit   '@humanwhocodes/module-importer': [ '1.0.1' ],
15 silly audit   '@humanwhocodes/retry': [ '0.4.3' ],
15 silly audit   '@ide/backoff': [ '1.0.0' ],
15 silly audit   '@isaacs/fs-minipass': [ '4.0.1' ],
15 silly audit   '@isaacs/ttlcache': [ '1.4.1' ],
15 silly audit   '@istanbuljs/load-nyc-config': [ '1.1.0' ],
15 silly audit   argparse: [ '1.0.10', '2.0.1' ],
15 silly audit   camelcase: [ '5.3.1', '6.3.0' ],
15 silly audit   'find-up': [ '4.1.0', '5.0.0' ],
15 silly audit   'js-yaml': [ '3.14.2', '4.1.1' ],
15 silly audit   'locate-path': [ '5.0.0', '6.0.0' ],
15 silly audit   'p-limit': [ '2.3.0', '3.1.0' ],
15 silly audit   'p-locate': [ '4.1.0', '5.0.0' ],
15 silly audit   '@istanbuljs/schema': [ '0.1.6' ],
15 silly audit   '@jest/create-cache-key-function': [ '29.7.0' ],
15 silly audit   '@jest/environment': [ '29.7.0' ],
15 silly audit   '@jest/fake-timers': [ '29.7.0' ],
15 silly audit   '@jest/schemas': [ '29.6.3' ],
15 silly audit   '@jest/transform': [ '29.7.0' ],
15 silly audit   '@jest/types': [ '29.6.3' ],
15 silly audit   '@jridgewell/gen-mapping': [ '0.3.13' ],
15 silly audit   '@jridgewell/remapping': [ '2.3.5' ],
15 silly audit   '@jridgewell/resolve-uri': [ '3.1.2' ],
15 silly audit   '@jridgewell/source-map': [ '0.3.11' ],
15 silly audit   '@jridgewell/sourcemap-codec': [ '1.5.5' ],
15 silly audit   '@jridgewell/trace-mapping': [ '0.3.31' ],
15 silly audit   '@nolyfill/is-core-module': [ '1.0.39' ],
15 silly audit   '@protobufjs/aspromise': [ '1.1.2' ],
15 silly audit   '@protobufjs/base64': [ '1.1.2' ],
15 silly audit   '@protobufjs/codegen': [ '2.0.5' ],
15 silly audit   '@protobufjs/eventemitter': [ '1.1.0' ],
15 silly audit   '@protobufjs/fetch': [ '1.1.0' ],
15 silly audit   '@protobufjs/float': [ '1.0.2' ],
15 silly audit   '@protobufjs/inquire': [ '1.1.1' ],
15 silly audit   '@protobufjs/path': [ '1.1.2' ],
15 silly audit   '@protobufjs/pool': [ '1.1.0' ],
15 silly audit   '@protobufjs/utf8': [ '1.1.1' ],
15 silly audit   '@radix-ui/primitive': [ '1.1.3' ],
15 silly audit   '@radix-ui/react-compose-refs': [ '1.1.2' ],
15 silly audit   '@radix-ui/react-context': [ '1.1.2' ],
15 silly audit   '@radix-ui/react-direction': [ '1.1.1' ],
15 silly audit   '@radix-ui/react-focus-guards': [ '1.1.3' ],
15 silly audit   '@radix-ui/react-id': [ '1.1.1' ],
15 silly audit   '@radix-ui/react-slot': [ '1.2.0', '1.2.3' ],
15 silly audit   '@radix-ui/react-use-callback-ref': [ '1.1.1' ],
15 silly audit   '@radix-ui/react-use-controllable-state': [ '1.2.2' ],
15 silly audit   '@radix-ui/react-use-effect-event': [ '0.0.2' ],
15 silly audit   '@radix-ui/react-use-escape-keydown': [ '1.1.1' ],
15 silly audit   '@radix-ui/react-use-layout-effect': [ '1.1.1' ],
15 silly audit   '@react-native-async-storage/async-storage': [ '2.2.0' ],
15 silly audit   '@react-native/assets-registry': [ '0.81.5' ],
15 silly audit   '@react-native/babel-plugin-codegen': [ '0.81.5' ],
15 silly audit   '@react-native/babel-preset': [ '0.81.5' ],
15 silly audit   '@react-native/codegen': [ '0.81.5' ],
15 silly audit   glob: [ '7.2.3', '13.0.6' ],
15 silly audit   '@react-native/community-cli-plugin': [ '0.81.5' ],
15 silly audit   '@react-native/debugger-frontend': [ '0.81.5' ],
15 silly audit   '@react-native/dev-middleware': [ '0.81.5' ],
15 silly audit   '@react-native/gradle-plugin': [ '0.81.5' ],
15 silly audit   '@react-native/js-polyfills': [ '0.81.5' ],
15 silly audit   '@react-native/normalize-colors': [ '0.81.5', '0.74.89' ],
15 silly audit   '@react-navigation/bottom-tabs': [ '7.15.11' ],
15 silly audit   '@react-navigation/core': [ '7.17.2' ],
15 silly audit   '@react-navigation/elements': [ '2.9.15' ],
15 silly audit   '@react-navigation/native': [ '7.2.2' ],
15 silly audit   '@react-navigation/native-stack': [ '7.14.12' ],
15 silly audit   '@react-navigation/routers': [ '7.5.3' ],
15 silly audit   '@rtsao/scc': [ '1.1.0' ],
15 silly audit   '@sinclair/typebox': [ '0.27.10' ],
15 silly audit   '@sindresorhus/is': [ '4.6.0' ],
15 silly audit   '@sinonjs/commons': [ '3.0.1' ],
15 silly audit   '@sinonjs/fake-timers': [ '10.3.0' ],
15 silly audit   '@szmarczak/http-timer': [ '4.0.6' ],
15 silly audit   '@types/babel__core': [ '7.20.5' ],
15 silly audit   '@types/babel__generator': [ '7.27.0' ],
15 silly audit   '@types/babel__template': [ '7.4.4' ],
15 silly audit   '@types/babel__traverse': [ '7.28.0' ],
15 silly audit   '@types/cacheable-request': [ '6.0.3' ],
15 silly audit   '@types/estree': [ '1.0.8' ],
15 silly audit   '@types/geojson': [ '7946.0.16' ],
15 silly audit   '@types/graceful-fs': [ '4.1.9' ],
15 silly audit   '@types/hammerjs': [ '2.0.46' ],
15 silly audit   '@types/http-cache-semantics': [ '4.2.0' ],
15 silly audit   '@types/istanbul-lib-coverage': [ '2.0.6' ],
15 silly audit   '@types/istanbul-lib-report': [ '3.0.3' ],
15 silly audit   '@types/istanbul-reports': [ '3.0.4' ],
15 silly audit   '@types/json-schema': [ '7.0.15' ],
15 silly audit   '@types/json5': [ '0.0.29' ],
15 silly audit   '@types/keyv': [ '3.1.4' ],
15 silly audit   '@types/node': [ '25.6.0' ],
15 silly audit   '@types/react': [ '19.1.17' ],
15 silly audit   '@types/responselike': [ '1.0.3' ],
15 silly audit   '@types/stack-utils': [ '2.0.3' ],
15 silly audit   '@types/yargs': [ '17.0.35' ],
15 silly audit   '@types/yargs-parser': [ '21.0.3' ],
15 silly audit   '@typescript-eslint/eslint-plugin': [ '8.59.1' ],
15 silly audit   ignore: [ '7.0.5', '5.3.2' ],
15 silly audit   '@typescript-eslint/parser': [ '8.59.1' ],
15 silly audit   '@typescript-eslint/project-service': [ '8.59.1' ],
15 silly audit   '@typescript-eslint/scope-manager': [ '8.59.1' ],
15 silly audit   '@typescript-eslint/tsconfig-utils': [ '8.59.1' ],
15 silly audit   '@typescript-eslint/type-utils': [ '8.59.1' ],
15 silly audit   '@typescript-eslint/types': [ '8.59.1' ],
15 silly audit   '@typescript-eslint/typescript-estree': [ '8.59.1' ],
15 silly audit   'balanced-match': [ '4.0.4', '1.0.2' ],
15 silly audit   '@typescript-eslint/utils': [ '8.59.1' ],
15 silly audit   '@typescript-eslint/visitor-keys': [ '8.59.1' ],
15 silly audit   '@ungap/structured-clone': [ '1.3.0' ],
15 silly audit   '@unrs/resolver-binding-darwin-arm64': [ '1.11.1' ],
15 silly audit   '@urql/core': [ '5.2.0' ],
15 silly audit   '@urql/exchange-retry': [ '1.3.2' ],
15 silly audit   '@xmldom/xmldom': [ '0.8.13', '0.9.10' ],
15 silly audit   'abort-controller': [ '3.0.0' ],
15 silly audit   accepts: [ '1.3.8' ],
15 silly audit   acorn: [ '8.16.0' ],
15 silly audit   'acorn-jsx': [ '5.3.2' ],
15 silly audit   'agent-base': [ '7.1.4' ],
15 silly audit   ajv: [ '6.15.0', '8.20.0' ],
15 silly audit   anser: [ '1.4.10' ],
15 silly audit   'ansi-escapes': [ '4.3.2' ],
15 silly audit   'type-fest': [ '0.21.3', '0.7.1' ],
15 silly audit   'ansi-regex': [ '5.0.1', '4.1.1' ],
15 silly audit   'any-promise': [ '1.3.0' ],
15 silly audit   anymatch: [ '3.1.3' ],
15 silly audit   arg: [ '5.0.2' ],
15 silly audit   'aria-hidden': [ '1.2.6' ],
15 silly audit   'array-buffer-byte-length': [ '1.0.2' ],
15 silly audit   'array-includes': [ '3.1.9' ],
15 silly audit   'array.prototype.findlast': [ '1.2.5' ],
15 silly audit   'array.prototype.findlastindex': [ '1.2.6' ],
15 silly audit   'array.prototype.flat': [ '1.3.3' ],
15 silly audit   'array.prototype.flatmap': [ '1.3.3' ],
15 silly audit   'array.prototype.tosorted': [ '1.1.4' ],
15 silly audit   'arraybuffer.prototype.slice': [ '1.0.4' ],
15 silly audit   asap: [ '2.0.6' ],
15 silly audit   assert: [ '2.1.0' ],
15 silly audit   'async-function': [ '1.0.0' ],
15 silly audit   'async-limiter': [ '1.0.1' ],
15 silly audit   asynckit: [ '0.4.0' ],
15 silly audit   'available-typed-arrays': [ '1.0.7' ],
15 silly audit   axios: [ '1.16.0' ],
15 silly audit   'babel-jest': [ '29.7.0' ],
15 silly audit   'babel-plugin-istanbul': [ '6.1.1' ],
15 silly audit   'babel-plugin-jest-hoist': [ '29.6.3' ],
15 silly audit   'babel-plugin-polyfill-corejs2': [ '0.4.17' ],
15 silly audit   'babel-plugin-polyfill-corejs3': [ '0.13.0' ],
15 silly audit   'babel-plugin-polyfill-regenerator': [ '0.6.8' ],
15 silly audit   'babel-plugin-react-compiler': [ '1.0.0' ],
15 silly audit   'babel-plugin-react-native-web': [ '0.21.2' ],
15 silly audit   'babel-plugin-syntax-hermes-parser': [ '0.29.1' ],
15 silly audit   'babel-plugin-transform-flow-enums': [ '0.0.2' ],
15 silly audit   'babel-preset-current-node-syntax': [ '1.2.0' ],
15 silly audit   'babel-preset-expo': [ '54.0.10' ],
15 silly audit   'babel-preset-jest': [ '29.6.3' ],
15 silly audit   badgin: [ '1.2.3' ],
15 silly audit   'base64-js': [ '1.5.1' ],
15 silly audit   'baseline-browser-mapping': [ '2.10.27' ],
15 silly audit   'better-opn': [ '3.0.2' ],
15 silly audit   open: [ '8.4.2', '7.4.2' ],
15 silly audit   'big-integer': [ '1.6.52' ],
15 silly audit   boolbase: [ '1.0.0' ],
15 silly audit   'bplist-creator': [ '0.1.0' ],
15 silly audit   'bplist-parser': [ '0.3.1' ],
15 silly audit   braces: [ '3.0.3' ],
15 silly audit   browserslist: [ '4.28.2' ],
15 silly audit   bser: [ '2.1.1' ],
15 silly audit   buffer: [ '5.7.1' ],
15 silly audit   'buffer-from': [ '1.1.2' ],
15 silly audit   bytes: [ '3.1.2' ],
15 silly audit   'cacheable-lookup': [ '5.0.4' ],
15 silly audit   'cacheable-request': [ '7.0.4' ],
15 silly audit   'call-bind': [ '1.0.9' ],
15 silly audit   'call-bind-apply-helpers': [ '1.0.2' ],
15 silly audit   'call-bound': [ '1.0.4' ],
15 silly audit   callsites: [ '3.1.0' ],
15 silly audit   'caniuse-lite': [ '1.0.30001791' ],
15 silly audit   chownr: [ '3.0.0' ],
15 silly audit   'chrome-launcher': [ '0.15.2' ],
15 silly audit   'chromium-edge-launcher': [ '0.2.0' ],
15 silly audit   'cli-cursor': [ '2.1.0' ],
15 silly audit   'cli-spinners': [ '2.9.2' ],
15 silly audit   'client-only': [ '0.0.1' ],
15 silly audit   cliui: [ '8.0.1' ],
15 silly audit   clone: [ '1.0.4' ],
15 silly audit   'clone-response': [ '1.0.3' ],
15 silly audit   color: [ '4.2.3' ],
15 silly audit   'color-string': [ '1.9.1' ],
15 silly audit   'combined-stream': [ '1.0.8' ],
15 silly audit   commander: [ '7.2.0', '12.1.0', '4.1.1', '2.20.3' ],
15 silly audit   compressible: [ '2.0.18' ],
15 silly audit   compression: [ '1.8.1' ],
15 silly audit   ms: [ '2.0.0', '2.1.3' ],
15 silly audit   negotiator: [ '0.6.4', '0.6.3' ],
15 silly audit   'concat-map': [ '0.0.1' ],
15 silly audit   connect: [ '3.7.0' ],
15 silly audit   'convert-source-map': [ '2.0.0' ],
15 silly audit   'core-js-compat': [ '3.49.0' ],
15 silly audit   'cross-fetch': [ '3.2.0' ],
15 silly audit   'cross-spawn': [ '7.0.6' ],
15 silly audit   'css-in-js-utils': [ '3.1.0' ],
15 silly audit   'css-select': [ '5.2.2' ],
15 silly audit   'css-tree': [ '1.1.3' ],
15 silly audit   'source-map': [ '0.6.1', '0.5.7' ],
15 silly audit   'css-what': [ '6.2.2' ],
15 silly audit   csstype: [ '3.2.3' ],
15 silly audit   'data-view-buffer': [ '1.0.2' ],
15 silly audit   'data-view-byte-length': [ '1.0.2' ],
15 silly audit   'data-view-byte-offset': [ '1.0.1' ],
15 silly audit   'decode-uri-component': [ '0.2.2' ],
15 silly audit   'decompress-response': [ '6.0.0' ],
15 silly audit   'mimic-response': [ '3.1.0', '1.0.1' ],
15 silly audit   'deep-extend': [ '0.6.0' ],
15 silly audit   'deep-is': [ '0.1.4' ],
15 silly audit   deepmerge: [ '4.3.1' ],
15 silly audit   defaults: [ '1.0.4' ],
15 silly audit   'defer-to-connect': [ '2.0.1' ],
15 silly audit   'define-data-property': [ '1.1.4' ],
15 silly audit   'define-lazy-prop': [ '2.0.0' ],
15 silly audit   'define-properties': [ '1.2.1' ],
15 silly audit   'delayed-stream': [ '1.0.0' ],
15 silly audit   depd: [ '2.0.0' ],
15 silly audit   destroy: [ '1.2.0' ],
15 silly audit   'detect-libc': [ '2.1.2' ],
15 silly audit   'detect-node-es': [ '1.1.0' ],
15 silly audit   doctrine: [ '2.1.0' ],
15 silly audit   'dom-serializer': [ '2.0.0' ],
15 silly audit   domelementtype: [ '2.3.0' ],
15 silly audit   domhandler: [ '5.0.3' ],
15 silly audit   domutils: [ '3.2.2' ],
15 silly audit   dotenv: [ '16.4.7' ],
15 silly audit   'dotenv-expand': [ '11.0.7' ],
15 silly audit   'dunder-proto': [ '1.0.1' ],
15 silly audit   'ee-first': [ '1.1.1' ],
15 silly audit   'electron-to-chromium': [ '1.5.349' ],
15 silly audit   'emoji-regex': [ '8.0.0' ],
15 silly audit   encodeurl: [ '1.0.2', '2.0.0' ],
15 silly audit   'end-of-stream': [ '1.4.5' ],
15 silly audit   entities: [ '4.5.0' ],
15 silly audit   'env-editor': [ '0.4.2' ],
15 silly audit   'error-stack-parser': [ '2.1.4' ],
15 silly audit   'es-abstract': [ '1.24.2' ],
15 silly audit   'es-define-property': [ '1.0.1' ],
15 silly audit   'es-errors': [ '1.3.0' ],
15 silly audit   'es-iterator-helpers': [ '1.3.2' ],
15 silly audit   'es-object-atoms': [ '1.1.1' ],
15 silly audit   'es-set-tostringtag': [ '2.1.0' ],
15 silly audit   'es-shim-unscopables': [ '1.1.0' ],
15 silly audit   'es-to-primitive': [ '1.3.0' ],
15 silly audit   escalade: [ '3.2.0' ],
15 silly audit   'escape-html': [ '1.0.3' ],
15 silly audit   eslint: [ '9.39.4' ],
15 silly audit   'eslint-config-expo': [ '10.0.0' ],
15 silly audit   globals: [ '16.5.0', '14.0.0' ],
15 silly audit   'eslint-import-resolver-node': [ '0.3.10' ],
15 silly audit   'eslint-import-resolver-typescript': [ '3.10.1' ],
15 silly audit   'eslint-module-utils': [ '2.12.1' ],
15 silly audit   'eslint-plugin-expo': [ '1.0.0' ],
15 silly audit   'eslint-plugin-import': [ '2.32.0' ],
15 silly audit   'eslint-plugin-react': [ '7.37.5' ],
15 silly audit   'eslint-plugin-react-hooks': [ '5.2.0' ],
15 silly audit   'eslint-scope': [ '8.4.0' ],
15 silly audit   espree: [ '10.4.0' ],
15 silly audit   esprima: [ '4.0.1' ],
15 silly audit   esquery: [ '1.7.0' ],
15 silly audit   esrecurse: [ '4.3.0' ],
15 silly audit   estraverse: [ '5.3.0' ],
15 silly audit   esutils: [ '2.0.3' ],
15 silly audit   etag: [ '1.8.1' ],
15 silly audit   'event-target-shim': [ '5.0.1' ],
15 silly audit   expo: [ '54.0.33' ],
15 silly audit   'expo-application': [ '7.0.8' ],
15 silly audit   'expo-asset': [ '12.0.13' ],
15 silly audit   'expo-build-properties': [ '1.0.10' ],
15 silly audit   'json-schema-traverse': [ '1.0.0', '0.4.1' ],
15 silly audit   'expo-constants': [ '18.0.13' ],
15 silly audit   'expo-dev-client': [ '6.0.21' ],
15 silly audit   'expo-dev-launcher': [ '6.0.21' ],
15 silly audit   'expo-dev-menu': [ '7.0.19' ],
15 silly audit   'expo-dev-menu-interface': [ '2.0.0' ],
15 silly audit   'expo-file-system': [ '19.0.22' ],
15 silly audit   'expo-font': [ '14.0.11' ],
15 silly audit   'expo-haptics': [ '15.0.8' ],
15 silly audit   'expo-image': [ '3.0.11' ],
15 silly audit   'expo-image-loader': [ '6.0.0' ],
15 silly audit   'expo-image-picker': [ '17.0.11' ],
15 silly audit   'expo-json-utils': [ '0.15.0' ],
15 silly audit   'expo-keep-awake': [ '15.0.8' ],
15 silly audit   'expo-linear-gradient': [ '15.0.8' ],
15 silly audit   'expo-linking': [ '8.0.12' ],
15 silly audit   'expo-location': [ '19.0.8' ],
15 silly audit   'expo-manifests': [ '1.0.11' ],
15 silly audit   'expo-modules-autolinking': [ '3.0.24' ],
15 silly audit   'expo-modules-core': [ '3.0.29' ],
15 silly audit   'expo-notifications': [ '0.32.17' ],
15 silly audit   'expo-router': [ '6.0.23' ],
15 silly audit   '@radix-ui/react-collection': [ '1.1.7' ],
15 silly audit   '@radix-ui/react-presence': [ '1.1.5' ],
15 silly audit   '@radix-ui/react-primitive': [ '2.1.3' ],
15 silly audit   '@radix-ui/react-roving-focus': [ '1.1.11' ],
15 silly audit   '@radix-ui/react-tabs': [ '1.1.13' ],
15 silly audit   'expo-server': [ '1.0.6' ],
15 silly audit   'expo-splash-screen': [ '31.0.13' ],
15 silly audit   'expo-status-bar': [ '3.0.9' ],
15 silly audit   'expo-symbols': [ '1.0.8' ],
15 silly audit   'expo-system-ui': [ '6.0.9' ],
15 silly audit   'expo-task-manager': [ '14.0.9' ],
15 silly audit   'expo-updates-interface': [ '2.0.0' ],
15 silly audit   'expo-web-browser': [ '15.0.11' ],
15 silly audit   'exponential-backoff': [ '3.1.3' ],
15 silly audit   'fast-deep-equal': [ '3.1.3' ],
15 silly audit   'fast-json-stable-stringify': [ '2.1.0' ],
15 silly audit   'fast-levenshtein': [ '2.0.6' ],
15 silly audit   'fast-uri': [ '3.1.0' ],
15 silly audit   'faye-websocket': [ '0.11.4' ],
15 silly audit   'fb-watchman': [ '2.0.2' ],
15 silly audit   fbjs: [ '3.0.5' ],
15 silly audit   'fbjs-css-vars': [ '1.0.2' ],
15 silly audit   promise: [ '7.3.1', '8.3.0' ],
15 silly audit   fdir: [ '6.5.0' ],
15 silly audit   'file-entry-cache': [ '8.0.0' ],
15 silly audit   'fill-range': [ '7.1.1' ],
15 silly audit   'filter-obj': [ '1.1.0' ],
15 silly audit   finalhandler: [ '1.1.2' ],
15 silly audit   firebase: [ '12.12.1' ],
15 silly audit   'flat-cache': [ '4.0.1' ],
15 silly audit   flatted: [ '3.4.2' ],
15 silly audit   'flow-enums-runtime': [ '0.0.6' ],
15 silly audit   'follow-redirects': [ '1.16.0' ],
15 silly audit   fontfaceobserver: [ '2.3.0' ],
15 silly audit   'for-each': [ '0.3.5' ],
15 silly audit   'form-data': [ '4.0.5' ],
15 silly audit   'freeport-async': [ '2.0.0' ],
15 silly audit   fresh: [ '0.5.2' ],
15 silly audit   'fs.realpath': [ '1.0.0' ],
15 silly audit   'function-bind': [ '1.1.2' ],
15 silly audit   'function.prototype.name': [ '1.1.8' ],
15 silly audit   'functions-have-names': [ '1.2.3' ],
15 silly audit   'generator-function': [ '2.0.1' ],
15 silly audit   gensync: [ '1.0.0-beta.2' ],
15 silly audit   'get-caller-file': [ '2.0.5' ],
15 silly audit   'get-intrinsic': [ '1.3.0' ],
15 silly audit   'get-nonce': [ '1.0.1' ],
15 silly audit   'get-package-type': [ '0.1.0' ],
15 silly audit   'get-proto': [ '1.0.1' ],
15 silly audit   'get-stream': [ '5.2.0' ],
15 silly audit   'get-symbol-description': [ '1.1.0' ],
15 silly audit   'get-tsconfig': [ '4.14.0' ],
15 silly audit   getenv: [ '2.0.0' ],
15 silly audit   'glob-parent': [ '6.0.2' ],
15 silly audit   globalthis: [ '1.0.4' ],
15 silly audit   gopd: [ '1.2.0' ],
15 silly audit   got: [ '11.8.6' ],
15 silly audit   'graceful-fs': [ '4.2.11' ],
15 silly audit   'has-bigints': [ '1.1.0' ],
15 silly audit   'has-property-descriptors': [ '1.0.2' ],
15 silly audit   'has-proto': [ '1.2.0' ],
15 silly audit   'has-symbols': [ '1.1.0' ],
15 silly audit   'has-tostringtag': [ '1.0.2' ],
15 silly audit   hasown: [ '2.0.3' ],
15 silly audit   'hermes-estree': [ '0.29.1', '0.32.0' ],
15 silly audit   'hermes-parser': [ '0.29.1', '0.32.0' ],
15 silly audit   'hoist-non-react-statics': [ '3.3.2' ],
15 silly audit   'react-is': [ '16.13.1', '18.3.1', '19.2.5' ],
15 silly audit   'hosted-git-info': [ '7.0.2' ],
15 silly audit   'lru-cache': [ '10.4.3', '5.1.1', '11.3.5' ],
15 silly audit   'http-cache-semantics': [ '4.2.0' ],
15 silly audit   'http-errors': [ '2.0.1' ],
15 silly audit   statuses: [ '2.0.2', '1.5.0' ],
15 silly audit   'http-parser-js': [ '0.5.10' ],
15 silly audit   'http2-wrapper': [ '1.0.3' ],
15 silly audit   'https-proxy-agent': [ '7.0.6' ],
15 silly audit   'hyphenate-style-name': [ '1.1.0' ],
15 silly audit   idb: [ '7.1.1' ],
15 silly audit   ieee754: [ '1.2.1' ],
15 silly audit   'image-size': [ '1.2.1' ],
15 silly audit   'import-fresh': [ '3.3.1' ],
15 silly audit   'resolve-from': [ '4.0.0', '5.0.0' ],
15 silly audit   imurmurhash: [ '0.1.4' ],
15 silly audit   inflight: [ '1.0.6' ],
15 silly audit   inherits: [ '2.0.4' ],
15 silly audit   ini: [ '1.3.8' ],
15 silly audit   'inline-style-prefixer': [ '7.0.1' ],
15 silly audit   'internal-slot': [ '1.1.0' ],
15 silly audit   invariant: [ '2.2.4' ],
15 silly audit   'is-arguments': [ '1.2.0' ],
15 silly audit   'is-array-buffer': [ '3.0.5' ],
15 silly audit   'is-arrayish': [ '0.3.4' ],
15 silly audit   'is-async-function': [ '2.1.1' ],
15 silly audit   'is-bigint': [ '1.1.0' ],
15 silly audit   'is-boolean-object': [ '1.2.2' ],
15 silly audit   'is-bun-module': [ '2.0.0' ],
15 silly audit   'is-callable': [ '1.2.7' ],
15 silly audit   'is-core-module': [ '2.16.1' ],
15 silly audit   'is-data-view': [ '1.0.2' ],
15 silly audit   'is-date-object': [ '1.1.0' ],
15 silly audit   'is-docker': [ '2.2.1' ],
15 silly audit   'is-extglob': [ '2.1.1' ],
15 silly audit   'is-finalizationregistry': [ '1.1.1' ],
15 silly audit   'is-fullwidth-code-point': [ '3.0.0' ],
15 silly audit   'is-generator-function': [ '1.1.2' ],
15 silly audit   'is-glob': [ '4.0.3' ],
15 silly audit   'is-map': [ '2.0.3' ],
15 silly audit   'is-nan': [ '1.3.2' ],
15 silly audit   'is-negative-zero': [ '2.0.3' ],
15 silly audit   'is-number': [ '7.0.0' ],
15 silly audit   'is-number-object': [ '1.1.1' ],
15 silly audit   'is-plain-obj': [ '2.1.0' ],
15 silly audit   'is-regex': [ '1.2.1' ],
15 silly audit   'is-set': [ '2.0.3' ],
15 silly audit   'is-shared-array-buffer': [ '1.0.4' ],
15 silly audit   'is-string': [ '1.1.1' ],
15 silly audit   'is-symbol': [ '1.1.1' ],
15 silly audit   'is-typed-array': [ '1.1.15' ],
15 silly audit   'is-weakmap': [ '2.0.2' ],
15 silly audit   'is-weakref': [ '1.1.1' ],
15 silly audit   'is-weakset': [ '2.0.4' ],
15 silly audit   'is-wsl': [ '2.2.0' ],
15 silly audit   isarray: [ '2.0.5' ],
15 silly audit   isexe: [ '2.0.0' ],
15 silly audit   'istanbul-lib-coverage': [ '3.2.2' ],
15 silly audit   'istanbul-lib-instrument': [ '5.2.1' ],
15 silly audit   'iterator.prototype': [ '1.1.5' ],
15 silly audit   'jest-environment-node': [ '29.7.0' ],
15 silly audit   'jest-get-type': [ '29.6.3' ],
15 silly audit   'jest-haste-map': [ '29.7.0' ],
15 silly audit   'jest-message-util': [ '29.7.0' ],
15 silly audit   'jest-mock': [ '29.7.0' ],
15 silly audit   'jest-regex-util': [ '29.6.3' ],
15 silly audit   'jest-util': [ '29.7.0' ],
15 silly audit   'jest-validate': [ '29.7.0' ],
15 silly audit   'jest-worker': [ '29.7.0' ],
15 silly audit   'jimp-compact': [ '0.16.1' ],
15 silly audit   'js-tokens': [ '4.0.0' ],
15 silly audit   'jsc-safe-url': [ '0.2.4' ],
15 silly audit   jsesc: [ '3.1.0' ],
15 silly audit   'json-buffer': [ '3.0.1' ],
15 silly audit   'json-stable-stringify-without-jsonify': [ '1.0.1' ],
15 silly audit   json5: [ '2.2.3', '1.0.2' ],
15 silly audit   'jsx-ast-utils': [ '3.3.5' ],
15 silly audit   keyv: [ '4.5.4' ],
15 silly audit   kleur: [ '3.0.3' ],
15 silly audit   'lan-network': [ '0.1.7' ],
15 silly audit   leven: [ '3.1.0' ],
15 silly audit   levn: [ '0.4.1' ],
15 silly audit   'lighthouse-logger': [ '1.4.2' ],
15 silly audit   lightningcss: [ '1.32.0' ],
15 silly audit   'lightningcss-android-arm64': [ '1.32.0' ],
15 silly audit   'lightningcss-darwin-arm64': [ '1.32.0' ],
15 silly audit   'lightningcss-darwin-x64': [ '1.32.0' ],
15 silly audit   'lightningcss-freebsd-x64': [ '1.32.0' ],
15 silly audit   'lightningcss-linux-arm-gnueabihf': [ '1.32.0' ],
15 silly audit   'lightningcss-linux-arm64-gnu': [ '1.32.0' ],
15 silly audit   'lightningcss-linux-arm64-musl': [ '1.32.0' ],
15 silly audit   'lightningcss-linux-x64-gnu': [ '1.32.0' ],
15 silly audit   'lightningcss-linux-x64-musl': [ '1.32.0' ],
15 silly audit   'lightningcss-win32-arm64-msvc': [ '1.32.0' ],
15 silly audit   'lightningcss-win32-x64-msvc': [ '1.32.0' ],
15 silly audit   'lines-and-columns': [ '1.2.4' ],
15 silly audit   'lodash.camelcase': [ '4.3.0' ],
15 silly audit   'lodash.debounce': [ '4.0.8' ],
15 silly audit   'lodash.isequal': [ '4.5.0' ],
15 silly audit   'lodash.merge': [ '4.6.2' ],
15 silly audit   'lodash.throttle': [ '4.1.1' ],
15 silly audit   'log-symbols': [ '2.2.0' ],
15 silly audit   long: [ '5.3.2' ],
15 silly audit   'loose-envify': [ '1.4.0' ],
15 silly audit   'lowercase-keys': [ '2.0.0' ],
15 silly audit   'lucide-react-native': [ '1.14.0' ],
15 silly audit   makeerror: [ '1.0.12' ],
15 silly audit   marky: [ '1.3.0' ],
15 silly audit   'math-intrinsics': [ '1.1.0' ],
15 silly audit   'mdn-data': [ '2.0.14' ],
15 silly audit   'memoize-one': [ '5.2.1', '6.0.0' ],
15 silly audit   'merge-options': [ '3.0.4' ],
15 silly audit   'merge-stream': [ '2.0.0' ],
15 silly audit   metro: [ '0.83.3' ],
15 silly audit   'metro-babel-transformer': [ '0.83.3' ],
15 silly audit   'metro-cache': [ '0.83.3' ],
15 silly audit   'metro-cache-key': [ '0.83.3' ],
15 silly audit   'metro-config': [ '0.83.3' ],
15 silly audit   yaml: [ '2.8.4', '1.10.3' ],
15 silly audit   'metro-core': [ '0.83.3' ],
15 silly audit   'metro-file-map': [ '0.83.3' ],
15 silly audit   'metro-minify-terser': [ '0.83.3' ],
15 silly audit   'metro-resolver': [ '0.83.3' ],
15 silly audit   'metro-runtime': [ '0.83.3' ],
15 silly audit   'metro-source-map': [ '0.83.3' ],
15 silly audit   'metro-symbolicate': [ '0.83.3' ],
15 silly audit   'metro-transform-plugins': [ '0.83.3' ],
15 silly audit   'metro-transform-worker': [ '0.83.3' ],
15 silly audit   micromatch: [ '4.0.8' ],
15 silly audit   mime: [ '1.6.0' ],
15 silly audit   'mime-db': [ '1.52.0' ],
15 silly audit   'mime-types': [ '2.1.35' ],
15 silly audit   'mimic-fn': [ '1.2.0' ],
15 silly audit   minimist: [ '1.2.8' ],
15 silly audit   minipass: [ '7.1.3' ],
15 silly audit   minizlib: [ '3.1.0' ],
15 silly audit   mkdirp: [ '1.0.4' ],
15 silly audit   mz: [ '2.7.0' ],
15 silly audit   nanoid: [ '3.3.12' ],
15 silly audit   'napi-postinstall': [ '0.3.4' ],
15 silly audit   'natural-compare': [ '1.4.0' ],
15 silly audit   'nested-error-stacks': [ '2.0.1' ],
15 silly audit   'node-exports-info': [ '1.6.0' ],
15 silly audit   'node-fetch': [ '2.7.0' ],
15 silly audit   'node-forge': [ '1.4.0' ],
15 silly audit   'node-int64': [ '0.4.0' ],
15 silly audit   'node-releases': [ '2.0.38' ],
15 silly audit   'normalize-path': [ '3.0.0' ],
15 silly audit   'normalize-url': [ '6.1.0' ],
15 silly audit   'npm-package-arg': [ '11.0.3' ],
15 silly audit   'nth-check': [ '2.1.1' ],
15 silly audit   nullthrows: [ '1.1.1' ],
15 silly audit   ob1: [ '0.83.3' ],
15 silly audit   'object-assign': [ '4.1.1' ],
15 silly audit   'object-inspect': [ '1.13.4' ],
15 silly audit   'object-is': [ '1.1.6' ],
15 silly audit   'object-keys': [ '1.1.1' ],
15 silly audit   'object.assign': [ '4.1.7' ],
15 silly audit   'object.entries': [ '1.1.9' ],
15 silly audit   'object.fromentries': [ '2.0.8' ],
15 silly audit   'object.groupby': [ '1.0.3' ],
15 silly audit   'object.values': [ '1.2.1' ],
15 silly audit   'on-finished': [ '2.3.0', '2.4.1' ],
15 silly audit   'on-headers': [ '1.1.0' ],
15 silly audit   once: [ '1.4.0' ],
15 silly audit   onetime: [ '2.0.1' ],
15 silly audit   optionator: [ '0.9.4' ],
15 silly audit   ora: [ '3.4.0' ],
15 silly audit   'strip-ansi': [ '5.2.0', '6.0.1' ],
15 silly audit   'own-keys': [ '1.0.1' ],
15 silly audit   'p-cancelable': [ '2.1.1' ],
15 silly audit   'p-try': [ '2.2.0' ],
15 silly audit   'parent-module': [ '1.0.1' ],
15 silly audit   'parse-png': [ '2.1.0' ],
15 silly audit   parseurl: [ '1.3.3' ],
15 silly audit   'path-exists': [ '4.0.0' ],
15 silly audit   'path-is-absolute': [ '1.0.1' ],
15 silly audit   'path-key': [ '3.1.1' ],
15 silly audit   'path-parse': [ '1.0.7' ],
15 silly audit   'path-scurry': [ '2.0.2' ],
15 silly audit   picocolors: [ '1.1.1' ],
15 silly audit   pirates: [ '4.0.7' ],
15 silly audit   plist: [ '3.1.1' ],
15 silly audit   pngjs: [ '3.4.0' ],
15 silly audit   'possible-typed-array-names': [ '1.1.0' ],
15 silly audit   postcss: [ '8.4.49' ],
15 silly audit   'postcss-value-parser': [ '4.2.0' ],
15 silly audit   'prelude-ls': [ '1.2.1' ],
15 silly audit   'pretty-bytes': [ '5.6.0' ],
15 silly audit   'pretty-format': [ '29.7.0' ],
15 silly audit   'proc-log': [ '4.2.0' ],
15 silly audit   progress: [ '2.0.3' ],
15 silly audit   prompts: [ '2.4.2' ],
15 silly audit   'prop-types': [ '15.8.1' ],
15 silly audit   protobufjs: [ '7.5.6' ],
15 silly audit   'proxy-from-env': [ '2.1.0' ],
15 silly audit   pump: [ '3.0.4' ],
15 silly audit   punycode: [ '2.3.1' ],
15 silly audit   'qrcode-terminal': [ '0.11.0' ],
15 silly audit   qs: [ '6.15.1' ],
15 silly audit   'query-string': [ '7.1.3' ],
15 silly audit   queue: [ '6.0.2' ],
15 silly audit   'quick-lru': [ '5.1.1' ],
15 silly audit   'range-parser': [ '1.2.1' ],
15 silly audit   rc: [ '1.2.8' ],
15 silly audit   'strip-json-comments': [ '2.0.1', '3.1.1' ],
15 silly audit   react: [ '19.1.0' ],
15 silly audit   'react-devtools-core': [ '6.1.5' ],
15 silly audit   'react-dom': [ '19.1.0' ],
15 silly audit   'react-fast-compare': [ '3.2.2' ],
15 silly audit   'react-freeze': [ '1.0.4' ],
15 silly audit   'react-native': [ '0.81.5' ],
15 silly audit   'react-native-gesture-handler': [ '2.28.0' ],
15 silly audit   'react-native-google-places-autocomplete': [ '2.6.4' ],
15 silly audit   'react-native-is-edge-to-edge': [ '1.3.1' ],
15 silly audit   'react-native-maps': [ '1.20.1' ],
15 silly audit   'react-native-maps-directions': [ '1.9.0' ],
15 silly audit   'react-native-reanimated': [ '4.1.7' ],
15 silly audit   'react-native-safe-area-context': [ '5.6.2' ],
15 silly audit   'react-native-screens': [ '4.16.0' ],
15 silly audit   'react-native-svg': [ '15.12.1' ],
15 silly audit   'react-native-uuid': [ '2.0.4' ],
15 silly audit   'react-native-web': [ '0.21.2' ],
15 silly audit   'react-native-worklets': [ '0.5.1' ],
15 silly audit   '@react-native/virtualized-lists': [ '0.81.5' ],
15 silly audit   'react-refresh': [ '0.14.2' ],
15 silly audit   'react-remove-scroll': [ '2.7.2' ],
15 silly audit   'react-remove-scroll-bar': [ '2.3.8' ],
15 silly audit   'react-style-singleton': [ '2.2.3' ],
15 silly audit   'reflect.getprototypeof': [ '1.0.10' ],
15 silly audit   regenerate: [ '1.4.2' ],
15 silly audit   'regenerate-unicode-properties': [ '10.2.2' ],
15 silly audit   'regenerator-runtime': [ '0.13.11' ],
15 silly audit   'regexp.prototype.flags': [ '1.5.4' ],
15 silly audit   'regexpu-core': [ '6.4.0' ],
15 silly audit   regjsgen: [ '0.8.0' ],
15 silly audit   regjsparser: [ '0.13.1' ],
15 silly audit   'require-directory': [ '2.1.1' ],
15 silly audit   'require-from-string': [ '2.0.2' ],
15 silly audit   requireg: [ '0.2.2' ],
15 silly audit   'resolve-alpn': [ '1.2.1' ],
15 silly audit   'resolve-pkg-maps': [ '1.0.0' ],
15 silly audit   'resolve-workspace-root': [ '2.0.1' ],
15 silly audit   'resolve.exports': [ '2.0.3' ],
15 silly audit   responselike: [ '2.0.1' ],
15 silly audit   'restore-cursor': [ '2.0.0' ],
15 silly audit   rimraf: [ '3.0.2' ],
15 silly audit   'safe-array-concat': [ '1.1.4' ],
15 silly audit   'safe-buffer': [ '5.2.1' ],
15 silly audit   'safe-push-apply': [ '1.0.0' ],
15 silly audit   'safe-regex-test': [ '1.1.0' ],
15 silly audit   sax: [ '1.6.0' ],
15 silly audit   scheduler: [ '0.26.0' ],
15 silly audit   send: [ '0.19.2' ],
15 silly audit   'serialize-error': [ '2.1.0' ],
15 silly audit   'serve-static': [ '1.16.3' ],
15 silly audit   'server-only': [ '0.0.1' ],
15 silly audit   'set-function-length': [ '1.2.2' ],
15 silly audit   'set-function-name': [ '2.0.2' ],
15 silly audit   'set-proto': [ '1.0.0' ],
15 silly audit   setimmediate: [ '1.0.5' ],
15 silly audit   setprototypeof: [ '1.2.0' ],
15 silly audit   'sf-symbols-typescript': [ '2.2.0' ],
15 silly audit   shallowequal: [ '1.1.0' ],
15 silly audit   'shebang-command': [ '2.0.0' ],
15 silly audit   'shebang-regex': [ '3.0.0' ],
15 silly audit   'shell-quote': [ '1.8.3' ],
15 silly audit   'side-channel': [ '1.1.0' ],
15 silly audit   'side-channel-list': [ '1.0.1' ],
15 silly audit   'side-channel-map': [ '1.0.1' ],
15 silly audit   'side-channel-weakmap': [ '1.0.2' ],
15 silly audit   'signal-exit': [ '3.0.7' ],
15 silly audit   'simple-plist': [ '1.3.1' ],
15 silly audit   'simple-swizzle': [ '0.2.4' ],
15 silly audit   sisteransi: [ '1.0.5' ],
15 silly audit   slash: [ '3.0.0' ],
15 silly audit   slugify: [ '1.6.9' ],
15 silly audit   'source-map-js': [ '1.2.1' ],
15 silly audit   'source-map-support': [ '0.5.21' ],
15 silly audit   'split-on-first': [ '1.1.0' ],
15 silly audit   'sprintf-js': [ '1.0.3' ],
15 silly audit   'stable-hash': [ '0.0.5' ],
15 silly audit   'stack-utils': [ '2.0.6' ],
15 silly audit   stackframe: [ '1.3.4' ],
15 silly audit   'stacktrace-parser': [ '0.1.11' ],
15 silly audit   'stop-iteration-iterator': [ '1.1.0' ],
15 silly audit   'stream-buffers': [ '2.2.0' ],
15 silly audit   'strict-uri-encode': [ '2.0.0' ],
15 silly audit   'string-width': [ '4.2.3' ],
15 silly audit   'string.prototype.matchall': [ '4.0.12' ],
15 silly audit   'string.prototype.repeat': [ '1.0.0' ],
15 silly audit   'string.prototype.trim': [ '1.2.10' ],
15 silly audit   'string.prototype.trimend': [ '1.0.9' ],
15 silly audit   'string.prototype.trimstart': [ '1.0.8' ],
15 silly audit   'strip-bom': [ '3.0.0' ],
15 silly audit   'structured-headers': [ '0.4.1' ],
15 silly audit   styleq: [ '0.1.3' ],
15 silly audit   sucrase: [ '3.35.1' ],
15 silly audit   'supports-hyperlinks': [ '2.3.0' ],
15 silly audit   'supports-preserve-symlinks-flag': [ '1.0.0' ],
15 silly audit   tar: [ '7.5.13' ],
15 silly audit   yallist: [ '5.0.0', '3.1.1' ],
15 silly audit   'terminal-link': [ '2.1.1' ],
15 silly audit   terser: [ '5.46.2' ],
15 silly audit   'test-exclude': [ '6.0.0' ],
15 silly audit   thenify: [ '3.3.1' ],
15 silly audit   'thenify-all': [ '1.6.0' ],
15 silly audit   throat: [ '5.0.0' ],
15 silly audit   tinyglobby: [ '0.2.16' ],
15 silly audit   tmpl: [ '1.0.5' ],
15 silly audit   'to-regex-range': [ '5.0.1' ],
15 silly audit   toidentifier: [ '1.0.1' ],
15 silly audit   tr46: [ '0.0.3' ],
15 silly audit   'ts-api-utils': [ '2.5.0' ],
15 silly audit   'ts-interface-checker': [ '0.1.13' ],
15 silly audit   'tsconfig-paths': [ '3.15.0' ],
15 silly audit   tslib: [ '2.8.1' ],
15 silly audit   'type-check': [ '0.4.0' ],
15 silly audit   'type-detect': [ '4.0.8' ],
15 silly audit   'typed-array-buffer': [ '1.0.3' ],
15 silly audit   'typed-array-byte-length': [ '1.0.3' ],
15 silly audit   'typed-array-byte-offset': [ '1.0.4' ],
15 silly audit   'typed-array-length': [ '1.0.7' ],
15 silly audit   typescript: [ '5.9.3' ],
15 silly audit   'ua-parser-js': [ '1.0.41' ],
15 silly audit   'unbox-primitive': [ '1.1.0' ],
15 silly audit   undici: [ '6.25.0' ],
15 silly audit   'undici-types': [ '7.19.2' ],
15 silly audit   'unicode-canonical-property-names-ecmascript': [ '2.0.1' ],
15 silly audit   'unicode-match-property-ecmascript': [ '2.0.0' ],
15 silly audit   'unicode-match-property-value-ecmascript': [ '2.2.1' ],
15 silly audit   'unicode-property-aliases-ecmascript': [ '2.2.0' ],
15 silly audit   'unimodules-app-loader': [ '6.0.8' ],
15 silly audit   unpipe: [ '1.0.0' ],
15 silly audit   'unrs-resolver': [ '1.11.1' ],
15 silly audit   'update-browserslist-db': [ '1.2.3' ],
15 silly audit   'uri-js': [ '4.4.1' ],
15 silly audit   'use-callback-ref': [ '1.3.3' ],
15 silly audit   'use-latest-callback': [ '0.2.6' ],
15 silly audit   'use-sidecar': [ '1.1.3' ],
15 silly audit   'use-sync-external-store': [ '1.6.0' ],
15 silly audit   util: [ '0.12.5' ],
15 silly audit   'utils-merge': [ '1.0.1' ],
15 silly audit   uuid: [ '3.4.0', '7.0.3' ],
15 silly audit   'validate-npm-package-name': [ '5.0.1' ],
15 silly audit   vary: [ '1.1.2' ],
15 silly audit   vaul: [ '1.1.2' ],
15 silly audit   '@radix-ui/react-dialog': [ '1.1.15' ],
15 silly audit   '@radix-ui/react-dismissable-layer': [ '1.1.11' ],
15 silly audit   '@radix-ui/react-focus-scope': [ '1.1.7' ],
15 silly audit   '@radix-ui/react-portal': [ '1.1.9' ],
15 silly audit   vlq: [ '1.0.1' ],
15 silly audit   walker: [ '1.0.8' ],
15 silly audit   'warn-once': [ '0.1.1' ],
15 silly audit   wcwidth: [ '1.0.1' ],
15 silly audit   'web-vitals': [ '4.2.4' ],
15 silly audit   'webidl-conversions': [ '3.0.1', '5.0.0' ],
15 silly audit   'websocket-driver': [ '0.7.4' ],
15 silly audit   'websocket-extensions': [ '0.1.4' ],
15 silly audit   'whatwg-fetch': [ '3.6.20' ],
15 silly audit   'whatwg-url': [ '5.0.0' ],
15 silly audit   'whatwg-url-without-unicode': [ '8.0.0-3' ],
15 silly audit   which: [ '2.0.2' ],
15 silly audit   'which-boxed-primitive': [ '1.1.1' ],
15 silly audit   'which-builtin-type': [ '1.2.1' ],
15 silly audit   'which-collection': [ '1.0.2' ],
15 silly audit   'which-typed-array': [ '1.1.20' ],
15 silly audit   wonka: [ '6.3.6' ],
15 silly audit   'word-wrap': [ '1.2.5' ],
15 silly audit   'wrap-ansi': [ '7.0.0' ],
15 silly audit   wrappy: [ '1.0.2' ],
15 silly audit   'write-file-atomic': [ '4.0.2' ],
15 silly audit   xcode: [ '3.0.1' ],
15 silly audit   xml2js: [ '0.6.0' ],
15 silly audit   xmlbuilder: [ '11.0.1', '15.1.1' ],
15 silly audit   y18n: [ '5.0.8' ],
15 silly audit   yargs: [ '17.7.2' ],
15 silly audit   'yargs-parser': [ '21.1.1' ],
15 silly audit   'yocto-queue': [ '0.1.0' ]
15 silly audit }
16 verbose reify failed optional dependency /Users/mac/Desktop/WashAlert-Final-main/mobile/node_modules/lightningcss-win32-x64-msvc
17 silly reify mark deleted [
17 silly reify   '/Users/mac/Desktop/WashAlert-Final-main/mobile/node_modules/lightningcss-win32-x64-msvc'
17 silly reify ]
18 verbose reify failed optional dependency /Users/mac/Desktop/WashAlert-Final-main/mobile/node_modules/lightningcss-win32-arm64-msvc
19 silly reify mark deleted [
19 silly reify   '/Users/mac/Desktop/WashAlert-Final-main/mobile/node_modules/lightningcss-win32-arm64-msvc'
19 silly reify ]
20 verbose reify failed optional dependency /Users/mac/Desktop/WashAlert-Final-main/mobile/node_modules/lightningcss-linux-x64-musl
21 silly reify mark deleted [
21 silly reify   '/Users/mac/Desktop/WashAlert-Final-main/mobile/node_modules/lightningcss-linux-x64-musl'
21 silly reify ]
22 verbose reify failed optional dependency /Users/mac/Desktop/WashAlert-Final-main/mobile/node_modules/lightningcss-linux-x64-gnu
23 silly reify mark deleted [
23 silly reify   '/Users/mac/Desktop/WashAlert-Final-main/mobile/node_modules/lightningcss-linux-x64-gnu'
23 silly reify ]
24 verbose reify failed optional dependency /Users/mac/Desktop/WashAlert-Final-main/mobile/node_modules/lightningcss-linux-arm64-musl
25 silly reify mark deleted [
25 silly reify   '/Users/mac/Desktop/WashAlert-Final-main/mobile/node_modules/lightningcss-linux-arm64-musl'
25 silly reify ]
26 verbose reify failed optional dependency /Users/mac/Desktop/WashAlert-Final-main/mobile/node_modules/lightningcss-linux-arm64-gnu
27 silly reify mark deleted [
27 silly reify   '/Users/mac/Desktop/WashAlert-Final-main/mobile/node_modules/lightningcss-linux-arm64-gnu'
27 silly reify ]
28 verbose reify failed optional dependency /Users/mac/Desktop/WashAlert-Final-main/mobile/node_modules/lightningcss-linux-arm-gnueabihf
29 silly reify mark deleted [
29 silly reify   '/Users/mac/Desktop/WashAlert-Final-main/mobile/node_modules/lightningcss-linux-arm-gnueabihf'
29 silly reify ]
30 verbose reify failed optional dependency /Users/mac/Desktop/WashAlert-Final-main/mobile/node_modules/lightningcss-freebsd-x64
31 silly reify mark deleted [
31 silly reify   '/Users/mac/Desktop/WashAlert-Final-main/mobile/node_modules/lightningcss-freebsd-x64'
31 silly reify ]
32 verbose reify failed optional dependency /Users/mac/Desktop/WashAlert-Final-main/mobile/node_modules/lightningcss-darwin-x64
33 silly reify mark deleted [
33 silly reify   '/Users/mac/Desktop/WashAlert-Final-main/mobile/node_modules/lightningcss-darwin-x64'
33 silly reify ]
34 verbose reify failed optional dependency /Users/mac/Desktop/WashAlert-Final-main/mobile/node_modules/lightningcss-android-arm64
35 silly reify mark deleted [
35 silly reify   '/Users/mac/Desktop/WashAlert-Final-main/mobile/node_modules/lightningcss-android-arm64'
35 silly reify ]
36 silly packumentCache corgi:https://registry.npmjs.org/yocto-queue cache-miss
37 silly packumentCache corgi:https://registry.npmjs.org/yaml cache-miss
38 silly packumentCache corgi:https://registry.npmjs.org/yallist cache-miss
39 silly packumentCache corgi:https://registry.npmjs.org/y18n cache-miss
40 silly packumentCache corgi:https://registry.npmjs.org/yargs-parser cache-miss
41 silly packumentCache corgi:https://registry.npmjs.org/xml2js cache-miss
42 silly packumentCache corgi:https://registry.npmjs.org/yargs cache-miss
43 silly packumentCache corgi:https://registry.npmjs.org/xmlbuilder cache-miss
44 silly packumentCache corgi:https://registry.npmjs.org/write-file-atomic cache-miss
45 silly packumentCache corgi:https://registry.npmjs.org/ws cache-miss
46 silly packumentCache corgi:https://registry.npmjs.org/xcode cache-miss
47 silly packumentCache corgi:https://registry.npmjs.org/wrap-ansi cache-miss
48 silly packumentCache corgi:https://registry.npmjs.org/wrappy cache-miss
49 silly packumentCache corgi:https://registry.npmjs.org/which-builtin-type cache-miss
50 silly packumentCache corgi:https://registry.npmjs.org/word-wrap cache-miss
51 silly packumentCache corgi:https://registry.npmjs.org/which-typed-array cache-miss
52 silly packumentCache corgi:https://registry.npmjs.org/whatwg-url-without-unicode cache-miss
53 silly packumentCache corgi:https://registry.npmjs.org/which cache-miss
54 silly packumentCache corgi:https://registry.npmjs.org/which-collection cache-miss
55 silly packumentCache corgi:https://registry.npmjs.org/whatwg-url cache-miss
56 silly packumentCache corgi:https://registry.npmjs.org/websocket-extensions cache-miss
57 silly packumentCache corgi:https://registry.npmjs.org/which-boxed-primitive cache-miss
58 silly packumentCache corgi:https://registry.npmjs.org/warn-once cache-miss
59 silly packumentCache corgi:https://registry.npmjs.org/web-vitals cache-miss
60 silly packumentCache corgi:https://registry.npmjs.org/webidl-conversions cache-miss
61 silly packumentCache corgi:https://registry.npmjs.org/vlq cache-miss
62 silly packumentCache corgi:https://registry.npmjs.org/whatwg-fetch cache-miss
63 silly packumentCache corgi:https://registry.npmjs.org/uuid cache-miss
64 silly packumentCache corgi:https://registry.npmjs.org/walker cache-miss
65 silly packumentCache corgi:https://registry.npmjs.org/vaul cache-miss
66 silly packumentCache corgi:https://registry.npmjs.org/util cache-miss
67 silly packumentCache corgi:https://registry.npmjs.org/use-latest-callback cache-miss
68 silly packumentCache corgi:https://registry.npmjs.org/use-callback-ref cache-miss
69 silly packumentCache corgi:https://registry.npmjs.org/utils-merge cache-miss
70 silly packumentCache corgi:https://registry.npmjs.org/uri-js cache-miss
71 silly packumentCache corgi:https://registry.npmjs.org/update-browserslist-db cache-miss
72 silly packumentCache corgi:https://registry.npmjs.org/websocket-driver cache-miss
73 silly packumentCache corgi:https://registry.npmjs.org/use-sidecar cache-miss
74 silly packumentCache corgi:https://registry.npmjs.org/unrs-resolver cache-miss
75 silly packumentCache corgi:https://registry.npmjs.org/unpipe cache-miss
76 silly packumentCache corgi:https://registry.npmjs.org/use-sync-external-store cache-miss
77 silly packumentCache corgi:https://registry.npmjs.org/unimodules-app-loader cache-miss
78 silly packumentCache corgi:https://registry.npmjs.org/unicode-canonical-property-names-ecmascript cache-miss
79 silly packumentCache corgi:https://registry.npmjs.org/unicode-match-property-value-ecmascript cache-miss
80 silly packumentCache corgi:https://registry.npmjs.org/undici-types cache-miss
81 silly packumentCache corgi:https://registry.npmjs.org/unicode-property-aliases-ecmascript cache-miss
82 silly packumentCache corgi:https://registry.npmjs.org/typescript cache-miss
83 silly packumentCache corgi:https://registry.npmjs.org/typed-array-buffer cache-miss
84 silly packumentCache corgi:https://registry.npmjs.org/unbox-primitive cache-miss
85 silly packumentCache corgi:https://registry.npmjs.org/typed-array-byte-length cache-miss
86 silly packumentCache corgi:https://registry.npmjs.org/ua-parser-js cache-miss
87 silly packumentCache corgi:https://registry.npmjs.org/typed-array-length cache-miss
88 silly packumentCache corgi:https://registry.npmjs.org/ts-api-utils cache-miss
89 silly packumentCache corgi:https://registry.npmjs.org/type-detect cache-miss
90 silly packumentCache corgi:https://registry.npmjs.org/type-fest cache-miss
91 silly packumentCache corgi:https://registry.npmjs.org/type-check cache-miss
92 silly packumentCache corgi:https://registry.npmjs.org/tslib cache-miss
93 silly packumentCache corgi:https://registry.npmjs.org/ts-interface-checker cache-miss
94 silly packumentCache corgi:https://registry.npmjs.org/typed-array-byte-offset cache-miss
95 silly packumentCache corgi:https://registry.npmjs.org/tr46 cache-miss
96 silly packumentCache corgi:https://registry.npmjs.org/tmpl cache-miss
97 silly packumentCache corgi:https://registry.npmjs.org/tsconfig-paths cache-miss
98 silly packumentCache corgi:https://registry.npmjs.org/unicode-match-property-ecmascript cache-miss
99 silly packumentCache corgi:https://registry.npmjs.org/tinyglobby cache-miss
100 silly packumentCache corgi:https://registry.npmjs.org/throat cache-miss
101 silly packumentCache corgi:https://registry.npmjs.org/to-regex-range cache-miss
102 silly packumentCache corgi:https://registry.npmjs.org/thenify-all cache-miss
103 silly packumentCache corgi:https://registry.npmjs.org/toidentifier cache-miss
104 silly packumentCache corgi:https://registry.npmjs.org/terser cache-miss
105 silly packumentCache corgi:https://registry.npmjs.org/thenify cache-miss
106 silly packumentCache corgi:https://registry.npmjs.org/test-exclude cache-miss
107 silly packumentCache corgi:https://registry.npmjs.org/supports-preserve-symlinks-flag cache-miss
108 silly packumentCache corgi:https://registry.npmjs.org/supports-color cache-miss
109 silly packumentCache corgi:https://registry.npmjs.org/string.prototype.trimstart cache-miss
110 silly packumentCache corgi:https://registry.npmjs.org/string.prototype.trimend cache-miss
111 silly packumentCache corgi:https://registry.npmjs.org/strip-json-comments cache-miss
112 silly packumentCache corgi:https://registry.npmjs.org/strip-bom cache-miss
113 silly packumentCache corgi:https://registry.npmjs.org/sucrase cache-miss
114 silly packumentCache corgi:https://registry.npmjs.org/strip-ansi cache-miss
115 silly packumentCache corgi:https://registry.npmjs.org/styleq cache-miss
116 silly packumentCache corgi:https://registry.npmjs.org/string.prototype.matchall cache-miss
117 silly packumentCache corgi:https://registry.npmjs.org/strict-uri-encode cache-miss
118 silly packumentCache corgi:https://registry.npmjs.org/string.prototype.trim cache-miss
119 silly packumentCache corgi:https://registry.npmjs.org/string.prototype.repeat cache-miss
120 silly packumentCache corgi:https://registry.npmjs.org/string-width cache-miss
121 silly packumentCache corgi:https://registry.npmjs.org/stop-iteration-iterator cache-miss
122 silly packumentCache corgi:https://registry.npmjs.org/stacktrace-parser cache-miss
123 silly packumentCache corgi:https://registry.npmjs.org/stream-buffers cache-miss
124 silly packumentCache corgi:https://registry.npmjs.org/statuses cache-miss
125 silly packumentCache corgi:https://registry.npmjs.org/sprintf-js cache-miss
126 silly packumentCache corgi:https://registry.npmjs.org/stack-utils cache-miss
127 silly packumentCache corgi:https://registry.npmjs.org/split-on-first cache-miss
128 silly packumentCache corgi:https://registry.npmjs.org/stable-hash cache-miss
129 silly packumentCache corgi:https://registry.npmjs.org/source-map-support cache-miss
130 silly packumentCache corgi:https://registry.npmjs.org/simple-plist cache-miss
131 silly packumentCache corgi:https://registry.npmjs.org/stackframe cache-miss
132 silly packumentCache corgi:https://registry.npmjs.org/slash cache-miss
133 silly packumentCache corgi:https://registry.npmjs.org/slugify cache-miss
134 silly packumentCache corgi:https://registry.npmjs.org/side-channel-map cache-miss
135 silly packumentCache corgi:https://registry.npmjs.org/simple-swizzle cache-miss
136 silly packumentCache corgi:https://registry.npmjs.org/source-map cache-miss
137 silly packumentCache corgi:https://registry.npmjs.org/side-channel-weakmap cache-miss
138 silly packumentCache corgi:https://registry.npmjs.org/side-channel-list cache-miss
139 silly packumentCache corgi:https://registry.npmjs.org/side-channel cache-miss
140 silly packumentCache corgi:https://registry.npmjs.org/sf-symbols-typescript cache-miss
141 silly packumentCache corgi:https://registry.npmjs.org/signal-exit cache-miss
142 silly packumentCache corgi:https://registry.npmjs.org/shebang-regex cache-miss
143 silly packumentCache corgi:https://registry.npmjs.org/setprototypeof cache-miss
144 silly packumentCache corgi:https://registry.npmjs.org/shell-quote cache-miss
145 silly packumentCache corgi:https://registry.npmjs.org/shebang-command cache-miss
146 silly packumentCache corgi:https://registry.npmjs.org/setimmediate cache-miss
147 silly packumentCache corgi:https://registry.npmjs.org/set-proto cache-miss
148 silly packumentCache corgi:https://registry.npmjs.org/set-function-name cache-miss
149 silly packumentCache corgi:https://registry.npmjs.org/serialize-error cache-miss
150 silly packumentCache corgi:https://registry.npmjs.org/serve-static cache-miss
151 silly packumentCache corgi:https://registry.npmjs.org/semver cache-miss
152 silly packumentCache corgi:https://registry.npmjs.org/set-function-length cache-miss
153 silly packumentCache corgi:https://registry.npmjs.org/server-only cache-miss
154 silly packumentCache corgi:https://registry.npmjs.org/scheduler cache-miss
155 silly packumentCache corgi:https://registry.npmjs.org/sax cache-miss
156 silly packumentCache corgi:https://registry.npmjs.org/safe-push-apply cache-miss
157 silly packumentCache corgi:https://registry.npmjs.org/safe-regex-test cache-miss
158 silly packumentCache corgi:https://registry.npmjs.org/safe-array-concat cache-miss
159 silly packumentCache corgi:https://registry.npmjs.org/safe-buffer cache-miss
160 silly packumentCache corgi:https://registry.npmjs.org/rimraf cache-miss
161 silly packumentCache corgi:https://registry.npmjs.org/send cache-miss
162 silly packumentCache corgi:https://registry.npmjs.org/resolve-pkg-maps cache-miss
163 silly packumentCache corgi:https://registry.npmjs.org/resolve-workspace-root cache-miss
164 silly packumentCache corgi:https://registry.npmjs.org/resolve-alpn cache-miss
165 silly packumentCache corgi:https://registry.npmjs.org/shallowequal cache-miss
166 silly packumentCache corgi:https://registry.npmjs.org/require-from-string cache-miss
167 silly packumentCache corgi:https://registry.npmjs.org/resolve-from cache-miss
168 silly packumentCache corgi:https://registry.npmjs.org/responselike cache-miss
169 silly packumentCache corgi:https://registry.npmjs.org/regjsparser cache-miss
170 silly packumentCache corgi:https://registry.npmjs.org/regexpu-core cache-miss
171 silly packumentCache corgi:https://registry.npmjs.org/regjsgen cache-miss
172 silly packumentCache corgi:https://registry.npmjs.org/resolve cache-miss
173 silly packumentCache corgi:https://registry.npmjs.org/regenerate cache-miss
174 silly packumentCache corgi:https://registry.npmjs.org/regenerate-unicode-properties cache-miss
175 silly packumentCache corgi:https://registry.npmjs.org/reflect.getprototypeof cache-miss
176 silly packumentCache corgi:https://registry.npmjs.org/react-remove-scroll-bar cache-miss
177 silly packumentCache corgi:https://registry.npmjs.org/regenerator-runtime cache-miss
178 silly packumentCache corgi:https://registry.npmjs.org/react-remove-scroll cache-miss
179 silly packumentCache corgi:https://registry.npmjs.org/require-directory cache-miss
180 silly packumentCache corgi:https://registry.npmjs.org/react-native-worklets cache-miss
181 silly packumentCache corgi:https://registry.npmjs.org/react-style-singleton cache-miss
182 silly packumentCache corgi:https://registry.npmjs.org/react-native-web cache-miss
183 silly packumentCache corgi:https://registry.npmjs.org/react-native-maps-directions cache-miss
184 silly packumentCache corgi:https://registry.npmjs.org/react-native-svg cache-miss
185 silly packumentCache corgi:https://registry.npmjs.org/react-native-maps cache-miss
186 silly packumentCache corgi:https://registry.npmjs.org/regexp.prototype.flags cache-miss
187 silly packumentCache corgi:https://registry.npmjs.org/react-native-safe-area-context cache-miss
188 silly packumentCache corgi:https://registry.npmjs.org/react-native-google-places-autocomplete cache-miss
189 silly packumentCache corgi:https://registry.npmjs.org/react-refresh cache-miss
190 silly packumentCache corgi:https://registry.npmjs.org/react-native-reanimated cache-miss
191 silly packumentCache corgi:https://registry.npmjs.org/react-native-gesture-handler cache-miss
192 silly packumentCache corgi:https://registry.npmjs.org/react-native-screens cache-miss
193 silly packumentCache corgi:https://registry.npmjs.org/react-native cache-miss
194 silly packumentCache corgi:https://registry.npmjs.org/react-native-uuid cache-miss
195 silly packumentCache corgi:https://registry.npmjs.org/react-native-is-edge-to-edge cache-miss
196 silly packumentCache corgi:https://registry.npmjs.org/react-freeze cache-miss
197 silly packumentCache corgi:https://registry.npmjs.org/react cache-miss
198 silly packumentCache corgi:https://registry.npmjs.org/react-fast-compare cache-miss
199 silly packumentCache corgi:https://registry.npmjs.org/react-dom cache-miss
200 silly packumentCache corgi:https://registry.npmjs.org/quick-lru cache-miss
201 silly packumentCache corgi:https://registry.npmjs.org/react-is cache-miss
202 silly packumentCache corgi:https://registry.npmjs.org/punycode cache-miss
203 silly packumentCache corgi:https://registry.npmjs.org/queue cache-miss
204 silly packumentCache corgi:https://registry.npmjs.org/query-string cache-miss
205 silly packumentCache corgi:https://registry.npmjs.org/react-devtools-core cache-miss
206 silly packumentCache corgi:https://registry.npmjs.org/range-parser cache-miss
207 silly packumentCache corgi:https://registry.npmjs.org/qs cache-miss
208 silly packumentCache corgi:https://registry.npmjs.org/proxy-from-env cache-miss
209 silly packumentCache corgi:https://registry.npmjs.org/prop-types cache-miss
210 silly packumentCache corgi:https://registry.npmjs.org/protobufjs cache-miss
211 silly packumentCache corgi:https://registry.npmjs.org/pump cache-miss
212 silly packumentCache corgi:https://registry.npmjs.org/pretty-format cache-miss
213 silly packumentCache corgi:https://registry.npmjs.org/promise cache-miss
214 silly packumentCache corgi:https://registry.npmjs.org/postcss-value-parser cache-miss
215 silly packumentCache corgi:https://registry.npmjs.org/plist cache-miss
216 silly packumentCache corgi:https://registry.npmjs.org/pirates cache-miss
217 silly packumentCache corgi:https://registry.npmjs.org/possible-typed-array-names cache-miss
218 silly packumentCache corgi:https://registry.npmjs.org/picomatch cache-miss
219 silly packumentCache corgi:https://registry.npmjs.org/path-parse cache-miss
220 silly packumentCache corgi:https://registry.npmjs.org/pngjs cache-miss
221 silly packumentCache corgi:https://registry.npmjs.org/path-key cache-miss
222 silly packumentCache corgi:https://registry.npmjs.org/picocolors cache-miss
223 silly packumentCache corgi:https://registry.npmjs.org/path-is-absolute cache-miss
224 silly packumentCache corgi:https://registry.npmjs.org/parse-png cache-miss
225 silly packumentCache corgi:https://registry.npmjs.org/path-scurry cache-miss
226 silly packumentCache corgi:https://registry.npmjs.org/prelude-ls cache-miss
227 silly packumentCache corgi:https://registry.npmjs.org/parseurl cache-miss
228 silly packumentCache corgi:https://registry.npmjs.org/parent-module cache-miss
229 silly packumentCache corgi:https://registry.npmjs.org/p-locate cache-miss
230 silly packumentCache corgi:https://registry.npmjs.org/path-exists cache-miss
231 silly packumentCache corgi:https://registry.npmjs.org/p-try cache-miss
232 silly packumentCache corgi:https://registry.npmjs.org/p-cancelable cache-miss
233 silly packumentCache corgi:https://registry.npmjs.org/optionator cache-miss
234 silly packumentCache corgi:https://registry.npmjs.org/open cache-miss
235 silly packumentCache corgi:https://registry.npmjs.org/own-keys cache-miss
236 silly packumentCache corgi:https://registry.npmjs.org/p-limit cache-miss
237 silly packumentCache corgi:https://registry.npmjs.org/on-finished cache-miss
238 silly packumentCache corgi:https://registry.npmjs.org/once cache-miss
239 silly packumentCache corgi:https://registry.npmjs.org/object.values cache-miss
240 silly packumentCache corgi:https://registry.npmjs.org/object.assign cache-miss
241 silly packumentCache corgi:https://registry.npmjs.org/object.fromentries cache-miss
242 silly packumentCache corgi:https://registry.npmjs.org/object-is cache-miss
243 silly packumentCache corgi:https://registry.npmjs.org/object-inspect cache-miss
244 silly packumentCache corgi:https://registry.npmjs.org/object.entries cache-miss
245 silly packumentCache corgi:https://registry.npmjs.org/object.groupby cache-miss
246 silly packumentCache corgi:https://registry.npmjs.org/object-assign cache-miss
247 silly packumentCache corgi:https://registry.npmjs.org/object-keys cache-miss
248 silly packumentCache corgi:https://registry.npmjs.org/node-releases cache-miss
249 silly packumentCache corgi:https://registry.npmjs.org/nth-check cache-miss
250 silly packumentCache corgi:https://registry.npmjs.org/nullthrows cache-miss
251 silly packumentCache corgi:https://registry.npmjs.org/node-int64 cache-miss
252 silly packumentCache corgi:https://registry.npmjs.org/normalize-path cache-miss
253 silly packumentCache corgi:https://registry.npmjs.org/node-fetch cache-miss
254 silly packumentCache corgi:https://registry.npmjs.org/ob1 cache-miss
255 silly packumentCache corgi:https://registry.npmjs.org/node-exports-info cache-miss
256 silly packumentCache corgi:https://registry.npmjs.org/nanoid cache-miss
257 silly packumentCache corgi:https://registry.npmjs.org/natural-compare cache-miss
258 silly packumentCache corgi:https://registry.npmjs.org/negotiator cache-miss
259 silly packumentCache corgi:https://registry.npmjs.org/normalize-url cache-miss
260 silly packumentCache corgi:https://registry.npmjs.org/mz cache-miss
261 silly packumentCache corgi:https://registry.npmjs.org/mkdirp cache-miss
262 silly packumentCache corgi:https://registry.npmjs.org/ms cache-miss
263 silly packumentCache corgi:https://registry.npmjs.org/minimist cache-miss
264 silly packumentCache corgi:https://registry.npmjs.org/napi-postinstall cache-miss
265 silly packumentCache corgi:https://registry.npmjs.org/minipass cache-miss
266 silly packumentCache corgi:https://registry.npmjs.org/minimatch cache-miss
267 silly packumentCache corgi:https://registry.npmjs.org/mimic-response cache-miss
268 silly packumentCache corgi:https://registry.npmjs.org/mime-db cache-miss
269 silly packumentCache corgi:https://registry.npmjs.org/mime cache-miss
270 silly packumentCache corgi:https://registry.npmjs.org/micromatch cache-miss
271 silly packumentCache corgi:https://registry.npmjs.org/metro-transform-worker cache-miss
272 silly packumentCache corgi:https://registry.npmjs.org/mime-types cache-miss
273 silly packumentCache corgi:https://registry.npmjs.org/metro-symbolicate cache-miss
274 silly packumentCache corgi:https://registry.npmjs.org/metro-transform-plugins cache-miss
275 silly packumentCache corgi:https://registry.npmjs.org/metro-runtime cache-miss
276 silly packumentCache corgi:https://registry.npmjs.org/metro-file-map cache-miss
277 silly packumentCache corgi:https://registry.npmjs.org/metro-resolver cache-miss
278 silly packumentCache corgi:https://registry.npmjs.org/metro-core cache-miss
279 silly packumentCache corgi:https://registry.npmjs.org/metro-cache-key cache-miss
280 silly packumentCache corgi:https://registry.npmjs.org/metro-minify-terser cache-miss
281 silly packumentCache corgi:https://registry.npmjs.org/metro-source-map cache-miss
282 silly packumentCache corgi:https://registry.npmjs.org/metro-cache cache-miss
283 silly packumentCache corgi:https://registry.npmjs.org/metro-babel-transformer cache-miss
284 silly packumentCache corgi:https://registry.npmjs.org/metro-config cache-miss
285 silly packumentCache corgi:https://registry.npmjs.org/metro cache-miss
286 silly packumentCache corgi:https://registry.npmjs.org/merge-stream cache-miss
287 silly packumentCache corgi:https://registry.npmjs.org/memoize-one cache-miss
288 silly packumentCache corgi:https://registry.npmjs.org/makeerror cache-miss
289 silly packumentCache corgi:https://registry.npmjs.org/mdn-data cache-miss
290 silly packumentCache corgi:https://registry.npmjs.org/lowercase-keys cache-miss
291 silly packumentCache corgi:https://registry.npmjs.org/math-intrinsics cache-miss
292 silly packumentCache corgi:https://registry.npmjs.org/merge-options cache-miss
293 silly packumentCache corgi:https://registry.npmjs.org/lucide-react-native cache-miss
294 silly packumentCache corgi:https://registry.npmjs.org/marky cache-miss
295 silly packumentCache corgi:https://registry.npmjs.org/lru-cache cache-miss
296 silly packumentCache corgi:https://registry.npmjs.org/long cache-miss
297 silly packumentCache corgi:https://registry.npmjs.org/lodash.merge cache-miss
298 silly packumentCache corgi:https://registry.npmjs.org/lodash.camelcase cache-miss
299 silly packumentCache corgi:https://registry.npmjs.org/lodash.throttle cache-miss
300 silly packumentCache corgi:https://registry.npmjs.org/lodash.isequal cache-miss
301 silly packumentCache corgi:https://registry.npmjs.org/locate-path cache-miss
302 silly packumentCache corgi:https://registry.npmjs.org/loose-envify cache-miss
303 silly packumentCache corgi:https://registry.npmjs.org/lines-and-columns cache-miss
304 silly packumentCache corgi:https://registry.npmjs.org/lodash.debounce cache-miss
305 silly packumentCache corgi:https://registry.npmjs.org/levn cache-miss
306 silly packumentCache corgi:https://registry.npmjs.org/keyv cache-miss
307 silly packumentCache corgi:https://registry.npmjs.org/jsx-ast-utils cache-miss
308 silly packumentCache corgi:https://registry.npmjs.org/lighthouse-logger cache-miss
309 silly packumentCache corgi:https://registry.npmjs.org/json5 cache-miss
310 silly packumentCache corgi:https://registry.npmjs.org/leven cache-miss
311 silly packumentCache corgi:https://registry.npmjs.org/json-stable-stringify-without-jsonify cache-miss
312 silly packumentCache corgi:https://registry.npmjs.org/jsesc cache-miss
313 silly packumentCache corgi:https://registry.npmjs.org/jsc-safe-url cache-miss
314 silly packumentCache corgi:https://registry.npmjs.org/js-yaml cache-miss
315 silly packumentCache corgi:https://registry.npmjs.org/js-tokens cache-miss
316 silly packumentCache corgi:https://registry.npmjs.org/json-schema-traverse cache-miss
317 silly packumentCache corgi:https://registry.npmjs.org/jimp-compact cache-miss
318 silly packumentCache corgi:https://registry.npmjs.org/jest-validate cache-miss
319 silly packumentCache corgi:https://registry.npmjs.org/jest-regex-util cache-miss
320 silly packumentCache corgi:https://registry.npmjs.org/jest-mock cache-miss
321 silly packumentCache corgi:https://registry.npmjs.org/jest-message-util cache-miss
322 silly packumentCache corgi:https://registry.npmjs.org/json-buffer cache-miss
323 silly packumentCache corgi:https://registry.npmjs.org/jest-worker cache-miss
324 silly packumentCache corgi:https://registry.npmjs.org/iterator.prototype cache-miss
325 silly packumentCache corgi:https://registry.npmjs.org/jest-util cache-miss
326 silly packumentCache corgi:https://registry.npmjs.org/istanbul-lib-coverage cache-miss
327 silly packumentCache corgi:https://registry.npmjs.org/istanbul-lib-instrument cache-miss
328 silly packumentCache corgi:https://registry.npmjs.org/isarray cache-miss
329 silly packumentCache corgi:https://registry.npmjs.org/isexe cache-miss
330 silly packumentCache corgi:https://registry.npmjs.org/jest-haste-map cache-miss
331 silly packumentCache corgi:https://registry.npmjs.org/is-weakset cache-miss
332 silly packumentCache corgi:https://registry.npmjs.org/jest-get-type cache-miss
333 silly packumentCache corgi:https://registry.npmjs.org/is-typed-array cache-miss
334 silly packumentCache corgi:https://registry.npmjs.org/is-wsl cache-miss
335 silly packumentCache corgi:https://registry.npmjs.org/is-weakmap cache-miss
336 silly packumentCache corgi:https://registry.npmjs.org/jest-environment-node cache-miss
337 silly packumentCache corgi:https://registry.npmjs.org/is-string cache-miss
338 silly packumentCache corgi:https://registry.npmjs.org/is-shared-array-buffer cache-miss
339 silly packumentCache corgi:https://registry.npmjs.org/is-weakref cache-miss
340 silly packumentCache corgi:https://registry.npmjs.org/is-symbol cache-miss
341 silly packumentCache corgi:https://registry.npmjs.org/is-regex cache-miss
342 silly packumentCache corgi:https://registry.npmjs.org/is-plain-obj cache-miss
343 silly packumentCache corgi:https://registry.npmjs.org/is-number cache-miss
344 silly packumentCache corgi:https://registry.npmjs.org/is-negative-zero cache-miss
345 silly packumentCache corgi:https://registry.npmjs.org/is-number-object cache-miss
346 silly packumentCache corgi:https://registry.npmjs.org/is-nan cache-miss
347 silly packumentCache corgi:https://registry.npmjs.org/is-glob cache-miss
348 silly packumentCache corgi:https://registry.npmjs.org/is-set cache-miss
349 silly packumentCache corgi:https://registry.npmjs.org/is-map cache-miss
350 silly packumentCache corgi:https://registry.npmjs.org/is-extglob cache-miss
351 silly packumentCache corgi:https://registry.npmjs.org/is-date-object cache-miss
352 silly packumentCache corgi:https://registry.npmjs.org/is-finalizationregistry cache-miss
353 silly packumentCache corgi:https://registry.npmjs.org/is-docker cache-miss
354 silly packumentCache corgi:https://registry.npmjs.org/is-fullwidth-code-point cache-miss
355 silly packumentCache corgi:https://registry.npmjs.org/is-generator-function cache-miss
356 silly packumentCache corgi:https://registry.npmjs.org/is-core-module cache-miss
357 silly packumentCache corgi:https://registry.npmjs.org/is-bun-module cache-miss
358 silly packumentCache corgi:https://registry.npmjs.org/is-data-view cache-miss
359 silly packumentCache corgi:https://registry.npmjs.org/is-boolean-object cache-miss
360 silly packumentCache corgi:https://registry.npmjs.org/is-arrayish cache-miss
361 silly packumentCache corgi:https://registry.npmjs.org/invariant cache-miss
362 silly packumentCache corgi:https://registry.npmjs.org/is-async-function cache-miss
363 silly packumentCache corgi:https://registry.npmjs.org/is-callable cache-miss
364 silly packumentCache corgi:https://registry.npmjs.org/internal-slot cache-miss
365 silly packumentCache corgi:https://registry.npmjs.org/inline-style-prefixer cache-miss
366 silly packumentCache corgi:https://registry.npmjs.org/is-bigint cache-miss
367 silly packumentCache corgi:https://registry.npmjs.org/inherits cache-miss
368 silly packumentCache corgi:https://registry.npmjs.org/is-arguments cache-miss
369 silly packumentCache corgi:https://registry.npmjs.org/is-array-buffer cache-miss
370 silly packumentCache corgi:https://registry.npmjs.org/imurmurhash cache-miss
371 silly packumentCache corgi:https://registry.npmjs.org/import-fresh cache-miss
372 silly packumentCache corgi:https://registry.npmjs.org/inflight cache-miss
373 silly packumentCache corgi:https://registry.npmjs.org/ignore cache-miss
374 silly packumentCache corgi:https://registry.npmjs.org/http2-wrapper cache-miss
375 silly packumentCache corgi:https://registry.npmjs.org/idb cache-miss
376 silly packumentCache corgi:https://registry.npmjs.org/ieee754 cache-miss
377 silly packumentCache corgi:https://registry.npmjs.org/http-parser-js cache-miss
378 silly packumentCache corgi:https://registry.npmjs.org/hoist-non-react-statics cache-miss
379 silly packumentCache corgi:https://registry.npmjs.org/https-proxy-agent cache-miss
380 silly packumentCache corgi:https://registry.npmjs.org/image-size cache-miss
381 silly packumentCache corgi:https://registry.npmjs.org/http-cache-semantics cache-miss
382 silly packumentCache corgi:https://registry.npmjs.org/hyphenate-style-name cache-miss
383 silly packumentCache corgi:https://registry.npmjs.org/hermes-estree cache-miss
384 silly packumentCache corgi:https://registry.npmjs.org/has-tostringtag cache-miss
385 silly packumentCache corgi:https://registry.npmjs.org/has-symbols cache-miss
386 silly packumentCache corgi:https://registry.npmjs.org/hermes-parser cache-miss
387 silly packumentCache corgi:https://registry.npmjs.org/has-property-descriptors cache-miss
388 silly packumentCache corgi:https://registry.npmjs.org/has-bigints cache-miss
389 silly packumentCache corgi:https://registry.npmjs.org/has-flag cache-miss
390 silly packumentCache corgi:https://registry.npmjs.org/hasown cache-miss
391 silly packumentCache corgi:https://registry.npmjs.org/has-proto cache-miss
392 silly packumentCache corgi:https://registry.npmjs.org/got cache-miss
393 silly packumentCache corgi:https://registry.npmjs.org/gopd cache-miss
394 silly packumentCache corgi:https://registry.npmjs.org/http-errors cache-miss
395 silly packumentCache corgi:https://registry.npmjs.org/globalthis cache-miss
396 silly packumentCache corgi:https://registry.npmjs.org/graceful-fs cache-miss
397 silly packumentCache corgi:https://registry.npmjs.org/globals cache-miss
398 silly packumentCache corgi:https://registry.npmjs.org/getenv cache-miss
399 silly packumentCache corgi:https://registry.npmjs.org/get-tsconfig cache-miss
400 silly packumentCache corgi:https://registry.npmjs.org/glob-parent cache-miss
401 silly packumentCache corgi:https://registry.npmjs.org/glob cache-miss
402 silly packumentCache corgi:https://registry.npmjs.org/get-stream cache-miss
403 silly packumentCache corgi:https://registry.npmjs.org/get-symbol-description cache-miss
404 silly packumentCache corgi:https://registry.npmjs.org/get-proto cache-miss
405 silly packumentCache corgi:https://registry.npmjs.org/get-nonce cache-miss
406 silly packumentCache corgi:https://registry.npmjs.org/get-package-type cache-miss
407 silly packumentCache corgi:https://registry.npmjs.org/get-intrinsic cache-miss
408 silly packumentCache corgi:https://registry.npmjs.org/get-caller-file cache-miss
409 silly packumentCache corgi:https://registry.npmjs.org/gensync cache-miss
410 silly packumentCache corgi:https://registry.npmjs.org/functions-have-names cache-miss
411 silly packumentCache corgi:https://registry.npmjs.org/function-bind cache-miss
412 silly packumentCache corgi:https://registry.npmjs.org/generator-function cache-miss
413 silly packumentCache corgi:https://registry.npmjs.org/fs.realpath cache-miss
414 silly packumentCache corgi:https://registry.npmjs.org/fresh cache-miss
415 silly packumentCache corgi:https://registry.npmjs.org/function.prototype.name cache-miss
416 silly packumentCache corgi:https://registry.npmjs.org/form-data cache-miss
417 silly packumentCache corgi:https://registry.npmjs.org/for-each cache-miss
418 silly packumentCache corgi:https://registry.npmjs.org/flatted cache-miss
419 silly packumentCache corgi:https://registry.npmjs.org/flow-enums-runtime cache-miss
420 silly packumentCache corgi:https://registry.npmjs.org/follow-redirects cache-miss
421 silly packumentCache corgi:https://registry.npmjs.org/flat-cache cache-miss
422 silly packumentCache corgi:https://registry.npmjs.org/firebase cache-miss
423 silly packumentCache corgi:https://registry.npmjs.org/filter-obj cache-miss
424 silly packumentCache corgi:https://registry.npmjs.org/finalhandler cache-miss
425 silly packumentCache corgi:https://registry.npmjs.org/fdir cache-miss
426 silly packumentCache corgi:https://registry.npmjs.org/file-entry-cache cache-miss
427 silly packumentCache corgi:https://registry.npmjs.org/fill-range cache-miss
428 silly packumentCache corgi:https://registry.npmjs.org/fbjs-css-vars cache-miss
429 silly packumentCache corgi:https://registry.npmjs.org/fontfaceobserver cache-miss
430 silly packumentCache corgi:https://registry.npmjs.org/faye-websocket cache-miss
431 silly packumentCache corgi:https://registry.npmjs.org/fbjs cache-miss
432 silly packumentCache corgi:https://registry.npmjs.org/fast-levenshtein cache-miss
433 silly packumentCache corgi:https://registry.npmjs.org/find-up cache-miss
434 silly packumentCache corgi:https://registry.npmjs.org/fb-watchman cache-miss
435 silly packumentCache corgi:https://registry.npmjs.org/fast-uri cache-miss
436 silly packumentCache corgi:https://registry.npmjs.org/fast-deep-equal cache-miss
437 silly packumentCache corgi:https://registry.npmjs.org/fast-json-stable-stringify cache-miss
438 silly packumentCache corgi:https://registry.npmjs.org/expo-updates-interface cache-miss
439 silly packumentCache corgi:https://registry.npmjs.org/expo-task-manager cache-miss
440 silly packumentCache corgi:https://registry.npmjs.org/expo-web-browser cache-miss
441 silly packumentCache corgi:https://registry.npmjs.org/expo-status-bar cache-miss
442 silly packumentCache corgi:https://registry.npmjs.org/exponential-backoff cache-miss
443 silly packumentCache corgi:https://registry.npmjs.org/expo-symbols cache-miss
444 silly packumentCache corgi:https://registry.npmjs.org/expo-router cache-miss
445 silly packumentCache corgi:https://registry.npmjs.org/expo-server cache-miss
446 silly packumentCache corgi:https://registry.npmjs.org/expo-notifications cache-miss
447 silly packumentCache corgi:https://registry.npmjs.org/expo-system-ui cache-miss
448 silly packumentCache corgi:https://registry.npmjs.org/expo-splash-screen cache-miss
449 silly packumentCache corgi:https://registry.npmjs.org/expo-manifests cache-miss
450 silly packumentCache corgi:https://registry.npmjs.org/expo-linking cache-miss
451 silly packumentCache corgi:https://registry.npmjs.org/expo-location cache-miss
452 silly packumentCache corgi:https://registry.npmjs.org/expo-image-loader cache-miss
453 silly packumentCache corgi:https://registry.npmjs.org/expo-image-picker cache-miss
454 silly packumentCache corgi:https://registry.npmjs.org/expo-linear-gradient cache-miss
455 silly packumentCache corgi:https://registry.npmjs.org/expo-json-utils cache-miss
456 silly packumentCache corgi:https://registry.npmjs.org/expo-haptics cache-miss
457 silly packumentCache corgi:https://registry.npmjs.org/expo-image cache-miss
458 silly packumentCache corgi:https://registry.npmjs.org/expo-dev-menu cache-miss
459 silly packumentCache corgi:https://registry.npmjs.org/expo-font cache-miss
460 silly packumentCache corgi:https://registry.npmjs.org/expo-file-system cache-miss
461 silly packumentCache corgi:https://registry.npmjs.org/expo-dev-client cache-miss
462 silly packumentCache corgi:https://registry.npmjs.org/expo-dev-menu-interface cache-miss
463 silly packumentCache corgi:https://registry.npmjs.org/expo-dev-launcher cache-miss
464 silly packumentCache corgi:https://registry.npmjs.org/expo-build-properties cache-miss
465 silly packumentCache corgi:https://registry.npmjs.org/expo-constants cache-miss
466 silly packumentCache corgi:https://registry.npmjs.org/event-target-shim cache-miss
467 silly packumentCache corgi:https://registry.npmjs.org/etag cache-miss
468 silly packumentCache corgi:https://registry.npmjs.org/expo-keep-awake cache-miss
469 silly packumentCache corgi:https://registry.npmjs.org/expo-application cache-miss
470 silly packumentCache corgi:https://registry.npmjs.org/esquery cache-miss
471 silly packumentCache corgi:https://registry.npmjs.org/esrecurse cache-miss
472 silly packumentCache corgi:https://registry.npmjs.org/estraverse cache-miss
473 silly packumentCache corgi:https://registry.npmjs.org/esprima cache-miss
474 silly packumentCache corgi:https://registry.npmjs.org/esutils cache-miss
475 silly packumentCache corgi:https://registry.npmjs.org/espree cache-miss
476 silly packumentCache corgi:https://registry.npmjs.org/eslint-plugin-react cache-miss
477 silly packumentCache corgi:https://registry.npmjs.org/eslint-plugin-react-hooks cache-miss
478 silly packumentCache corgi:https://registry.npmjs.org/eslint-visitor-keys cache-miss
479 silly packumentCache corgi:https://registry.npmjs.org/eslint-scope cache-miss
480 silly packumentCache corgi:https://registry.npmjs.org/eslint-plugin-expo cache-miss
481 silly packumentCache corgi:https://registry.npmjs.org/eslint-plugin-import cache-miss
482 silly packumentCache corgi:https://registry.npmjs.org/eslint-config-expo cache-miss
483 silly packumentCache corgi:https://registry.npmjs.org/eslint-import-resolver-typescript cache-miss
484 silly packumentCache corgi:https://registry.npmjs.org/escape-string-regexp cache-miss
485 silly packumentCache corgi:https://registry.npmjs.org/eslint-module-utils cache-miss
486 silly packumentCache corgi:https://registry.npmjs.org/escape-html cache-miss
487 silly packumentCache corgi:https://registry.npmjs.org/eslint-import-resolver-node cache-miss
488 silly packumentCache corgi:https://registry.npmjs.org/eslint cache-miss
489 silly packumentCache corgi:https://registry.npmjs.org/expo-asset cache-miss
490 silly packumentCache corgi:https://registry.npmjs.org/es-to-primitive cache-miss
491 silly packumentCache corgi:https://registry.npmjs.org/es-shim-unscopables cache-miss
492 silly packumentCache corgi:https://registry.npmjs.org/es-errors cache-miss
493 silly packumentCache corgi:https://registry.npmjs.org/es-object-atoms cache-miss
494 silly packumentCache corgi:https://registry.npmjs.org/error-stack-parser cache-miss
495 silly packumentCache corgi:https://registry.npmjs.org/es-set-tostringtag cache-miss
496 silly packumentCache corgi:https://registry.npmjs.org/escalade cache-miss
497 silly packumentCache corgi:https://registry.npmjs.org/es-abstract cache-miss
498 silly packumentCache corgi:https://registry.npmjs.org/entities cache-miss
499 silly packumentCache corgi:https://registry.npmjs.org/es-iterator-helpers cache-miss
500 silly packumentCache corgi:https://registry.npmjs.org/encodeurl cache-miss
501 silly packumentCache corgi:https://registry.npmjs.org/emoji-regex cache-miss
502 silly packumentCache corgi:https://registry.npmjs.org/electron-to-chromium cache-miss
503 silly packumentCache corgi:https://registry.npmjs.org/end-of-stream cache-miss
504 silly packumentCache corgi:https://registry.npmjs.org/dotenv-expand cache-miss
505 silly packumentCache corgi:https://registry.npmjs.org/domhandler cache-miss
506 silly packumentCache corgi:https://registry.npmjs.org/ee-first cache-miss
507 silly packumentCache corgi:https://registry.npmjs.org/dotenv cache-miss
508 silly packumentCache corgi:https://registry.npmjs.org/domelementtype cache-miss
509 silly packumentCache corgi:https://registry.npmjs.org/dom-serializer cache-miss
510 silly packumentCache corgi:https://registry.npmjs.org/doctrine cache-miss
511 silly packumentCache corgi:https://registry.npmjs.org/destroy cache-miss
512 silly packumentCache corgi:https://registry.npmjs.org/dunder-proto cache-miss
513 silly packumentCache corgi:https://registry.npmjs.org/es-define-property cache-miss
514 silly packumentCache corgi:https://registry.npmjs.org/domutils cache-miss
515 silly packumentCache corgi:https://registry.npmjs.org/define-data-property cache-miss
516 silly packumentCache corgi:https://registry.npmjs.org/depd cache-miss
517 silly packumentCache corgi:https://registry.npmjs.org/detect-node-es cache-miss
518 silly packumentCache corgi:https://registry.npmjs.org/defer-to-connect cache-miss
519 silly packumentCache corgi:https://registry.npmjs.org/deepmerge cache-miss
520 silly packumentCache corgi:https://registry.npmjs.org/deep-is cache-miss
521 silly packumentCache corgi:https://registry.npmjs.org/define-properties cache-miss
522 silly packumentCache corgi:https://registry.npmjs.org/delayed-stream cache-miss
523 silly packumentCache corgi:https://registry.npmjs.org/decompress-response cache-miss
524 silly packumentCache corgi:https://registry.npmjs.org/decode-uri-component cache-miss
525 silly packumentCache corgi:https://registry.npmjs.org/css-what cache-miss
526 silly packumentCache corgi:https://registry.npmjs.org/csstype cache-miss
527 silly packumentCache corgi:https://registry.npmjs.org/data-view-byte-length cache-miss
528 silly packumentCache corgi:https://registry.npmjs.org/css-select cache-miss
529 silly packumentCache corgi:https://registry.npmjs.org/cross-spawn cache-miss
530 silly packumentCache corgi:https://registry.npmjs.org/cross-fetch cache-miss
531 silly packumentCache corgi:https://registry.npmjs.org/debug cache-miss
532 silly packumentCache corgi:https://registry.npmjs.org/css-in-js-utils cache-miss
533 silly packumentCache corgi:https://registry.npmjs.org/data-view-byte-offset cache-miss
534 silly packumentCache corgi:https://registry.npmjs.org/convert-source-map cache-miss
535 silly packumentCache corgi:https://registry.npmjs.org/css-tree cache-miss
536 silly packumentCache corgi:https://registry.npmjs.org/core-js-compat cache-miss
537 silly packumentCache corgi:https://registry.npmjs.org/concat-map cache-miss
538 silly packumentCache corgi:https://registry.npmjs.org/data-view-buffer cache-miss
539 silly packumentCache corgi:https://registry.npmjs.org/color-string cache-miss
540 silly packumentCache corgi:https://registry.npmjs.org/combined-stream cache-miss
541 silly packumentCache corgi:https://registry.npmjs.org/color-convert cache-miss
542 silly packumentCache corgi:https://registry.npmjs.org/connect cache-miss
543 silly packumentCache corgi:https://registry.npmjs.org/client-only cache-miss
544 silly packumentCache corgi:https://registry.npmjs.org/color cache-miss
545 silly packumentCache corgi:https://registry.npmjs.org/chrome-launcher cache-miss
546 silly packumentCache corgi:https://registry.npmjs.org/color-name cache-miss
547 silly packumentCache corgi:https://registry.npmjs.org/cliui cache-miss
548 silly packumentCache corgi:https://registry.npmjs.org/chromium-edge-launcher cache-miss
549 silly packumentCache corgi:https://registry.npmjs.org/callsites cache-miss
550 silly packumentCache corgi:https://registry.npmjs.org/chalk cache-miss
551 silly packumentCache corgi:https://registry.npmjs.org/camelcase cache-miss
552 silly packumentCache corgi:https://registry.npmjs.org/cacheable-lookup cache-miss
553 silly packumentCache corgi:https://registry.npmjs.org/call-bind-apply-helpers cache-miss
554 silly packumentCache corgi:https://registry.npmjs.org/cacheable-request cache-miss
555 silly packumentCache corgi:https://registry.npmjs.org/call-bound cache-miss
556 silly packumentCache corgi:https://registry.npmjs.org/caniuse-lite cache-miss
557 silly packumentCache corgi:https://registry.npmjs.org/call-bind cache-miss
558 silly packumentCache corgi:https://registry.npmjs.org/ci-info cache-miss
559 silly packumentCache corgi:https://registry.npmjs.org/buffer-from cache-miss
560 silly packumentCache corgi:https://registry.npmjs.org/buffer cache-miss
561 silly packumentCache corgi:https://registry.npmjs.org/brace-expansion cache-miss
562 silly packumentCache corgi:https://registry.npmjs.org/braces cache-miss
563 silly packumentCache corgi:https://registry.npmjs.org/baseline-browser-mapping cache-miss
564 silly packumentCache corgi:https://registry.npmjs.org/browserslist cache-miss
565 silly packumentCache corgi:https://registry.npmjs.org/bser cache-miss
566 silly packumentCache corgi:https://registry.npmjs.org/boolbase cache-miss
567 silly packumentCache corgi:https://registry.npmjs.org/clone-response cache-miss
568 silly packumentCache corgi:https://registry.npmjs.org/bplist-creator cache-miss
569 silly packumentCache corgi:https://registry.npmjs.org/balanced-match cache-miss
570 silly packumentCache corgi:https://registry.npmjs.org/badgin cache-miss
571 silly packumentCache corgi:https://registry.npmjs.org/base64-js cache-miss
572 silly packumentCache corgi:https://registry.npmjs.org/babel-preset-jest cache-miss
573 silly packumentCache corgi:https://registry.npmjs.org/babel-preset-expo cache-miss
574 silly packumentCache corgi:https://registry.npmjs.org/babel-plugin-transform-flow-enums cache-miss
575 silly packumentCache corgi:https://registry.npmjs.org/babel-preset-current-node-syntax cache-miss
576 silly packumentCache corgi:https://registry.npmjs.org/babel-plugin-react-native-web cache-miss
577 silly packumentCache corgi:https://registry.npmjs.org/babel-plugin-polyfill-regenerator cache-miss
578 silly packumentCache corgi:https://registry.npmjs.org/babel-jest cache-miss
579 silly packumentCache corgi:https://registry.npmjs.org/babel-plugin-jest-hoist cache-miss
580 silly packumentCache corgi:https://registry.npmjs.org/babel-plugin-istanbul cache-miss
581 silly packumentCache corgi:https://registry.npmjs.org/available-typed-arrays cache-miss
582 silly packumentCache corgi:https://registry.npmjs.org/babel-plugin-polyfill-corejs3 cache-miss
583 silly packumentCache corgi:https://registry.npmjs.org/big-integer cache-miss
584 silly packumentCache corgi:https://registry.npmjs.org/bplist-parser cache-miss
585 silly packumentCache corgi:https://registry.npmjs.org/babel-plugin-react-compiler cache-miss
586 silly packumentCache corgi:https://registry.npmjs.org/babel-plugin-syntax-hermes-parser cache-miss
587 silly packumentCache corgi:https://registry.npmjs.org/axios cache-miss
588 silly packumentCache corgi:https://registry.npmjs.org/asap cache-miss
589 silly packumentCache corgi:https://registry.npmjs.org/babel-plugin-polyfill-corejs2 cache-miss
590 silly packumentCache corgi:https://registry.npmjs.org/async-function cache-miss
591 silly packumentCache corgi:https://registry.npmjs.org/async-limiter cache-miss
592 silly packumentCache corgi:https://registry.npmjs.org/arraybuffer.prototype.slice cache-miss
593 silly packumentCache corgi:https://registry.npmjs.org/assert cache-miss
594 silly packumentCache corgi:https://registry.npmjs.org/array.prototype.tosorted cache-miss
595 silly packumentCache corgi:https://registry.npmjs.org/aria-hidden cache-miss
596 silly packumentCache corgi:https://registry.npmjs.org/array.prototype.findlast cache-miss
597 silly packumentCache corgi:https://registry.npmjs.org/array.prototype.flat cache-miss
598 silly packumentCache corgi:https://registry.npmjs.org/array-includes cache-miss
599 silly packumentCache corgi:https://registry.npmjs.org/array-buffer-byte-length cache-miss
600 silly packumentCache corgi:https://registry.npmjs.org/argparse cache-miss
601 silly packumentCache corgi:https://registry.npmjs.org/anymatch cache-miss
602 silly packumentCache corgi:https://registry.npmjs.org/any-promise cache-miss
603 silly packumentCache corgi:https://registry.npmjs.org/asynckit cache-miss
604 silly packumentCache corgi:https://registry.npmjs.org/ansi-regex cache-miss
605 silly packumentCache corgi:https://registry.npmjs.org/array.prototype.flatmap cache-miss
606 silly packumentCache corgi:https://registry.npmjs.org/agent-base cache-miss
607 silly packumentCache corgi:https://registry.npmjs.org/ajv cache-miss
608 silly packumentCache corgi:https://registry.npmjs.org/ansi-styles cache-miss
609 silly packumentCache corgi:https://registry.npmjs.org/accepts cache-miss
610 silly packumentCache corgi:https://registry.npmjs.org/acorn-jsx cache-miss
611 silly packumentCache corgi:https://registry.npmjs.org/acorn cache-miss
612 silly packumentCache corgi:https://registry.npmjs.org/abort-controller cache-miss
613 silly packumentCache corgi:https://registry.npmjs.org/anser cache-miss
614 silly packumentCache corgi:https://registry.npmjs.org/@xmldom%2fxmldom cache-miss
615 silly packumentCache corgi:https://registry.npmjs.org/@unrs%2fresolver-binding-darwin-arm64 cache-miss
616 silly packumentCache corgi:https://registry.npmjs.org/@typescript-eslint%2futils cache-miss
617 silly packumentCache corgi:https://registry.npmjs.org/@typescript-eslint%2fvisitor-keys cache-miss
618 silly packumentCache corgi:https://registry.npmjs.org/@ungap%2fstructured-clone cache-miss
619 silly packumentCache corgi:https://registry.npmjs.org/@typescript-eslint%2ftypescript-estree cache-miss
620 silly packumentCache corgi:https://registry.npmjs.org/@typescript-eslint%2ftype-utils cache-miss
621 silly packumentCache corgi:https://registry.npmjs.org/@typescript-eslint%2fscope-manager cache-miss
622 silly packumentCache corgi:https://registry.npmjs.org/@typescript-eslint%2ftsconfig-utils cache-miss
623 silly packumentCache corgi:https://registry.npmjs.org/array.prototype.findlastindex cache-miss
624 silly packumentCache corgi:https://registry.npmjs.org/@typescript-eslint%2fparser cache-miss
625 silly packumentCache corgi:https://registry.npmjs.org/@types%2fyargs-parser cache-miss
626 silly packumentCache corgi:https://registry.npmjs.org/@typescript-eslint%2feslint-plugin cache-miss
627 silly packumentCache corgi:https://registry.npmjs.org/@types%2fresponselike cache-miss
628 silly packumentCache corgi:https://registry.npmjs.org/@types%2fyargs cache-miss
629 silly packumentCache corgi:https://registry.npmjs.org/@types%2freact cache-miss
630 silly packumentCache corgi:https://registry.npmjs.org/@types%2fkeyv cache-miss
631 silly packumentCache corgi:https://registry.npmjs.org/@types%2fnode cache-miss
632 silly packumentCache corgi:https://registry.npmjs.org/@types%2fjson5 cache-miss
633 silly packumentCache corgi:https://registry.npmjs.org/@types%2fistanbul-reports cache-miss
634 silly packumentCache corgi:https://registry.npmjs.org/@types%2fjson-schema cache-miss
635 silly packumentCache corgi:https://registry.npmjs.org/@types%2fistanbul-lib-coverage cache-miss
636 silly packumentCache corgi:https://registry.npmjs.org/@types%2fistanbul-lib-report cache-miss
637 silly packumentCache corgi:https://registry.npmjs.org/@types%2fstack-utils cache-miss
638 silly packumentCache corgi:https://registry.npmjs.org/@types%2fhammerjs cache-miss
639 silly packumentCache corgi:https://registry.npmjs.org/@types%2fhttp-cache-semantics cache-miss
640 silly packumentCache corgi:https://registry.npmjs.org/@types%2fgraceful-fs cache-miss
641 silly packumentCache corgi:https://registry.npmjs.org/@types%2fgeojson cache-miss
642 silly packumentCache corgi:https://registry.npmjs.org/@types%2festree cache-miss
643 silly packumentCache corgi:https://registry.npmjs.org/@types%2fcacheable-request cache-miss
644 silly packumentCache corgi:https://registry.npmjs.org/@types%2fbabel__traverse cache-miss
645 silly packumentCache corgi:https://registry.npmjs.org/@types%2fbabel__template cache-miss
646 silly packumentCache corgi:https://registry.npmjs.org/@types%2fbabel__generator cache-miss
647 silly packumentCache corgi:https://registry.npmjs.org/@types%2fbabel__core cache-miss
648 silly packumentCache corgi:https://registry.npmjs.org/@szmarczak%2fhttp-timer cache-miss
649 silly packumentCache corgi:https://registry.npmjs.org/@typescript-eslint%2ftypes cache-miss
650 silly packumentCache corgi:https://registry.npmjs.org/@sinonjs%2ffake-timers cache-miss
651 silly packumentCache corgi:https://registry.npmjs.org/@sinclair%2ftypebox cache-miss
652 silly packumentCache corgi:https://registry.npmjs.org/@rtsao%2fscc cache-miss
653 silly packumentCache corgi:https://registry.npmjs.org/@sinonjs%2fcommons cache-miss
654 silly packumentCache corgi:https://registry.npmjs.org/@sindresorhus%2fis cache-miss
655 silly packumentCache corgi:https://registry.npmjs.org/@react-navigation%2fnative-stack cache-miss
656 silly packumentCache corgi:https://registry.npmjs.org/@react-navigation%2fcore cache-miss
657 silly packumentCache corgi:https://registry.npmjs.org/@react-navigation%2felements cache-miss
658 silly packumentCache corgi:https://registry.npmjs.org/@react-navigation%2fnative cache-miss
659 silly packumentCache corgi:https://registry.npmjs.org/@react-navigation%2fbottom-tabs cache-miss
660 silly packumentCache corgi:https://registry.npmjs.org/@react-native%2fjs-polyfills cache-miss
661 silly packumentCache corgi:https://registry.npmjs.org/@react-native%2fgradle-plugin cache-miss
662 silly packumentCache corgi:https://registry.npmjs.org/@react-native%2fnormalize-colors cache-miss
663 silly packumentCache corgi:https://registry.npmjs.org/@react-navigation%2frouters cache-miss
664 silly packumentCache corgi:https://registry.npmjs.org/@react-native%2fcommunity-cli-plugin cache-miss
665 silly packumentCache corgi:https://registry.npmjs.org/@react-native%2fdebugger-frontend cache-miss
666 silly packumentCache corgi:https://registry.npmjs.org/@react-native%2fdev-middleware cache-miss
667 silly packumentCache corgi:https://registry.npmjs.org/@typescript-eslint%2fproject-service cache-miss
668 silly packumentCache corgi:https://registry.npmjs.org/@react-native%2fassets-registry cache-miss
669 silly packumentCache corgi:https://registry.npmjs.org/@react-native%2fcodegen cache-miss
670 silly packumentCache corgi:https://registry.npmjs.org/@react-native-async-storage%2fasync-storage cache-miss
671 silly packumentCache corgi:https://registry.npmjs.org/@react-native%2fbabel-preset cache-miss
672 silly packumentCache corgi:https://registry.npmjs.org/@react-native%2fbabel-plugin-codegen cache-miss
673 silly packumentCache corgi:https://registry.npmjs.org/@radix-ui%2freact-use-callback-ref cache-miss
674 silly packumentCache corgi:https://registry.npmjs.org/@radix-ui%2freact-use-layout-effect cache-miss
675 silly packumentCache corgi:https://registry.npmjs.org/@radix-ui%2freact-use-effect-event cache-miss
676 silly packumentCache corgi:https://registry.npmjs.org/@radix-ui%2freact-use-escape-keydown cache-miss
677 silly packumentCache corgi:https://registry.npmjs.org/@radix-ui%2freact-slot cache-miss
678 silly packumentCache corgi:https://registry.npmjs.org/@radix-ui%2freact-id cache-miss
679 silly packumentCache corgi:https://registry.npmjs.org/@radix-ui%2freact-use-controllable-state cache-miss
680 silly packumentCache corgi:https://registry.npmjs.org/@radix-ui%2freact-focus-guards cache-miss
681 silly packumentCache corgi:https://registry.npmjs.org/@radix-ui%2freact-context cache-miss
682 silly packumentCache corgi:https://registry.npmjs.org/@radix-ui%2freact-direction cache-miss
683 silly packumentCache corgi:https://registry.npmjs.org/@protobufjs%2futf8 cache-miss
684 silly packumentCache corgi:https://registry.npmjs.org/@protobufjs%2fpool cache-miss
685 silly packumentCache corgi:https://registry.npmjs.org/@protobufjs%2ffloat cache-miss
686 silly packumentCache corgi:https://registry.npmjs.org/@protobufjs%2feventemitter cache-miss
687 silly packumentCache corgi:https://registry.npmjs.org/@protobufjs%2finquire cache-miss
688 silly packumentCache corgi:https://registry.npmjs.org/@protobufjs%2ffetch cache-miss
689 silly packumentCache corgi:https://registry.npmjs.org/@protobufjs%2fbase64 cache-miss
690 silly packumentCache corgi:https://registry.npmjs.org/@radix-ui%2fprimitive cache-miss
691 silly packumentCache corgi:https://registry.npmjs.org/@protobufjs%2fcodegen cache-miss
692 silly packumentCache corgi:https://registry.npmjs.org/@protobufjs%2faspromise cache-miss
693 silly packumentCache corgi:https://registry.npmjs.org/@jridgewell%2ftrace-mapping cache-miss
694 silly packumentCache corgi:https://registry.npmjs.org/@jridgewell%2fsourcemap-codec cache-miss
695 silly packumentCache corgi:https://registry.npmjs.org/@jridgewell%2fresolve-uri cache-miss
696 silly packumentCache corgi:https://registry.npmjs.org/@jridgewell%2fsource-map cache-miss
697 silly packumentCache corgi:https://registry.npmjs.org/@jridgewell%2fgen-mapping cache-miss
698 silly packumentCache corgi:https://registry.npmjs.org/@jest%2ftransform cache-miss
699 silly packumentCache corgi:https://registry.npmjs.org/@jridgewell%2fremapping cache-miss
700 silly packumentCache corgi:https://registry.npmjs.org/@protobufjs%2fpath cache-miss
701 silly packumentCache corgi:https://registry.npmjs.org/@nolyfill%2fis-core-module cache-miss
702 silly packumentCache corgi:https://registry.npmjs.org/@jest%2ffake-timers cache-miss
703 silly packumentCache corgi:https://registry.npmjs.org/@jest%2fenvironment cache-miss
704 silly packumentCache corgi:https://registry.npmjs.org/@jest%2ftypes cache-miss
705 silly packumentCache corgi:https://registry.npmjs.org/@jest%2fcreate-cache-key-function cache-miss
706 silly packumentCache corgi:https://registry.npmjs.org/@jest%2fschemas cache-miss
707 silly packumentCache corgi:https://registry.npmjs.org/@isaacs%2fttlcache cache-miss
708 silly packumentCache corgi:https://registry.npmjs.org/@istanbuljs%2fload-nyc-config cache-miss
709 silly packumentCache corgi:https://registry.npmjs.org/@istanbuljs%2fschema cache-miss
710 silly packumentCache corgi:https://registry.npmjs.org/@humanwhocodes%2fmodule-importer cache-miss
711 silly packumentCache corgi:https://registry.npmjs.org/@humanwhocodes%2fretry cache-miss
712 silly packumentCache corgi:https://registry.npmjs.org/@humanfs%2ftypes cache-miss
713 silly packumentCache corgi:https://registry.npmjs.org/@humanfs%2fcore cache-miss
714 silly packumentCache corgi:https://registry.npmjs.org/@grpc%2fproto-loader cache-miss
715 silly packumentCache corgi:https://registry.npmjs.org/@humanfs%2fnode cache-miss
716 silly packumentCache corgi:https://registry.npmjs.org/@grpc%2fgrpc-js cache-miss
717 silly packumentCache corgi:https://registry.npmjs.org/@firebase%2fwebchannel-wrapper cache-miss
718 silly packumentCache corgi:https://registry.npmjs.org/@ide%2fbackoff cache-miss
719 silly packumentCache corgi:https://registry.npmjs.org/@firebase%2fstorage-compat cache-miss
720 silly packumentCache corgi:https://registry.npmjs.org/@firebase%2fstorage-types cache-miss
721 silly packumentCache corgi:https://registry.npmjs.org/@firebase%2futil cache-miss
722 silly packumentCache corgi:https://registry.npmjs.org/@firebase%2fstorage cache-miss
723 silly packumentCache corgi:https://registry.npmjs.org/@firebase%2fremote-config-types cache-miss
724 silly packumentCache corgi:https://registry.npmjs.org/@firebase%2fperformance-compat cache-miss
725 silly packumentCache corgi:https://registry.npmjs.org/@firebase%2fremote-config-compat cache-miss
726 silly packumentCache corgi:https://registry.npmjs.org/@firebase%2fremote-config cache-miss
727 silly packumentCache corgi:https://registry.npmjs.org/@firebase%2fperformance cache-miss
728 silly packumentCache corgi:https://registry.npmjs.org/@firebase%2flogger cache-miss
729 silly packumentCache corgi:https://registry.npmjs.org/@firebase%2fmessaging-interop-types cache-miss
730 silly packumentCache corgi:https://registry.npmjs.org/@firebase%2fperformance-types cache-miss
731 silly packumentCache corgi:https://registry.npmjs.org/@firebase%2finstallations-types cache-miss
732 silly packumentCache corgi:https://registry.npmjs.org/@firebase%2finstallations-compat cache-miss
733 silly packumentCache corgi:https://registry.npmjs.org/@firebase%2fmessaging cache-miss
734 silly packumentCache corgi:https://registry.npmjs.org/@firebase%2ffunctions-types cache-miss
735 silly packumentCache corgi:https://registry.npmjs.org/@firebase%2fmessaging-compat cache-miss
736 silly packumentCache corgi:https://registry.npmjs.org/@firebase%2ffirestore-types cache-miss
737 silly packumentCache corgi:https://registry.npmjs.org/@firebase%2ffunctions-compat cache-miss
738 silly packumentCache corgi:https://registry.npmjs.org/@firebase%2fdatabase-compat cache-miss
739 silly packumentCache corgi:https://registry.npmjs.org/@firebase%2finstallations cache-miss
740 silly packumentCache corgi:https://registry.npmjs.org/@firebase%2fdatabase cache-miss
741 silly packumentCache corgi:https://registry.npmjs.org/@firebase%2ffirestore-compat cache-miss
742 silly packumentCache corgi:https://registry.npmjs.org/@firebase%2fcomponent cache-miss
743 silly packumentCache corgi:https://registry.npmjs.org/@radix-ui%2freact-compose-refs cache-miss
744 silly packumentCache corgi:https://registry.npmjs.org/@firebase%2fauth-types cache-miss
745 silly packumentCache corgi:https://registry.npmjs.org/@firebase%2fdata-connect cache-miss
746 silly packumentCache corgi:https://registry.npmjs.org/@firebase%2fauth-compat cache-miss
747 silly packumentCache corgi:https://registry.npmjs.org/@firebase%2fapp-compat cache-miss
748 silly packumentCache corgi:https://registry.npmjs.org/@firebase%2fauth-interop-types cache-miss
749 silly packumentCache corgi:https://registry.npmjs.org/@firebase%2fapp-check-types cache-miss
750 silly packumentCache corgi:https://registry.npmjs.org/@firebase%2fdatabase-types cache-miss
751 silly packumentCache corgi:https://registry.npmjs.org/@firebase%2fapp-types cache-miss
752 silly packumentCache corgi:https://registry.npmjs.org/@firebase%2fapp-check-interop-types cache-miss
753 silly packumentCache corgi:https://registry.npmjs.org/@firebase%2fauth cache-miss
754 silly packumentCache corgi:https://registry.npmjs.org/@firebase%2ffunctions cache-miss
755 silly packumentCache corgi:https://registry.npmjs.org/@firebase%2fanalytics-types cache-miss
756 silly packumentCache corgi:https://registry.npmjs.org/@firebase%2ffirestore cache-miss
757 silly packumentCache corgi:https://registry.npmjs.org/@firebase%2fanalytics cache-miss
758 silly packumentCache corgi:https://registry.npmjs.org/@firebase%2fapp-check-compat cache-miss
759 silly packumentCache corgi:https://registry.npmjs.org/@firebase%2fai cache-miss
760 silly packumentCache corgi:https://registry.npmjs.org/@firebase%2fapp-check cache-miss
761 silly packumentCache corgi:https://registry.npmjs.org/@firebase%2fanalytics-compat cache-miss
762 silly packumentCache corgi:https://registry.npmjs.org/@expo%2fvector-icons cache-miss
763 silly packumentCache corgi:https://registry.npmjs.org/@expo%2fsdk-runtime-versions cache-miss
764 silly packumentCache corgi:https://registry.npmjs.org/@expo%2fspawn-async cache-miss
765 silly packumentCache corgi:https://registry.npmjs.org/@expo%2fschema-utils cache-miss
766 silly packumentCache corgi:https://registry.npmjs.org/@expo%2frequire-utils cache-miss
767 silly packumentCache corgi:https://registry.npmjs.org/@expo%2fngrok-bin-darwin-arm64 cache-miss
768 silly packumentCache corgi:https://registry.npmjs.org/@expo%2fplist cache-miss
769 silly packumentCache corgi:https://registry.npmjs.org/@expo%2fngrok-bin cache-miss
770 silly packumentCache corgi:https://registry.npmjs.org/@expo%2fprebuild-config cache-miss
771 silly packumentCache corgi:https://registry.npmjs.org/@expo%2fngrok cache-miss
772 silly packumentCache corgi:https://registry.npmjs.org/@expo%2fmetro-runtime cache-miss
773 silly packumentCache corgi:https://registry.npmjs.org/@expo%2fjson-file cache-miss
774 silly packumentCache corgi:https://registry.npmjs.org/@expo%2fenv cache-miss
775 silly packumentCache corgi:https://registry.npmjs.org/@expo%2fdevtools cache-miss
776 silly packumentCache corgi:https://registry.npmjs.org/@expo%2fimage-utils cache-miss
777 silly packumentCache corgi:https://registry.npmjs.org/@expo%2fconfig-types cache-miss
778 silly packumentCache corgi:https://registry.npmjs.org/@expo%2fconfig-plugins cache-miss
779 silly packumentCache corgi:https://registry.npmjs.org/@eslint%2fjs cache-miss
780 silly packumentCache corgi:https://registry.npmjs.org/@eslint%2fplugin-kit cache-miss
781 silly packumentCache corgi:https://registry.npmjs.org/@expo%2fconfig cache-miss
782 silly packumentCache corgi:https://registry.npmjs.org/@eslint%2feslintrc cache-miss
783 silly packumentCache corgi:https://registry.npmjs.org/@eslint%2fobject-schema cache-miss
784 silly packumentCache corgi:https://registry.npmjs.org/@eslint%2fconfig-array cache-miss
785 silly packumentCache corgi:https://registry.npmjs.org/@egjs%2fhammerjs cache-miss
786 silly packumentCache corgi:https://registry.npmjs.org/@eslint%2fcore cache-miss
787 silly packumentCache corgi:https://registry.npmjs.org/@eslint%2fconfig-helpers cache-miss
788 silly packumentCache corgi:https://registry.npmjs.org/@babel%2ftypes cache-miss
789 silly packumentCache corgi:https://registry.npmjs.org/@eslint-community%2fregexpp cache-miss
790 silly packumentCache corgi:https://registry.npmjs.org/@babel%2fpreset-typescript cache-miss
791 silly packumentCache corgi:https://registry.npmjs.org/@babel%2ftraverse cache-miss
792 silly packumentCache corgi:https://registry.npmjs.org/@babel%2ftemplate cache-miss
793 silly packumentCache corgi:https://registry.npmjs.org/@babel%2ftraverse cache-miss
794 silly packumentCache corgi:https://registry.npmjs.org/@babel%2fruntime cache-miss
795 silly packumentCache corgi:https://registry.npmjs.org/@babel%2fplugin-transform-typescript cache-miss
796 silly packumentCache corgi:https://registry.npmjs.org/@babel%2fplugin-transform-sticky-regex cache-miss
797 silly packumentCache corgi:https://registry.npmjs.org/@babel%2fplugin-transform-runtime cache-miss
798 silly packumentCache corgi:https://registry.npmjs.org/@babel%2fplugin-transform-unicode-regex cache-miss
799 silly packumentCache corgi:https://registry.npmjs.org/@babel%2fplugin-transform-shorthand-properties cache-miss
800 silly packumentCache corgi:https://registry.npmjs.org/@babel%2fplugin-transform-react-jsx-source cache-miss
801 silly packumentCache corgi:https://registry.npmjs.org/@babel%2fplugin-transform-regenerator cache-miss
802 silly packumentCache corgi:https://registry.npmjs.org/@babel%2fplugin-transform-spread cache-miss
803 silly packumentCache corgi:https://registry.npmjs.org/@firebase%2fapp cache-miss
804 silly packumentCache corgi:https://registry.npmjs.org/@babel%2fplugin-transform-react-jsx-self cache-miss
805 silly packumentCache corgi:https://registry.npmjs.org/@babel%2fplugin-transform-react-jsx cache-miss
806 silly packumentCache corgi:https://registry.npmjs.org/@babel%2fplugin-transform-private-property-in-object cache-miss
807 silly packumentCache corgi:https://registry.npmjs.org/@babel%2fplugin-transform-react-jsx-development cache-miss
808 silly packumentCache corgi:https://registry.npmjs.org/@babel%2fplugin-transform-react-pure-annotations cache-miss
809 silly packumentCache corgi:https://registry.npmjs.org/@babel%2fplugin-transform-parameters cache-miss
810 silly packumentCache corgi:https://registry.npmjs.org/@babel%2fpreset-react cache-miss
811 silly packumentCache corgi:https://registry.npmjs.org/@babel%2fplugin-transform-react-display-name cache-miss
812 silly packumentCache corgi:https://registry.npmjs.org/@eslint-community%2feslint-utils cache-miss
813 silly packumentCache corgi:https://registry.npmjs.org/@babel%2fplugin-transform-optional-catch-binding cache-miss
814 silly packumentCache corgi:https://registry.npmjs.org/@babel%2fplugin-transform-template-literals cache-miss
815 silly packumentCache corgi:https://registry.npmjs.org/@babel%2fplugin-transform-optional-chaining cache-miss
816 silly packumentCache corgi:https://registry.npmjs.org/@babel%2fplugin-transform-object-rest-spread cache-miss
817 silly packumentCache corgi:https://registry.npmjs.org/@babel%2fplugin-transform-numeric-separator cache-miss
818 silly packumentCache corgi:https://registry.npmjs.org/@babel%2fplugin-transform-logical-assignment-operators cache-miss
819 silly packumentCache corgi:https://registry.npmjs.org/@babel%2fplugin-transform-modules-commonjs cache-miss
820 silly packumentCache corgi:https://registry.npmjs.org/@babel%2fplugin-transform-nullish-coalescing-operator cache-miss
821 silly packumentCache corgi:https://registry.npmjs.org/@babel%2fplugin-transform-named-capturing-groups-regex cache-miss
822 silly packumentCache corgi:https://registry.npmjs.org/@babel%2fplugin-transform-private-methods cache-miss
823 silly packumentCache corgi:https://registry.npmjs.org/@babel%2fplugin-transform-destructuring cache-miss
824 silly packumentCache corgi:https://registry.npmjs.org/@babel%2fplugin-transform-for-of cache-miss
825 silly packumentCache corgi:https://registry.npmjs.org/@babel%2fplugin-transform-export-namespace-from cache-miss
826 silly packumentCache corgi:https://registry.npmjs.org/@babel%2fplugin-transform-flow-strip-types cache-miss
827 silly packumentCache corgi:https://registry.npmjs.org/@babel%2fplugin-transform-computed-properties cache-miss
828 silly packumentCache corgi:https://registry.npmjs.org/@babel%2fplugin-transform-async-generator-functions cache-miss
829 silly packumentCache corgi:https://registry.npmjs.org/@babel%2fplugin-transform-classes cache-miss
830 silly packumentCache corgi:https://registry.npmjs.org/@babel%2fplugin-transform-class-properties cache-miss
831 silly packumentCache corgi:https://registry.npmjs.org/@babel%2fplugin-transform-block-scoping cache-miss
832 silly packumentCache corgi:https://registry.npmjs.org/@babel%2fplugin-transform-class-static-block cache-miss
833 silly packumentCache corgi:https://registry.npmjs.org/@babel%2fplugin-transform-async-to-generator cache-miss
834 silly packumentCache corgi:https://registry.npmjs.org/@babel%2fplugin-syntax-typescript cache-miss
835 silly packumentCache corgi:https://registry.npmjs.org/@babel%2fplugin-syntax-top-level-await cache-miss
836 silly packumentCache corgi:https://registry.npmjs.org/@babel%2fplugin-syntax-private-property-in-object cache-miss
837 silly packumentCache corgi:https://registry.npmjs.org/@babel%2fplugin-transform-arrow-functions cache-miss
838 silly packumentCache corgi:https://registry.npmjs.org/@babel%2fplugin-transform-literals cache-miss
839 silly packumentCache corgi:https://registry.npmjs.org/@babel%2fplugin-transform-function-name cache-miss
840 silly packumentCache corgi:https://registry.npmjs.org/@babel%2fplugin-syntax-numeric-separator cache-miss
841 silly packumentCache corgi:https://registry.npmjs.org/@babel%2fplugin-syntax-optional-catch-binding cache-miss
842 silly packumentCache corgi:https://registry.npmjs.org/@babel%2fplugin-syntax-jsx cache-miss
843 silly packumentCache corgi:https://registry.npmjs.org/@babel%2fplugin-syntax-json-strings cache-miss
844 silly packumentCache corgi:https://registry.npmjs.org/@babel%2fplugin-syntax-import-meta cache-miss
845 silly packumentCache corgi:https://registry.npmjs.org/@babel%2fplugin-syntax-logical-assignment-operators cache-miss
846 silly packumentCache corgi:https://registry.npmjs.org/@babel%2fplugin-syntax-import-attributes cache-miss
847 silly packumentCache corgi:https://registry.npmjs.org/@babel%2fplugin-syntax-export-default-from cache-miss
848 silly packumentCache corgi:https://registry.npmjs.org/@babel%2fplugin-syntax-flow cache-miss
849 silly packumentCache corgi:https://registry.npmjs.org/@babel%2fplugin-syntax-dynamic-import cache-miss
850 silly packumentCache corgi:https://registry.npmjs.org/@babel%2fplugin-syntax-nullish-coalescing-operator cache-miss
851 silly packumentCache corgi:https://registry.npmjs.org/@babel%2fplugin-syntax-class-static-block cache-miss
852 silly packumentCache corgi:https://registry.npmjs.org/@babel%2fplugin-syntax-decorators cache-miss
853 silly packumentCache corgi:https://registry.npmjs.org/@babel%2fplugin-syntax-class-properties cache-miss
854 silly packumentCache corgi:https://registry.npmjs.org/@babel%2fplugin-syntax-async-generators cache-miss
855 silly packumentCache corgi:https://registry.npmjs.org/@babel%2fplugin-syntax-bigint cache-miss
856 silly packumentCache corgi:https://registry.npmjs.org/@babel%2fhighlight cache-miss
857 silly packumentCache corgi:https://registry.npmjs.org/@babel%2fplugin-proposal-export-default-from cache-miss
858 silly packumentCache corgi:https://registry.npmjs.org/@babel%2fplugin-syntax-optional-chaining cache-miss
859 silly packumentCache corgi:https://registry.npmjs.org/@babel%2fplugin-syntax-object-rest-spread cache-miss
860 silly packumentCache corgi:https://registry.npmjs.org/@babel%2fhelpers cache-miss
861 silly packumentCache corgi:https://registry.npmjs.org/@babel%2fplugin-proposal-decorators cache-miss
862 silly packumentCache corgi:https://registry.npmjs.org/@babel%2fhelper-replace-supers cache-miss
863 silly packumentCache corgi:https://registry.npmjs.org/@babel%2fhelper-remap-async-to-generator cache-miss
864 silly packumentCache corgi:https://registry.npmjs.org/@babel%2fhelper-validator-option cache-miss
865 silly packumentCache corgi:https://registry.npmjs.org/@babel%2fhelper-skip-transparent-expression-wrappers cache-miss
866 silly packumentCache corgi:https://registry.npmjs.org/@babel%2fhelper-wrap-function cache-miss
867 silly packumentCache corgi:https://registry.npmjs.org/@babel%2fhelper-optimise-call-expression cache-miss
868 silly packumentCache corgi:https://registry.npmjs.org/@babel%2fhelper-plugin-utils cache-miss
869 silly packumentCache corgi:https://registry.npmjs.org/@babel%2fhelper-member-expression-to-functions cache-miss
870 silly packumentCache corgi:https://registry.npmjs.org/@babel%2fhelper-string-parser cache-miss
871 silly packumentCache corgi:https://registry.npmjs.org/@babel%2fhelper-validator-identifier cache-miss
872 silly packumentCache corgi:https://registry.npmjs.org/@babel%2fparser cache-miss
873 silly packumentCache corgi:https://registry.npmjs.org/@babel%2fhelper-module-transforms cache-miss
874 silly packumentCache corgi:https://registry.npmjs.org/@babel%2fhelper-define-polyfill-provider cache-miss
875 silly packumentCache corgi:https://registry.npmjs.org/@babel%2fhelper-module-imports cache-miss
876 silly packumentCache corgi:https://registry.npmjs.org/@babel%2fhelper-create-class-features-plugin cache-miss
877 silly packumentCache corgi:https://registry.npmjs.org/@babel%2fhelper-annotate-as-pure cache-miss
878 silly packumentCache corgi:https://registry.npmjs.org/@babel%2fhelper-compilation-targets cache-miss
879 silly packumentCache corgi:https://registry.npmjs.org/@babel%2fhelper-create-regexp-features-plugin cache-miss
880 silly packumentCache corgi:https://registry.npmjs.org/@babel%2fhelper-globals cache-miss
881 silly packumentCache corgi:https://registry.npmjs.org/@babel%2fcode-frame cache-miss
882 silly packumentCache corgi:https://registry.npmjs.org/@babel%2fcore cache-miss
883 silly packumentCache corgi:https://registry.npmjs.org/@babel%2fgenerator cache-miss
884 silly packumentCache corgi:https://registry.npmjs.org/@babel%2fcompat-data cache-miss
885 silly packumentCache corgi:https://registry.npmjs.org/@radix-ui%2freact-presence cache-miss
886 silly packumentCache corgi:https://registry.npmjs.org/@radix-ui%2freact-slot cache-miss
887 silly packumentCache corgi:https://registry.npmjs.org/webidl-conversions cache-miss
888 silly packumentCache corgi:https://registry.npmjs.org/@radix-ui%2freact-dismissable-layer cache-miss
889 silly packumentCache corgi:https://registry.npmjs.org/@radix-ui%2freact-primitive cache-miss
890 silly packumentCache corgi:https://registry.npmjs.org/@radix-ui%2freact-focus-scope cache-miss
891 silly packumentCache corgi:https://registry.npmjs.org/@radix-ui%2freact-dialog cache-miss
892 silly packumentCache corgi:https://registry.npmjs.org/json5 cache-miss
893 silly packumentCache corgi:https://registry.npmjs.org/@radix-ui%2freact-portal cache-miss
894 silly packumentCache corgi:https://registry.npmjs.org/uuid cache-miss
895 silly packumentCache corgi:https://registry.npmjs.org/xmlbuilder cache-miss
896 silly packumentCache corgi:https://registry.npmjs.org/commander cache-miss
897 silly packumentCache corgi:https://registry.npmjs.org/glob cache-miss
898 silly packumentCache corgi:https://registry.npmjs.org/commander cache-miss
899 silly packumentCache corgi:https://registry.npmjs.org/escape-string-regexp cache-miss
900 silly packumentCache corgi:https://registry.npmjs.org/source-map cache-miss
901 silly packumentCache corgi:https://registry.npmjs.org/encodeurl cache-miss
902 silly packumentCache corgi:https://registry.npmjs.org/statuses cache-miss
903 silly packumentCache corgi:https://registry.npmjs.org/on-finished cache-miss
904 silly packumentCache corgi:https://registry.npmjs.org/encodeurl cache-miss
905 silly packumentCache corgi:https://registry.npmjs.org/glob cache-miss
906 silly packumentCache corgi:https://registry.npmjs.org/debug cache-miss
907 silly packumentCache corgi:https://registry.npmjs.org/ms cache-miss
908 silly packumentCache corgi:https://registry.npmjs.org/semver cache-miss
909 silly packumentCache corgi:https://registry.npmjs.org/semver cache-miss
910 silly packumentCache corgi:https://registry.npmjs.org/ws cache-miss
911 silly packumentCache corgi:https://registry.npmjs.org/semver cache-miss
912 silly packumentCache corgi:https://registry.npmjs.org/@react-native%2fnormalize-colors cache-miss
913 silly packumentCache corgi:https://registry.npmjs.org/glob cache-miss
914 silly packumentCache corgi:https://registry.npmjs.org/memoize-one cache-miss
915 silly packumentCache corgi:https://registry.npmjs.org/commander cache-miss
916 silly packumentCache corgi:https://registry.npmjs.org/@react-native%2fvirtualized-lists cache-miss
917 silly packumentCache corgi:https://registry.npmjs.org/react-is cache-miss
918 silly packumentCache corgi:https://registry.npmjs.org/react-is cache-miss
919 silly packumentCache corgi:https://registry.npmjs.org/lru-cache cache-miss
920 silly packumentCache corgi:https://registry.npmjs.org/@xmldom%2fxmldom cache-miss
921 silly packumentCache corgi:https://registry.npmjs.org/ansi-styles cache-miss
922 silly packumentCache corgi:https://registry.npmjs.org/yaml cache-miss
923 silly packumentCache corgi:https://registry.npmjs.org/hermes-estree cache-miss
924 silly packumentCache corgi:https://registry.npmjs.org/hermes-estree cache-miss
925 silly packumentCache corgi:https://registry.npmjs.org/hermes-parser cache-miss
926 silly packumentCache corgi:https://registry.npmjs.org/hermes-parser cache-miss
927 silly packumentCache corgi:https://registry.npmjs.org/picomatch cache-miss
928 silly packumentCache corgi:https://registry.npmjs.org/ms cache-miss
929 silly packumentCache corgi:https://registry.npmjs.org/debug cache-miss
930 silly packumentCache corgi:https://registry.npmjs.org/supports-color cache-miss
931 silly packumentCache corgi:https://registry.npmjs.org/picomatch cache-miss
932 silly packumentCache corgi:https://registry.npmjs.org/ci-info cache-miss
933 silly packumentCache corgi:https://registry.npmjs.org/statuses cache-miss
934 silly packumentCache corgi:https://registry.npmjs.org/semver cache-miss
935 silly packumentCache corgi:https://registry.npmjs.org/react-is cache-miss
936 silly packumentCache corgi:https://registry.npmjs.org/minimatch cache-miss
937 silly packumentCache corgi:https://registry.npmjs.org/brace-expansion cache-miss
938 silly packumentCache corgi:https://registry.npmjs.org/ms cache-miss
939 silly packumentCache corgi:https://registry.npmjs.org/debug cache-miss
940 silly packumentCache corgi:https://registry.npmjs.org/resolve-from cache-miss
941 silly packumentCache corgi:https://registry.npmjs.org/semver cache-miss
942 silly packumentCache corgi:https://registry.npmjs.org/promise cache-miss
943 silly packumentCache corgi:https://registry.npmjs.org/balanced-match cache-miss
944 silly packumentCache corgi:https://registry.npmjs.org/@radix-ui%2freact-tabs cache-miss
945 silly packumentCache corgi:https://registry.npmjs.org/@radix-ui%2freact-roving-focus cache-miss
946 silly packumentCache corgi:https://registry.npmjs.org/@radix-ui%2freact-primitive cache-miss
947 silly packumentCache corgi:https://registry.npmjs.org/@radix-ui%2freact-presence cache-miss
948 silly packumentCache corgi:https://registry.npmjs.org/@radix-ui%2freact-collection cache-miss
949 silly packumentCache corgi:https://registry.npmjs.org/@radix-ui%2freact-slot cache-miss
950 silly packumentCache corgi:https://registry.npmjs.org/@radix-ui%2freact-slot cache-miss
951 silly packumentCache corgi:https://registry.npmjs.org/json-schema-traverse cache-miss
952 silly packumentCache corgi:https://registry.npmjs.org/ajv cache-miss
953 silly packumentCache corgi:https://registry.npmjs.org/semver cache-miss
954 silly packumentCache corgi:https://registry.npmjs.org/json-schema-traverse cache-miss
955 silly packumentCache corgi:https://registry.npmjs.org/ajv cache-miss
956 silly packumentCache corgi:https://registry.npmjs.org/debug cache-miss
957 silly packumentCache corgi:https://registry.npmjs.org/globals cache-miss
958 silly packumentCache corgi:https://registry.npmjs.org/ms cache-miss
959 silly packumentCache corgi:https://registry.npmjs.org/debug cache-miss
960 silly packumentCache corgi:https://registry.npmjs.org/mimic-response cache-miss
961 silly packumentCache corgi:https://registry.npmjs.org/source-map cache-miss
962 silly packumentCache corgi:https://registry.npmjs.org/picomatch cache-miss
963 silly packumentCache corgi:https://registry.npmjs.org/semver cache-miss
964 silly packumentCache corgi:https://registry.npmjs.org/minimatch cache-miss
965 silly packumentCache corgi:https://registry.npmjs.org/debug cache-miss
966 silly packumentCache corgi:https://registry.npmjs.org/debug cache-miss
967 silly packumentCache corgi:https://registry.npmjs.org/eslint-visitor-keys cache-miss
968 silly packumentCache corgi:https://registry.npmjs.org/ws cache-miss
969 silly packumentCache corgi:https://registry.npmjs.org/p-limit cache-miss
970 silly packumentCache corgi:https://registry.npmjs.org/p-locate cache-miss
971 silly packumentCache corgi:https://registry.npmjs.org/balanced-match cache-miss
972 silly packumentCache corgi:https://registry.npmjs.org/brace-expansion cache-miss
973 silly packumentCache corgi:https://registry.npmjs.org/locate-path cache-miss
974 silly packumentCache corgi:https://registry.npmjs.org/semver cache-miss
975 silly packumentCache corgi:https://registry.npmjs.org/js-yaml cache-miss
976 silly packumentCache corgi:https://registry.npmjs.org/ignore cache-miss
977 silly packumentCache corgi:https://registry.npmjs.org/argparse cache-miss
978 silly packumentCache corgi:https://registry.npmjs.org/find-up cache-miss
979 silly packumentCache corgi:https://registry.npmjs.org/camelcase cache-miss
980 silly packumentCache corgi:https://registry.npmjs.org/semver cache-miss
981 silly packumentCache corgi:https://registry.npmjs.org/semver cache-miss
982 silly packumentCache corgi:https://registry.npmjs.org/semver cache-miss
983 silly packumentCache corgi:https://registry.npmjs.org/semver cache-miss
984 silly packumentCache corgi:https://registry.npmjs.org/@babel%2fcode-frame cache-miss
985 silly packumentCache corgi:https://registry.npmjs.org/escape-string-regexp cache-miss
986 silly packumentCache corgi:https://registry.npmjs.org/eslint-visitor-keys cache-miss
987 silly packumentCache corgi:https://registry.npmjs.org/color-name cache-miss
988 silly packumentCache corgi:https://registry.npmjs.org/has-flag cache-miss
989 silly packumentCache corgi:https://registry.npmjs.org/ansi-styles cache-miss
990 silly packumentCache corgi:https://registry.npmjs.org/glob cache-miss
991 silly packumentCache corgi:https://registry.npmjs.org/supports-color cache-miss
992 silly packumentCache corgi:https://registry.npmjs.org/color-convert cache-miss
993 silly packumentCache corgi:https://registry.npmjs.org/chalk cache-miss
994 silly packumentCache corgi:https://registry.npmjs.org/resolve cache-miss
995 silly tarball no local data for wonka@https://registry.npmjs.org/wonka/-/wonka-6.3.6.tgz. Extracting by manifest.
996 silly tarball no local data for vary@https://registry.npmjs.org/vary/-/vary-1.1.2.tgz. Extracting by manifest.
997 silly tarball no local data for validate-npm-package-name@https://registry.npmjs.org/validate-npm-package-name/-/validate-npm-package-name-5.0.1.tgz. Extracting by manifest.
998 silly tarball no local data for wcwidth@https://registry.npmjs.org/wcwidth/-/wcwidth-1.0.1.tgz. Extracting by manifest.
999 silly tarball no local data for undici@https://registry.npmjs.org/undici/-/undici-6.25.0.tgz. Extracting by manifest.
1000 silly tarball no local data for tar@https://registry.npmjs.org/tar/-/tar-7.5.13.tgz. Extracting by manifest.
1001 silly tarball no local data for supports-hyperlinks@https://registry.npmjs.org/supports-hyperlinks/-/supports-hyperlinks-2.3.0.tgz. Extracting by manifest.
1002 silly tarball no local data for terminal-link@https://registry.npmjs.org/terminal-link/-/terminal-link-2.1.1.tgz. Extracting by manifest.
1003 silly tarball no local data for structured-headers@https://registry.npmjs.org/structured-headers/-/structured-headers-0.4.1.tgz. Extracting by manifest.
1004 silly tarball no local data for sisteransi@https://registry.npmjs.org/sisteransi/-/sisteransi-1.0.5.tgz. Extracting by manifest.
1005 silly tarball no local data for source-map-js@https://registry.npmjs.org/source-map-js/-/source-map-js-1.2.1.tgz. Extracting by manifest.
1006 silly tarball no local data for restore-cursor@https://registry.npmjs.org/restore-cursor/-/restore-cursor-2.0.0.tgz. Extracting by manifest.
1007 silly tarball no local data for resolve.exports@https://registry.npmjs.org/resolve.exports/-/resolve.exports-2.0.3.tgz. Extracting by manifest.
1008 silly tarball no local data for requireg@https://registry.npmjs.org/requireg/-/requireg-0.2.2.tgz. Extracting by manifest.
1009 silly tarball no local data for rc@https://registry.npmjs.org/rc/-/rc-1.2.8.tgz. Extracting by manifest.
1010 silly tarball no local data for qrcode-terminal@https://registry.npmjs.org/qrcode-terminal/-/qrcode-terminal-0.11.0.tgz. Extracting by manifest.
1011 silly tarball no local data for prompts@https://registry.npmjs.org/prompts/-/prompts-2.4.2.tgz. Extracting by manifest.
1012 silly tarball no local data for proc-log@https://registry.npmjs.org/proc-log/-/proc-log-4.2.0.tgz. Extracting by manifest.
1013 silly tarball no local data for progress@https://registry.npmjs.org/progress/-/progress-2.0.3.tgz. Extracting by manifest.
1014 silly tarball no local data for postcss@https://registry.npmjs.org/postcss/-/postcss-8.4.49.tgz. Extracting by manifest.
1015 silly tarball no local data for pretty-bytes@https://registry.npmjs.org/pretty-bytes/-/pretty-bytes-5.6.0.tgz. Extracting by manifest.
1016 silly tarball no local data for onetime@https://registry.npmjs.org/onetime/-/onetime-2.0.1.tgz. Extracting by manifest.
1017 silly tarball no local data for ora@https://registry.npmjs.org/ora/-/ora-3.4.0.tgz. Extracting by manifest.
1018 silly tarball no local data for on-headers@https://registry.npmjs.org/on-headers/-/on-headers-1.1.0.tgz. Extracting by manifest.
1019 silly tarball no local data for npm-package-arg@https://registry.npmjs.org/npm-package-arg/-/npm-package-arg-11.0.3.tgz. Extracting by manifest.
1020 silly tarball no local data for nested-error-stacks@https://registry.npmjs.org/nested-error-stacks/-/nested-error-stacks-2.0.1.tgz. Extracting by manifest.
1021 silly tarball no local data for node-forge@https://registry.npmjs.org/node-forge/-/node-forge-1.4.0.tgz. Extracting by manifest.
1022 silly tarball no local data for minizlib@https://registry.npmjs.org/minizlib/-/minizlib-3.1.0.tgz. Extracting by manifest.
1023 silly tarball no local data for mimic-fn@https://registry.npmjs.org/mimic-fn/-/mimic-fn-1.2.0.tgz. Extracting by manifest.
1024 silly tarball no local data for log-symbols@https://registry.npmjs.org/log-symbols/-/log-symbols-2.2.0.tgz. Extracting by manifest.
1025 silly tarball no local data for lightningcss-darwin-arm64@https://registry.npmjs.org/lightningcss-darwin-arm64/-/lightningcss-darwin-arm64-1.32.0.tgz. Extracting by manifest.
1026 silly tarball no local data for kleur@https://registry.npmjs.org/kleur/-/kleur-3.0.3.tgz. Extracting by manifest.
1027 silly tarball no local data for lightningcss@https://registry.npmjs.org/lightningcss/-/lightningcss-1.32.0.tgz. Extracting by manifest.
1028 silly tarball no local data for lan-network@https://registry.npmjs.org/lan-network/-/lan-network-0.1.7.tgz. Extracting by manifest.
1029 silly tarball no local data for ini@https://registry.npmjs.org/ini/-/ini-1.3.8.tgz. Extracting by manifest.
1030 silly tarball no local data for hosted-git-info@https://registry.npmjs.org/hosted-git-info/-/hosted-git-info-7.0.2.tgz. Extracting by manifest.
1031 silly tarball no local data for freeport-async@https://registry.npmjs.org/freeport-async/-/freeport-async-2.0.0.tgz. Extracting by manifest.
1032 silly tarball no local data for expo-modules-core@https://registry.npmjs.org/expo-modules-core/-/expo-modules-core-3.0.29.tgz. Extracting by manifest.
1033 silly tarball no local data for expo-modules-autolinking@https://registry.npmjs.org/expo-modules-autolinking/-/expo-modules-autolinking-3.0.24.tgz. Extracting by manifest.
1034 silly tarball no local data for expo@https://registry.npmjs.org/expo/-/expo-54.0.33.tgz. Extracting by manifest.
1035 silly tarball no local data for env-editor@https://registry.npmjs.org/env-editor/-/env-editor-0.4.2.tgz. Extracting by manifest.
1036 silly tarball no local data for detect-libc@https://registry.npmjs.org/detect-libc/-/detect-libc-2.1.2.tgz. Extracting by manifest.
1037 silly tarball no local data for deep-extend@https://registry.npmjs.org/deep-extend/-/deep-extend-0.6.0.tgz. Extracting by manifest.
1038 silly tarball no local data for defaults@https://registry.npmjs.org/defaults/-/defaults-1.0.4.tgz. Extracting by manifest.
1039 silly tarball no local data for define-lazy-prop@https://registry.npmjs.org/define-lazy-prop/-/define-lazy-prop-2.0.0.tgz. Extracting by manifest.
1040 silly tarball no local data for compression@https://registry.npmjs.org/compression/-/compression-1.8.1.tgz. Extracting by manifest.
1041 silly tarball no local data for compressible@https://registry.npmjs.org/compressible/-/compressible-2.0.18.tgz. Extracting by manifest.
1042 silly tarball no local data for commander@https://registry.npmjs.org/commander/-/commander-7.2.0.tgz. Extracting by manifest.
1043 silly tarball no local data for cli-spinners@https://registry.npmjs.org/cli-spinners/-/cli-spinners-2.9.2.tgz. Extracting by manifest.
1044 silly tarball no local data for clone@https://registry.npmjs.org/clone/-/clone-1.0.4.tgz. Extracting by manifest.
1045 silly tarball no local data for chownr@https://registry.npmjs.org/chownr/-/chownr-3.0.0.tgz. Extracting by manifest.
1046 silly tarball no local data for cli-cursor@https://registry.npmjs.org/cli-cursor/-/cli-cursor-2.1.0.tgz. Extracting by manifest.
1047 silly tarball no local data for bytes@https://registry.npmjs.org/bytes/-/bytes-3.1.2.tgz. Extracting by manifest.
1048 silly tarball no local data for better-opn@https://registry.npmjs.org/better-opn/-/better-opn-3.0.2.tgz. Extracting by manifest.
1049 silly tarball no local data for arg@https://registry.npmjs.org/arg/-/arg-5.0.2.tgz. Extracting by manifest.
1050 silly tarball no local data for @urql/exchange-retry@https://registry.npmjs.org/@urql/exchange-retry/-/exchange-retry-1.3.2.tgz. Extracting by manifest.
1051 silly tarball no local data for @urql/core@https://registry.npmjs.org/@urql/core/-/core-5.2.0.tgz. Extracting by manifest.
1052 silly tarball no local data for ansi-escapes@https://registry.npmjs.org/ansi-escapes/-/ansi-escapes-4.3.2.tgz. Extracting by manifest.
1053 silly tarball no local data for @isaacs/fs-minipass@https://registry.npmjs.org/@isaacs/fs-minipass/-/fs-minipass-4.0.1.tgz. Extracting by manifest.
1054 silly tarball no local data for @expo/xcpretty@https://registry.npmjs.org/@expo/xcpretty/-/xcpretty-4.4.3.tgz. Extracting by manifest.
1055 silly tarball no local data for @expo/ws-tunnel@https://registry.npmjs.org/@expo/ws-tunnel/-/ws-tunnel-1.0.6.tgz. Extracting by manifest.
1056 silly tarball no local data for @expo/sudo-prompt@https://registry.npmjs.org/@expo/sudo-prompt/-/sudo-prompt-9.3.2.tgz. Extracting by manifest.
1057 silly tarball no local data for @expo/package-manager@https://registry.npmjs.org/@expo/package-manager/-/package-manager-1.10.4.tgz. Extracting by manifest.
1058 silly tarball no local data for @expo/osascript@https://registry.npmjs.org/@expo/osascript/-/osascript-2.4.2.tgz. Extracting by manifest.
1059 silly tarball no local data for @expo/metro-config@https://registry.npmjs.org/@expo/metro-config/-/metro-config-54.0.14.tgz. Extracting by manifest.
1060 silly tarball no local data for @expo/fingerprint@https://registry.npmjs.org/@expo/fingerprint/-/fingerprint-0.15.4.tgz. Extracting by manifest.
1061 silly tarball no local data for @expo/metro@https://registry.npmjs.org/@expo/metro/-/metro-54.2.0.tgz. Extracting by manifest.
1062 silly tarball no local data for @expo/code-signing-certificates@https://registry.npmjs.org/@expo/code-signing-certificates/-/code-signing-certificates-0.0.6.tgz. Extracting by manifest.
1063 silly tarball no local data for @expo/devcert@https://registry.npmjs.org/@expo/devcert/-/devcert-1.2.1.tgz. Extracting by manifest.
1064 silly tarball no local data for @expo/cli@https://registry.npmjs.org/@expo/cli/-/cli-54.0.23.tgz. Extracting by manifest.
1065 silly tarball no local data for @0no-co/graphql.web@https://registry.npmjs.org/@0no-co/graphql.web/-/graphql.web-1.2.0.tgz. Extracting by manifest.
1066 silly tarball no local data for yallist@https://registry.npmjs.org/yallist/-/yallist-5.0.0.tgz. Extracting by manifest.
1067 silly tarball no local data for resolve@https://registry.npmjs.org/resolve/-/resolve-1.7.1.tgz. Extracting by manifest.
1068 silly tarball no local data for strip-json-comments@https://registry.npmjs.org/strip-json-comments/-/strip-json-comments-2.0.1.tgz. Extracting by manifest.
1069 silly tarball no local data for supports-color@https://registry.npmjs.org/supports-color/-/supports-color-5.5.0.tgz. Extracting by manifest.
1070 silly tarball no local data for strip-ansi@https://registry.npmjs.org/strip-ansi/-/strip-ansi-5.2.0.tgz. Extracting by manifest.
1071 silly tarball no local data for has-flag@https://registry.npmjs.org/has-flag/-/has-flag-3.0.0.tgz. Extracting by manifest.
1072 silly tarball no local data for color-name@https://registry.npmjs.org/color-name/-/color-name-1.1.3.tgz. Extracting by manifest.
1073 silly tarball no local data for escape-string-regexp@https://registry.npmjs.org/escape-string-regexp/-/escape-string-regexp-1.0.5.tgz. Extracting by manifest.
1074 silly tarball no local data for ansi-regex@https://registry.npmjs.org/ansi-regex/-/ansi-regex-4.1.1.tgz. Extracting by manifest.
1075 silly tarball no local data for ansi-styles@https://registry.npmjs.org/ansi-styles/-/ansi-styles-3.2.1.tgz. Extracting by manifest.
1076 silly tarball no local data for semver@https://registry.npmjs.org/semver/-/semver-7.7.4.tgz. Extracting by manifest.
1077 silly tarball no local data for escape-string-regexp@https://registry.npmjs.org/escape-string-regexp/-/escape-string-regexp-1.0.5.tgz. Extracting by manifest.
1078 silly tarball no local data for color-convert@https://registry.npmjs.org/color-convert/-/color-convert-1.9.3.tgz. Extracting by manifest.
1079 silly tarball no local data for supports-color@https://registry.npmjs.org/supports-color/-/supports-color-5.5.0.tgz. Extracting by manifest.
1080 silly tarball no local data for chalk@https://registry.npmjs.org/chalk/-/chalk-2.4.2.tgz. Extracting by manifest.
1081 silly tarball no local data for color-name@https://registry.npmjs.org/color-name/-/color-name-1.1.3.tgz. Extracting by manifest.
1082 silly tarball no local data for ansi-styles@https://registry.npmjs.org/ansi-styles/-/ansi-styles-3.2.1.tgz. Extracting by manifest.
1083 silly tarball no local data for has-flag@https://registry.npmjs.org/has-flag/-/has-flag-3.0.0.tgz. Extracting by manifest.
1084 silly tarball no local data for color-convert@https://registry.npmjs.org/color-convert/-/color-convert-1.9.3.tgz. Extracting by manifest.
1085 silly tarball no local data for chalk@https://registry.npmjs.org/chalk/-/chalk-2.4.2.tgz. Extracting by manifest.
1086 silly tarball no local data for lru-cache@https://registry.npmjs.org/lru-cache/-/lru-cache-10.4.3.tgz. Extracting by manifest.
1087 silly tarball no local data for negotiator@https://registry.npmjs.org/negotiator/-/negotiator-0.6.4.tgz. Extracting by manifest.
1088 silly tarball no local data for ms@https://registry.npmjs.org/ms/-/ms-2.0.0.tgz. Extracting by manifest.
1089 silly tarball no local data for type-fest@https://registry.npmjs.org/type-fest/-/type-fest-0.21.3.tgz. Extracting by manifest.
1090 silly tarball no local data for open@https://registry.npmjs.org/open/-/open-8.4.2.tgz. Extracting by manifest.
1091 silly tarball no local data for debug@https://registry.npmjs.org/debug/-/debug-2.6.9.tgz. Extracting by manifest.
1092 silly tarball no local data for semver@https://registry.npmjs.org/semver/-/semver-7.7.4.tgz. Extracting by manifest.
1093 silly tarball no local data for minimatch@https://registry.npmjs.org/minimatch/-/minimatch-9.0.9.tgz. Extracting by manifest.
1094 silly tarball no local data for brace-expansion@https://registry.npmjs.org/brace-expansion/-/brace-expansion-2.1.0.tgz. Extracting by manifest.
1095 silly tarball no local data for brace-expansion@https://registry.npmjs.org/brace-expansion/-/brace-expansion-2.1.0.tgz. Extracting by manifest.
1096 silly tarball no local data for minimatch@https://registry.npmjs.org/minimatch/-/minimatch-9.0.9.tgz. Extracting by manifest.
1097 silly tarball no local data for ws@https://registry.npmjs.org/ws/-/ws-8.20.0.tgz. Extracting by manifest.
1098 silly tarball no local data for semver@https://registry.npmjs.org/semver/-/semver-7.7.4.tgz. Extracting by manifest.
1099 silly tarball no local data for resolve@https://registry.npmjs.org/resolve/-/resolve-1.22.12.tgz. Extracting by manifest.
1100 silly tarball no local data for ci-info@https://registry.npmjs.org/ci-info/-/ci-info-3.9.0.tgz. Extracting by manifest.
1101 silly tarball no local data for picomatch@https://registry.npmjs.org/picomatch/-/picomatch-3.0.2.tgz. Extracting by manifest.
1102 silly tarball no local data for brace-expansion@https://registry.npmjs.org/brace-expansion/-/brace-expansion-2.1.0.tgz. Extracting by manifest.
1103 silly tarball no local data for minimatch@https://registry.npmjs.org/minimatch/-/minimatch-9.0.9.tgz. Extracting by manifest.
1104 silly tarball no local data for debug@https://registry.npmjs.org/debug/-/debug-3.2.7.tgz. Extracting by manifest.
1105 http fetch GET 200 https://registry.npmjs.org/y18n 771ms (cache miss)
1106 silly packumentCache corgi:https://registry.npmjs.org/y18n set size:undefined disposed:false
1107 http fetch GET 200 https://registry.npmjs.org/yocto-queue 777ms (cache miss)
1108 silly packumentCache corgi:https://registry.npmjs.org/yocto-queue set size:undefined disposed:false
1109 http fetch GET 200 https://registry.npmjs.org/wrappy 783ms (cache miss)
1110 silly packumentCache corgi:https://registry.npmjs.org/wrappy set size:undefined disposed:false
1111 http fetch GET 200 https://registry.npmjs.org/wrap-ansi 791ms (cache miss)
1112 silly packumentCache corgi:https://registry.npmjs.org/wrap-ansi set size:undefined disposed:false
1113 http fetch GET 200 https://registry.npmjs.org/yaml 796ms (cache miss)
1114 silly packumentCache corgi:https://registry.npmjs.org/yaml set size:undefined disposed:false
1115 http fetch GET 200 https://registry.npmjs.org/yallist 802ms (cache miss)
1116 silly packumentCache corgi:https://registry.npmjs.org/yallist set size:undefined disposed:false
1117 http fetch GET 200 https://registry.npmjs.org/write-file-atomic 805ms (cache miss)
1118 silly packumentCache corgi:https://registry.npmjs.org/write-file-atomic set size:undefined disposed:false
1119 http fetch GET 200 https://registry.npmjs.org/xml2js 811ms (cache miss)
1120 silly packumentCache corgi:https://registry.npmjs.org/xml2js set size:undefined disposed:false
1121 http fetch GET 200 https://registry.npmjs.org/xmlbuilder 818ms (cache miss)
1122 silly packumentCache corgi:https://registry.npmjs.org/xmlbuilder set size:undefined disposed:false
1123 http fetch GET 200 https://registry.npmjs.org/yargs-parser 823ms (cache miss)
1124 silly packumentCache corgi:https://registry.npmjs.org/yargs-parser set size:undefined disposed:false
1125 http fetch GET 200 https://registry.npmjs.org/which-builtin-type 824ms (cache miss)
1126 silly packumentCache corgi:https://registry.npmjs.org/which-builtin-type set size:undefined disposed:false
1127 http fetch GET 200 https://registry.npmjs.org/npm 1595ms
1128 http fetch GET 200 https://registry.npmjs.org/word-wrap 849ms (cache miss)
1129 silly packumentCache corgi:https://registry.npmjs.org/word-wrap set size:undefined disposed:false
1130 http fetch GET 200 https://registry.npmjs.org/which-collection 857ms (cache miss)
1131 silly packumentCache corgi:https://registry.npmjs.org/which-collection set size:undefined disposed:false
1132 http fetch GET 200 https://registry.npmjs.org/which 862ms (cache miss)
1133 silly packumentCache corgi:https://registry.npmjs.org/which set size:undefined disposed:false
1134 http fetch GET 200 https://registry.npmjs.org/webidl-conversions 869ms (cache miss)
1135 silly packumentCache corgi:https://registry.npmjs.org/webidl-conversions set size:undefined disposed:false
1136 http fetch GET 200 https://registry.npmjs.org/websocket-extensions 871ms (cache miss)
1137 silly packumentCache corgi:https://registry.npmjs.org/websocket-extensions set size:undefined disposed:false
1138 http fetch GET 200 https://registry.npmjs.org/vlq 871ms (cache miss)
1139 silly packumentCache corgi:https://registry.npmjs.org/vlq set size:undefined disposed:false
1140 http fetch GET 200 https://registry.npmjs.org/warn-once 873ms (cache miss)
1141 silly packumentCache corgi:https://registry.npmjs.org/warn-once set size:undefined disposed:false
1142 http fetch GET 200 https://registry.npmjs.org/which-boxed-primitive 874ms (cache miss)
1143 silly packumentCache corgi:https://registry.npmjs.org/which-boxed-primitive set size:undefined disposed:false
1144 http fetch GET 200 https://registry.npmjs.org/whatwg-fetch 873ms (cache miss)
1145 silly packumentCache corgi:https://registry.npmjs.org/whatwg-fetch set size:undefined disposed:false
1146 http fetch GET 200 https://registry.npmjs.org/yargs 881ms (cache miss)
1147 silly packumentCache corgi:https://registry.npmjs.org/yargs set size:undefined disposed:false
1148 http fetch GET 200 https://registry.npmjs.org/whatwg-url 885ms (cache miss)
1149 silly packumentCache corgi:https://registry.npmjs.org/whatwg-url set size:undefined disposed:false
1150 http fetch GET 200 https://registry.npmjs.org/walker 886ms (cache miss)
1151 silly packumentCache corgi:https://registry.npmjs.org/walker set size:undefined disposed:false
1152 http fetch GET 200 https://registry.npmjs.org/uuid 892ms (cache miss)
1153 silly packumentCache corgi:https://registry.npmjs.org/uuid set size:undefined disposed:false
1154 http fetch GET 200 https://registry.npmjs.org/utils-merge 904ms (cache miss)
1155 silly packumentCache corgi:https://registry.npmjs.org/utils-merge set size:undefined disposed:false
1156 http fetch GET 200 https://registry.npmjs.org/uri-js 911ms (cache miss)
1157 silly packumentCache corgi:https://registry.npmjs.org/uri-js set size:undefined disposed:false
1158 http fetch GET 200 https://registry.npmjs.org/vaul 913ms (cache miss)
1159 silly packumentCache corgi:https://registry.npmjs.org/vaul set size:undefined disposed:false
1160 http fetch GET 200 https://registry.npmjs.org/websocket-driver 915ms (cache miss)
1161 silly packumentCache corgi:https://registry.npmjs.org/websocket-driver set size:undefined disposed:false
1162 http fetch GET 200 https://registry.npmjs.org/util 917ms (cache miss)
1163 silly packumentCache corgi:https://registry.npmjs.org/util set size:undefined disposed:false
1164 http fetch GET 200 https://registry.npmjs.org/use-sidecar 921ms (cache miss)
1165 silly packumentCache corgi:https://registry.npmjs.org/use-sidecar set size:undefined disposed:false
1166 http fetch GET 200 https://registry.npmjs.org/update-browserslist-db 927ms (cache miss)
1167 silly packumentCache corgi:https://registry.npmjs.org/update-browserslist-db set size:undefined disposed:false
1168 http fetch GET 200 https://registry.npmjs.org/unrs-resolver 955ms (cache miss)
1169 silly packumentCache corgi:https://registry.npmjs.org/unrs-resolver set size:undefined disposed:false
1170 http fetch POST 200 https://registry.npmjs.org/-/npm/v1/security/advisories/bulk 1154ms
1171 silly audit report {
1171 silly audit report   'fast-uri': [
1171 silly audit report     {
1171 silly audit report       id: 1117884,
1171 silly audit report       url: 'https://github.com/advisories/GHSA-v39h-62p7-jpjc',
1171 silly audit report       title: 'fast-uri vulnerable to host confusion via percent-encoded authority delimiters',
1171 silly audit report       severity: 'high',
1171 silly audit report       vulnerable_versions: '<=3.1.1',
1171 silly audit report       cwe: [Array],
1171 silly audit report       cvss: [Object]
1171 silly audit report     },
1171 silly audit report     {
1171 silly audit report       id: 1117870,
1171 silly audit report       url: 'https://github.com/advisories/GHSA-q3j6-qgpj-74h6',
1171 silly audit report       title: 'fast-uri vulnerable to path traversal via percent-encoded dot segments',
1171 silly audit report       severity: 'high',
1171 silly audit report       vulnerable_versions: '<=3.1.0',
1171 silly audit report       cwe: [Array],
1171 silly audit report       cvss: [Object]
1171 silly audit report     }
1171 silly audit report   ],
1171 silly audit report   postcss: [
1171 silly audit report     {
1171 silly audit report       id: 1117015,
1171 silly audit report       url: 'https://github.com/advisories/GHSA-qx2v-qp2m-jg93',
1171 silly audit report       title: 'PostCSS has XSS via Unescaped </style> in its CSS Stringify Output',
1171 silly audit report       severity: 'moderate',
1171 silly audit report       vulnerable_versions: '<8.5.10',
1171 silly audit report       cwe: [Array],
1171 silly audit report       cvss: [Object]
1171 silly audit report     }
1171 silly audit report   ]
1171 silly audit report }
1172 silly packumentCache corgi:https://registry.npmjs.org/fast-uri cache-miss
1173 silly packumentCache corgi:https://registry.npmjs.org/postcss cache-miss
1174 http fetch GET 200 https://registry.npmjs.org/unpipe 960ms (cache miss)
1175 silly packumentCache corgi:https://registry.npmjs.org/unpipe set size:undefined disposed:false
1176 http fetch GET 200 https://registry.npmjs.org/ws 974ms (cache miss)
1177 silly packumentCache corgi:https://registry.npmjs.org/ws set size:undefined disposed:false
1178 http fetch GET 200 https://registry.npmjs.org/which-typed-array 976ms (cache miss)
1179 silly packumentCache corgi:https://registry.npmjs.org/which-typed-array set size:undefined disposed:false
1180 http fetch GET 200 https://registry.npmjs.org/unicode-match-property-value-ecmascript 970ms (cache miss)
1181 silly packumentCache corgi:https://registry.npmjs.org/unicode-match-property-value-ecmascript set size:undefined disposed:false
1182 http fetch GET 200 https://registry.npmjs.org/unicode-property-aliases-ecmascript 971ms (cache miss)
1183 silly packumentCache corgi:https://registry.npmjs.org/unicode-property-aliases-ecmascript set size:undefined disposed:false
1184 http fetch GET 200 https://registry.npmjs.org/unicode-canonical-property-names-ecmascript 977ms (cache miss)
1185 silly packumentCache corgi:https://registry.npmjs.org/unicode-canonical-property-names-ecmascript set size:undefined disposed:false
1186 http fetch GET 200 https://registry.npmjs.org/whatwg-url-without-unicode 987ms (cache miss)
1187 silly packumentCache corgi:https://registry.npmjs.org/whatwg-url-without-unicode set size:undefined disposed:false
1188 http fetch GET 200 https://registry.npmjs.org/undici-types 981ms (cache miss)
1189 silly packumentCache corgi:https://registry.npmjs.org/undici-types set size:undefined disposed:false
1190 http fetch GET 200 https://registry.npmjs.org/typed-array-buffer 981ms (cache miss)
1191 silly packumentCache corgi:https://registry.npmjs.org/typed-array-buffer set size:undefined disposed:false
1192 http fetch GET 200 https://registry.npmjs.org/unbox-primitive 987ms (cache miss)
1193 silly packumentCache corgi:https://registry.npmjs.org/unbox-primitive set size:undefined disposed:false
1194 http fetch GET 200 https://registry.npmjs.org/typed-array-byte-length 991ms (cache miss)
1195 silly packumentCache corgi:https://registry.npmjs.org/typed-array-byte-length set size:undefined disposed:false
1196 http fetch GET 200 https://registry.npmjs.org/type-detect 992ms (cache miss)
1197 silly packumentCache corgi:https://registry.npmjs.org/type-detect set size:undefined disposed:false
1198 http fetch GET 200 https://registry.npmjs.org/web-vitals 1001ms (cache miss)
1199 silly packumentCache corgi:https://registry.npmjs.org/web-vitals set size:undefined disposed:false
1200 http fetch GET 200 https://registry.npmjs.org/typed-array-length 998ms (cache miss)
1201 silly packumentCache corgi:https://registry.npmjs.org/typed-array-length set size:undefined disposed:false
1202 http fetch GET 200 https://registry.npmjs.org/xcode 1013ms (cache miss)
1203 silly packumentCache corgi:https://registry.npmjs.org/xcode set size:undefined disposed:false
1204 http fetch GET 200 https://registry.npmjs.org/ua-parser-js 1015ms (cache miss)
1205 silly packumentCache corgi:https://registry.npmjs.org/ua-parser-js set size:undefined disposed:false
1206 http fetch GET 200 https://registry.npmjs.org/type-check 1020ms (cache miss)
1207 silly packumentCache corgi:https://registry.npmjs.org/type-check set size:undefined disposed:false
1208 http fetch GET 200 https://registry.npmjs.org/tslib 1027ms (cache miss)
1209 silly packumentCache corgi:https://registry.npmjs.org/tslib set size:undefined disposed:false
1210 http fetch GET 200 https://registry.npmjs.org/ts-interface-checker 1028ms (cache miss)
1211 silly packumentCache corgi:https://registry.npmjs.org/ts-interface-checker set size:undefined disposed:false
1212 http fetch GET 200 https://registry.npmjs.org/ts-api-utils 1030ms (cache miss)
1213 silly packumentCache corgi:https://registry.npmjs.org/ts-api-utils set size:undefined disposed:false
1214 http fetch GET 200 https://registry.npmjs.org/typed-array-byte-offset 1054ms (cache miss)
1215 silly packumentCache corgi:https://registry.npmjs.org/typed-array-byte-offset set size:undefined disposed:false
1216 http fetch GET 200 https://registry.npmjs.org/tr46 1059ms (cache miss)
1217 silly packumentCache corgi:https://registry.npmjs.org/tr46 set size:undefined disposed:false
1218 http fetch GET 200 https://registry.npmjs.org/tmpl 1068ms (cache miss)
1219 silly packumentCache corgi:https://registry.npmjs.org/tmpl set size:undefined disposed:false
1220 http fetch GET 200 https://registry.npmjs.org/unicode-match-property-ecmascript 1075ms (cache miss)
1221 silly packumentCache corgi:https://registry.npmjs.org/unicode-match-property-ecmascript set size:undefined disposed:false
1222 http fetch GET 200 https://registry.npmjs.org/throat 1075ms (cache miss)
1223 silly packumentCache corgi:https://registry.npmjs.org/throat set size:undefined disposed:false
1224 http fetch GET 200 https://registry.npmjs.org/thenify-all 1075ms (cache miss)
1225 silly packumentCache corgi:https://registry.npmjs.org/thenify-all set size:undefined disposed:false
1226 http fetch GET 200 https://registry.npmjs.org/tinyglobby 1077ms (cache miss)
1227 silly packumentCache corgi:https://registry.npmjs.org/tinyglobby set size:undefined disposed:false
1228 http fetch GET 200 https://registry.npmjs.org/to-regex-range 1076ms (cache miss)
1229 silly packumentCache corgi:https://registry.npmjs.org/to-regex-range set size:undefined disposed:false
1230 http fetch GET 200 https://registry.npmjs.org/tsconfig-paths 1080ms (cache miss)
1231 silly packumentCache corgi:https://registry.npmjs.org/tsconfig-paths set size:undefined disposed:false
1232 http fetch GET 200 https://registry.npmjs.org/use-latest-callback 1094ms (cache miss)
1233 silly packumentCache corgi:https://registry.npmjs.org/use-latest-callback set size:undefined disposed:false
1234 http fetch GET 200 https://registry.npmjs.org/thenify 1090ms (cache miss)
1235 silly packumentCache corgi:https://registry.npmjs.org/thenify set size:undefined disposed:false
1236 http fetch GET 200 https://registry.npmjs.org/use-callback-ref 1107ms (cache miss)
1237 silly packumentCache corgi:https://registry.npmjs.org/use-callback-ref set size:undefined disposed:false
1238 http fetch GET 200 https://registry.npmjs.org/toidentifier 1104ms (cache miss)
1239 silly packumentCache corgi:https://registry.npmjs.org/toidentifier set size:undefined disposed:false
1240 http fetch GET 200 https://registry.npmjs.org/supports-preserve-symlinks-flag 1121ms (cache miss)
1241 silly packumentCache corgi:https://registry.npmjs.org/supports-preserve-symlinks-flag set size:undefined disposed:false
1242 http fetch GET 200 https://registry.npmjs.org/strip-json-comments 1124ms (cache miss)
1243 silly packumentCache corgi:https://registry.npmjs.org/strip-json-comments set size:undefined disposed:false
1244 http fetch GET 200 https://registry.npmjs.org/string.prototype.trimend 1127ms (cache miss)
1245 silly packumentCache corgi:https://registry.npmjs.org/string.prototype.trimend set size:undefined disposed:false
1246 http fetch GET 200 https://registry.npmjs.org/string.prototype.trimstart 1129ms (cache miss)
1247 silly packumentCache corgi:https://registry.npmjs.org/string.prototype.trimstart set size:undefined disposed:false
1248 http fetch GET 200 https://registry.npmjs.org/strip-ansi 1130ms (cache miss)
1249 silly packumentCache corgi:https://registry.npmjs.org/strip-ansi set size:undefined disposed:false
1250 http fetch GET 200 https://registry.npmjs.org/supports-color 1133ms (cache miss)
1251 silly packumentCache corgi:https://registry.npmjs.org/supports-color set size:undefined disposed:false
1252 http fetch GET 200 https://registry.npmjs.org/strict-uri-encode 1133ms (cache miss)
1253 silly packumentCache corgi:https://registry.npmjs.org/strict-uri-encode set size:undefined disposed:false
1254 http fetch GET 200 https://registry.npmjs.org/strip-bom 1140ms (cache miss)
1255 silly packumentCache corgi:https://registry.npmjs.org/strip-bom set size:undefined disposed:false
1256 http fetch GET 200 https://registry.npmjs.org/string.prototype.matchall 1140ms (cache miss)
1257 silly packumentCache corgi:https://registry.npmjs.org/string.prototype.matchall set size:undefined disposed:false
1258 http fetch GET 200 https://registry.npmjs.org/type-fest 1150ms (cache miss)
1259 silly packumentCache corgi:https://registry.npmjs.org/type-fest set size:undefined disposed:false
1260 http fetch GET 200 https://registry.npmjs.org/unimodules-app-loader 1158ms (cache miss)
1261 silly packumentCache corgi:https://registry.npmjs.org/unimodules-app-loader set size:undefined disposed:false
1262 http fetch GET 200 https://registry.npmjs.org/string.prototype.trim 1147ms (cache miss)
1263 silly packumentCache corgi:https://registry.npmjs.org/string.prototype.trim set size:undefined disposed:false
1264 http fetch GET 200 https://registry.npmjs.org/test-exclude 1162ms (cache miss)
1265 silly packumentCache corgi:https://registry.npmjs.org/test-exclude set size:undefined disposed:false
1266 http fetch GET 200 https://registry.npmjs.org/terser 1165ms (cache miss)
1267 silly packumentCache corgi:https://registry.npmjs.org/terser set size:undefined disposed:false
1268 http fetch GET 200 https://registry.npmjs.org/sucrase 1176ms (cache miss)
1269 silly packumentCache corgi:https://registry.npmjs.org/sucrase set size:undefined disposed:false
1270 http fetch GET 200 https://registry.npmjs.org/string.prototype.repeat 1179ms (cache miss)
1271 silly packumentCache corgi:https://registry.npmjs.org/string.prototype.repeat set size:undefined disposed:false
1272 http fetch GET 200 https://registry.npmjs.org/string-width 1179ms (cache miss)
1273 silly packumentCache corgi:https://registry.npmjs.org/string-width set size:undefined disposed:false
1274 http fetch GET 200 https://registry.npmjs.org/stacktrace-parser 1212ms (cache miss)
1275 silly packumentCache corgi:https://registry.npmjs.org/stacktrace-parser set size:undefined disposed:false
1276 http fetch GET 200 https://registry.npmjs.org/stop-iteration-iterator 1213ms (cache miss)
1277 silly packumentCache corgi:https://registry.npmjs.org/stop-iteration-iterator set size:undefined disposed:false
1278 http fetch GET 200 https://registry.npmjs.org/split-on-first 1216ms (cache miss)
1279 silly packumentCache corgi:https://registry.npmjs.org/split-on-first set size:undefined disposed:false
1280 http fetch GET 200 https://registry.npmjs.org/sprintf-js 1227ms (cache miss)
1281 silly packumentCache corgi:https://registry.npmjs.org/sprintf-js set size:undefined disposed:false
1282 http fetch GET 200 https://registry.npmjs.org/stack-utils 1230ms (cache miss)
1283 silly packumentCache corgi:https://registry.npmjs.org/stack-utils set size:undefined disposed:false
1284 http fetch GET 200 https://registry.npmjs.org/statuses 1232ms (cache miss)
1285 silly packumentCache corgi:https://registry.npmjs.org/statuses set size:undefined disposed:false
1286 http fetch GET 200 https://registry.npmjs.org/stackframe 1236ms (cache miss)
1287 silly packumentCache corgi:https://registry.npmjs.org/stackframe set size:undefined disposed:false
1288 http fetch GET 200 https://registry.npmjs.org/simple-plist 1241ms (cache miss)
1289 silly packumentCache corgi:https://registry.npmjs.org/simple-plist set size:undefined disposed:false
1290 http fetch GET 200 https://registry.npmjs.org/side-channel-map 1249ms (cache miss)
1291 silly packumentCache corgi:https://registry.npmjs.org/side-channel-map set size:undefined disposed:false
1292 http fetch GET 200 https://registry.npmjs.org/simple-swizzle 1252ms (cache miss)
1293 silly packumentCache corgi:https://registry.npmjs.org/simple-swizzle set size:undefined disposed:false
1294 http fetch GET 200 https://registry.npmjs.org/slash 1255ms (cache miss)
1295 silly packumentCache corgi:https://registry.npmjs.org/slash set size:undefined disposed:false
1296 http fetch GET 200 https://registry.npmjs.org/side-channel 1257ms (cache miss)
1297 silly packumentCache corgi:https://registry.npmjs.org/side-channel set size:undefined disposed:false
1298 http fetch GET 200 https://registry.npmjs.org/source-map 1259ms (cache miss)
1299 silly packumentCache corgi:https://registry.npmjs.org/source-map set size:undefined disposed:false
1300 http fetch GET 200 https://registry.npmjs.org/sf-symbols-typescript 1280ms (cache miss)
1301 silly packumentCache corgi:https://registry.npmjs.org/sf-symbols-typescript set size:undefined disposed:false
1302 http fetch GET 200 https://registry.npmjs.org/source-map-support 1285ms (cache miss)
1303 silly packumentCache corgi:https://registry.npmjs.org/source-map-support set size:undefined disposed:false
1304 http fetch GET 200 https://registry.npmjs.org/side-channel-list 1289ms (cache miss)
1305 silly packumentCache corgi:https://registry.npmjs.org/side-channel-list set size:undefined disposed:false
1306 http fetch GET 200 https://registry.npmjs.org/signal-exit 1289ms (cache miss)
1307 silly packumentCache corgi:https://registry.npmjs.org/signal-exit set size:undefined disposed:false
1308 http fetch GET 200 https://registry.npmjs.org/side-channel-weakmap 1292ms (cache miss)
1309 silly packumentCache corgi:https://registry.npmjs.org/side-channel-weakmap set size:undefined disposed:false
1310 http fetch GET 200 https://registry.npmjs.org/slugify 1294ms (cache miss)
1311 silly packumentCache corgi:https://registry.npmjs.org/slugify set size:undefined disposed:false
1312 http fetch GET 200 https://registry.npmjs.org/shebang-regex 1299ms (cache miss)
1313 silly packumentCache corgi:https://registry.npmjs.org/shebang-regex set size:undefined disposed:false
1314 http fetch GET 200 https://registry.npmjs.org/shebang-command 1320ms (cache miss)
1315 silly packumentCache corgi:https://registry.npmjs.org/shebang-command set size:undefined disposed:false
1316 http fetch GET 200 https://registry.npmjs.org/setprototypeof 1332ms (cache miss)
1317 silly packumentCache corgi:https://registry.npmjs.org/setprototypeof set size:undefined disposed:false
1318 http fetch GET 200 https://registry.npmjs.org/setimmediate 1336ms (cache miss)
1319 silly packumentCache corgi:https://registry.npmjs.org/setimmediate set size:undefined disposed:false
1320 http fetch GET 200 https://registry.npmjs.org/shell-quote 1358ms (cache miss)
1321 silly packumentCache corgi:https://registry.npmjs.org/shell-quote set size:undefined disposed:false
1322 http fetch GET 200 https://registry.npmjs.org/styleq 1368ms (cache miss)
1323 silly packumentCache corgi:https://registry.npmjs.org/styleq set size:undefined disposed:false
1324 http fetch GET 200 https://registry.npmjs.org/set-function-length 1360ms (cache miss)
1325 silly packumentCache corgi:https://registry.npmjs.org/set-function-length set size:undefined disposed:false
1326 http fetch GET 200 https://registry.npmjs.org/set-proto 1364ms (cache miss)
1327 silly packumentCache corgi:https://registry.npmjs.org/set-proto set size:undefined disposed:false
1328 http fetch GET 200 https://registry.npmjs.org/set-function-name 1365ms (cache miss)
1329 silly packumentCache corgi:https://registry.npmjs.org/set-function-name set size:undefined disposed:false
1330 http fetch GET 200 https://registry.npmjs.org/safe-regex-test 1365ms (cache miss)
1331 silly packumentCache corgi:https://registry.npmjs.org/safe-regex-test set size:undefined disposed:false
1332 http fetch GET 200 https://registry.npmjs.org/stable-hash 1375ms (cache miss)
1333 silly packumentCache corgi:https://registry.npmjs.org/stable-hash set size:undefined disposed:false
1334 http fetch GET 200 https://registry.npmjs.org/stream-buffers 1378ms (cache miss)
1335 silly packumentCache corgi:https://registry.npmjs.org/stream-buffers set size:undefined disposed:false
1336 http fetch GET 200 https://registry.npmjs.org/serialize-error 1372ms (cache miss)
1337 silly packumentCache corgi:https://registry.npmjs.org/serialize-error set size:undefined disposed:false
1338 http fetch GET 200 https://registry.npmjs.org/server-only 1374ms (cache miss)
1339 silly packumentCache corgi:https://registry.npmjs.org/server-only set size:undefined disposed:false
1340 http fetch GET 200 https://registry.npmjs.org/safe-push-apply 1376ms (cache miss)
1341 silly packumentCache corgi:https://registry.npmjs.org/safe-push-apply set size:undefined disposed:false
1342 http fetch GET 200 https://registry.npmjs.org/resolve-pkg-maps 1373ms (cache miss)
1343 silly packumentCache corgi:https://registry.npmjs.org/resolve-pkg-maps set size:undefined disposed:false
1344 http fetch GET 200 https://registry.npmjs.org/safe-buffer 1378ms (cache miss)
1345 silly packumentCache corgi:https://registry.npmjs.org/safe-buffer set size:undefined disposed:false
1346 http fetch GET 200 https://registry.npmjs.org/safe-array-concat 1379ms (cache miss)
1347 silly packumentCache corgi:https://registry.npmjs.org/safe-array-concat set size:undefined disposed:false
1348 http fetch GET 200 https://registry.npmjs.org/sax 1381ms (cache miss)
1349 silly packumentCache corgi:https://registry.npmjs.org/sax set size:undefined disposed:false
1350 http fetch GET 200 https://registry.npmjs.org/serve-static 1383ms (cache miss)
1351 silly packumentCache corgi:https://registry.npmjs.org/serve-static set size:undefined disposed:false
1352 http fetch GET 200 https://registry.npmjs.org/resolve-workspace-root 1381ms (cache miss)
1353 silly packumentCache corgi:https://registry.npmjs.org/resolve-workspace-root set size:undefined disposed:false
1354 http fetch GET 200 https://registry.npmjs.org/require-from-string 1381ms (cache miss)
1355 silly packumentCache corgi:https://registry.npmjs.org/require-from-string set size:undefined disposed:false
1356 http fetch GET 200 https://registry.npmjs.org/send 1383ms (cache miss)
1357 silly packumentCache corgi:https://registry.npmjs.org/send set size:undefined disposed:false
1358 http fetch GET 200 https://registry.npmjs.org/regjsgen 1383ms (cache miss)
1359 silly packumentCache corgi:https://registry.npmjs.org/regjsgen set size:undefined disposed:false
1360 http fetch GET 200 https://registry.npmjs.org/rimraf 1390ms (cache miss)
1361 silly packumentCache corgi:https://registry.npmjs.org/rimraf set size:undefined disposed:false
1362 http fetch GET 200 https://registry.npmjs.org/responselike 1388ms (cache miss)
1363 silly packumentCache corgi:https://registry.npmjs.org/responselike set size:undefined disposed:false
1364 http fetch GET 200 https://registry.npmjs.org/semver 1403ms (cache miss)
1365 silly packumentCache corgi:https://registry.npmjs.org/semver set size:undefined disposed:false
1366 http fetch GET 200 https://registry.npmjs.org/resolve-from 1399ms (cache miss)
1367 silly packumentCache corgi:https://registry.npmjs.org/resolve-from set size:undefined disposed:false
1368 http fetch GET 200 https://registry.npmjs.org/shallowequal 1408ms (cache miss)
1369 silly packumentCache corgi:https://registry.npmjs.org/shallowequal set size:undefined disposed:false
1370 http fetch GET 200 https://registry.npmjs.org/regjsparser 1408ms (cache miss)
1371 silly packumentCache corgi:https://registry.npmjs.org/regjsparser set size:undefined disposed:false
1372 http fetch GET 200 https://registry.npmjs.org/resolve-alpn 1412ms (cache miss)
1373 silly packumentCache corgi:https://registry.npmjs.org/resolve-alpn set size:undefined disposed:false
1374 http fetch GET 200 https://registry.npmjs.org/reflect.getprototypeof 1410ms (cache miss)
1375 silly packumentCache corgi:https://registry.npmjs.org/reflect.getprototypeof set size:undefined disposed:false
1376 http fetch GET 200 https://registry.npmjs.org/regenerate-unicode-properties 1415ms (cache miss)
1377 silly packumentCache corgi:https://registry.npmjs.org/regenerate-unicode-properties set size:undefined disposed:false
1378 http fetch GET 200 https://registry.npmjs.org/regenerate 1417ms (cache miss)
1379 silly packumentCache corgi:https://registry.npmjs.org/regenerate set size:undefined disposed:false
1380 http fetch GET 200 https://registry.npmjs.org/regexpu-core 1426ms (cache miss)
1381 silly packumentCache corgi:https://registry.npmjs.org/regexpu-core set size:undefined disposed:false
1382 http fetch GET 200 https://registry.npmjs.org/react-remove-scroll-bar 1430ms (cache miss)
1383 silly packumentCache corgi:https://registry.npmjs.org/react-remove-scroll-bar set size:undefined disposed:false
1384 http fetch GET 200 https://registry.npmjs.org/resolve 1436ms (cache miss)
1385 silly packumentCache corgi:https://registry.npmjs.org/resolve set size:undefined disposed:false
1386 http fetch GET 200 https://registry.npmjs.org/use-sync-external-store 1471ms (cache miss)
1387 silly packumentCache corgi:https://registry.npmjs.org/use-sync-external-store set size:undefined disposed:false
1388 http fetch GET 200 https://registry.npmjs.org/regenerator-runtime 1466ms (cache miss)
1389 silly packumentCache corgi:https://registry.npmjs.org/regenerator-runtime set size:undefined disposed:false
1390 http fetch GET 200 https://registry.npmjs.org/react-native-maps-directions 1466ms (cache miss)
1391 silly packumentCache corgi:https://registry.npmjs.org/react-native-maps-directions set size:undefined disposed:false
1392 http fetch GET 200 https://registry.npmjs.org/require-directory 1470ms (cache miss)
1393 silly packumentCache corgi:https://registry.npmjs.org/require-directory set size:undefined disposed:false
1394 http fetch GET 200 https://registry.npmjs.org/react-style-singleton 1472ms (cache miss)
1395 silly packumentCache corgi:https://registry.npmjs.org/react-style-singleton set size:undefined disposed:false
1396 http fetch GET 200 https://registry.npmjs.org/regexp.prototype.flags 1477ms (cache miss)
1397 silly packumentCache corgi:https://registry.npmjs.org/regexp.prototype.flags set size:undefined disposed:false
1398 http fetch GET 200 https://registry.npmjs.org/react-remove-scroll 1488ms (cache miss)
1399 silly packumentCache corgi:https://registry.npmjs.org/react-remove-scroll set size:undefined disposed:false
1400 http fetch GET 200 https://registry.npmjs.org/react-native-uuid 1483ms (cache miss)
1401 silly packumentCache corgi:https://registry.npmjs.org/react-native-uuid set size:undefined disposed:false
1402 http fetch GET 200 https://registry.npmjs.org/react-native-google-places-autocomplete 1490ms (cache miss)
1403 silly packumentCache corgi:https://registry.npmjs.org/react-native-google-places-autocomplete set size:undefined disposed:false
1404 http fetch GET 200 https://registry.npmjs.org/react-fast-compare 1490ms (cache miss)
1405 silly packumentCache corgi:https://registry.npmjs.org/react-fast-compare set size:undefined disposed:false
1406 http fetch GET 200 https://registry.npmjs.org/react-native-is-edge-to-edge 1500ms (cache miss)
1407 silly packumentCache corgi:https://registry.npmjs.org/react-native-is-edge-to-edge set size:undefined disposed:false
1408 http fetch GET 200 https://registry.npmjs.org/punycode 1503ms (cache miss)
1409 silly packumentCache corgi:https://registry.npmjs.org/punycode set size:undefined disposed:false
1410 http fetch GET 200 https://registry.npmjs.org/quick-lru 1506ms (cache miss)
1411 silly packumentCache corgi:https://registry.npmjs.org/quick-lru set size:undefined disposed:false
1412 http fetch GET 200 https://registry.npmjs.org/react-native-safe-area-context 1518ms (cache miss)
1413 silly packumentCache corgi:https://registry.npmjs.org/react-native-safe-area-context set size:undefined disposed:false
1414 http fetch GET 200 https://registry.npmjs.org/react-native-svg 1525ms (cache miss)
1415 silly packumentCache corgi:https://registry.npmjs.org/react-native-svg set size:undefined disposed:false
1416 http fetch GET 200 https://registry.npmjs.org/queue 1530ms (cache miss)
1417 silly packumentCache corgi:https://registry.npmjs.org/queue set size:undefined disposed:false
1418 http fetch GET 200 https://registry.npmjs.org/range-parser 1531ms (cache miss)
1419 silly packumentCache corgi:https://registry.npmjs.org/range-parser set size:undefined disposed:false
1420 http fetch GET 200 https://registry.npmjs.org/react-native-gesture-handler 1539ms (cache miss)
1421 silly packumentCache corgi:https://registry.npmjs.org/react-native-gesture-handler set size:undefined disposed:false
1422 http fetch GET 200 https://registry.npmjs.org/query-string 1551ms (cache miss)
1423 silly packumentCache corgi:https://registry.npmjs.org/query-string set size:undefined disposed:false
1424 http fetch GET 200 https://registry.npmjs.org/proxy-from-env 1555ms (cache miss)
1425 silly packumentCache corgi:https://registry.npmjs.org/proxy-from-env set size:undefined disposed:false
1426 http fetch GET 200 https://registry.npmjs.org/prop-types 1564ms (cache miss)
1427 silly packumentCache corgi:https://registry.npmjs.org/prop-types set size:undefined disposed:false
1428 http fetch GET 200 https://registry.npmjs.org/qs 1567ms (cache miss)
1429 silly packumentCache corgi:https://registry.npmjs.org/qs set size:undefined disposed:false
1430 http fetch GET 200 https://registry.npmjs.org/pump 1569ms (cache miss)
1431 silly packumentCache corgi:https://registry.npmjs.org/pump set size:undefined disposed:false
1432 http fetch GET 200 https://registry.npmjs.org/react-devtools-core 1575ms (cache miss)
1433 silly packumentCache corgi:https://registry.npmjs.org/react-devtools-core set size:undefined disposed:false
1434 http fetch GET 200 https://registry.npmjs.org/react-native-worklets 1586ms (cache miss)
1435 silly packumentCache corgi:https://registry.npmjs.org/react-native-worklets set size:undefined disposed:false
1436 http fetch GET 200 https://registry.npmjs.org/promise 1583ms (cache miss)
1437 silly packumentCache corgi:https://registry.npmjs.org/promise set size:undefined disposed:false
1438 http fetch GET 200 https://registry.npmjs.org/postcss-value-parser 1591ms (cache miss)
1439 silly packumentCache corgi:https://registry.npmjs.org/postcss-value-parser set size:undefined disposed:false
1440 http fetch GET 200 https://registry.npmjs.org/protobufjs 1596ms (cache miss)
1441 silly packumentCache corgi:https://registry.npmjs.org/protobufjs set size:undefined disposed:false
1442 http fetch GET 200 https://registry.npmjs.org/plist 1603ms (cache miss)
1443 silly packumentCache corgi:https://registry.npmjs.org/plist set size:undefined disposed:false
1444 http fetch GET 200 https://registry.npmjs.org/pirates 1606ms (cache miss)
1445 silly packumentCache corgi:https://registry.npmjs.org/pirates set size:undefined disposed:false
1446 http fetch GET 200 https://registry.npmjs.org/picomatch 1608ms (cache miss)
1447 silly packumentCache corgi:https://registry.npmjs.org/picomatch set size:undefined disposed:false
1448 http fetch GET 200 https://registry.npmjs.org/react-freeze 1632ms (cache miss)
1449 silly packumentCache corgi:https://registry.npmjs.org/react-freeze set size:undefined disposed:false
1450 http fetch GET 200 https://registry.npmjs.org/possible-typed-array-names 1631ms (cache miss)
1451 silly packumentCache corgi:https://registry.npmjs.org/possible-typed-array-names set size:undefined disposed:false
1452 http fetch GET 200 https://registry.npmjs.org/path-parse 1635ms (cache miss)
1453 silly packumentCache corgi:https://registry.npmjs.org/path-parse set size:undefined disposed:false
1454 http fetch GET 200 https://registry.npmjs.org/pretty-format 1638ms (cache miss)
1455 silly packumentCache corgi:https://registry.npmjs.org/pretty-format set size:undefined disposed:false
1456 http fetch GET 200 https://registry.npmjs.org/pngjs 1649ms (cache miss)
1457 silly packumentCache corgi:https://registry.npmjs.org/pngjs set size:undefined disposed:false
1458 http fetch GET 200 https://registry.npmjs.org/react-native-screens 1671ms (cache miss)
1459 silly packumentCache corgi:https://registry.npmjs.org/react-native-screens set size:undefined disposed:false
1460 http fetch GET 200 https://registry.npmjs.org/path-key 1676ms (cache miss)
1461 silly packumentCache corgi:https://registry.npmjs.org/path-key set size:undefined disposed:false
1462 http fetch GET 200 https://registry.npmjs.org/picocolors 1678ms (cache miss)
1463 silly packumentCache corgi:https://registry.npmjs.org/picocolors set size:undefined disposed:false
1464 http fetch GET 200 https://registry.npmjs.org/parse-png 1677ms (cache miss)
1465 silly packumentCache corgi:https://registry.npmjs.org/parse-png set size:undefined disposed:false
1466 http fetch GET 200 https://registry.npmjs.org/path-scurry 1685ms (cache miss)
1467 silly packumentCache corgi:https://registry.npmjs.org/path-scurry set size:undefined disposed:false
1468 http fetch GET 200 https://registry.npmjs.org/react-native-web 1717ms (cache miss)
1469 silly packumentCache corgi:https://registry.npmjs.org/react-native-web set size:undefined disposed:false
1470 http fetch GET 200 https://registry.npmjs.org/path-is-absolute 1713ms (cache miss)
1471 silly packumentCache corgi:https://registry.npmjs.org/path-is-absolute set size:undefined disposed:false
1472 http fetch GET 200 https://registry.npmjs.org/prelude-ls 1732ms (cache miss)
1473 silly packumentCache corgi:https://registry.npmjs.org/prelude-ls set size:undefined disposed:false
1474 http fetch GET 200 https://registry.npmjs.org/react-native-maps 1747ms (cache miss)
1475 silly packumentCache corgi:https://registry.npmjs.org/react-native-maps set size:undefined disposed:false
1476 http fetch GET 200 https://registry.npmjs.org/path-exists 1747ms (cache miss)
1477 silly packumentCache corgi:https://registry.npmjs.org/path-exists set size:undefined disposed:false
1478 http fetch GET 200 https://registry.npmjs.org/p-locate 1748ms (cache miss)
1479 silly packumentCache corgi:https://registry.npmjs.org/p-locate set size:undefined disposed:false
1480 http fetch GET 200 https://registry.npmjs.org/parseurl 1756ms (cache miss)
1481 silly packumentCache corgi:https://registry.npmjs.org/parseurl set size:undefined disposed:false
1482 http fetch GET 200 https://registry.npmjs.org/parent-module 1757ms (cache miss)
1483 silly packumentCache corgi:https://registry.npmjs.org/parent-module set size:undefined disposed:false
1484 http fetch GET 200 https://registry.npmjs.org/own-keys 1760ms (cache miss)
1485 silly packumentCache corgi:https://registry.npmjs.org/own-keys set size:undefined disposed:false
1486 http fetch GET 200 https://registry.npmjs.org/p-try 1764ms (cache miss)
1487 silly packumentCache corgi:https://registry.npmjs.org/p-try set size:undefined disposed:false
1488 http fetch GET 200 https://registry.npmjs.org/optionator 1765ms (cache miss)
1489 silly packumentCache corgi:https://registry.npmjs.org/optionator set size:undefined disposed:false
1490 http fetch GET 200 https://registry.npmjs.org/p-cancelable 1768ms (cache miss)
1491 silly packumentCache corgi:https://registry.npmjs.org/p-cancelable set size:undefined disposed:false
1492 http fetch GET 200 https://registry.npmjs.org/p-limit 1773ms (cache miss)
1493 silly packumentCache corgi:https://registry.npmjs.org/p-limit set size:undefined disposed:false
1494 http fetch GET 200 https://registry.npmjs.org/object.fromentries 1774ms (cache miss)
1495 silly packumentCache corgi:https://registry.npmjs.org/object.fromentries set size:undefined disposed:false
1496 http fetch GET 200 https://registry.npmjs.org/on-finished 1786ms (cache miss)
1497 silly packumentCache corgi:https://registry.npmjs.org/on-finished set size:undefined disposed:false
1498 http fetch GET 200 https://registry.npmjs.org/once 1787ms (cache miss)
1499 silly packumentCache corgi:https://registry.npmjs.org/once set size:undefined disposed:false
1500 http fetch GET 200 https://registry.npmjs.org/object.assign 1788ms (cache miss)
1501 silly packumentCache corgi:https://registry.npmjs.org/object.assign set size:undefined disposed:false
1502 http fetch GET 200 https://registry.npmjs.org/object.entries 1789ms (cache miss)
1503 silly packumentCache corgi:https://registry.npmjs.org/object.entries set size:undefined disposed:false
1504 http fetch GET 200 https://registry.npmjs.org/object.groupby 1793ms (cache miss)
1505 silly packumentCache corgi:https://registry.npmjs.org/object.groupby set size:undefined disposed:false
1506 http fetch GET 200 https://registry.npmjs.org/object-is 1793ms (cache miss)
1507 silly packumentCache corgi:https://registry.npmjs.org/object-is set size:undefined disposed:false
1508 http fetch GET 200 https://registry.npmjs.org/object.values 1795ms (cache miss)
1509 silly packumentCache corgi:https://registry.npmjs.org/object.values set size:undefined disposed:false
1510 http fetch GET 200 https://registry.npmjs.org/object-assign 1795ms (cache miss)
1511 silly packumentCache corgi:https://registry.npmjs.org/object-assign set size:undefined disposed:false
1512 http fetch GET 200 https://registry.npmjs.org/open 1804ms (cache miss)
1513 silly packumentCache corgi:https://registry.npmjs.org/open set size:undefined disposed:false
1514 http fetch GET 200 https://registry.npmjs.org/object-inspect 1807ms (cache miss)
1515 silly packumentCache corgi:https://registry.npmjs.org/object-inspect set size:undefined disposed:false
1516 http fetch GET 200 https://registry.npmjs.org/nth-check 1821ms (cache miss)
1517 silly packumentCache corgi:https://registry.npmjs.org/nth-check set size:undefined disposed:false
1518 http fetch GET 200 https://registry.npmjs.org/node-int64 1828ms (cache miss)
1519 silly packumentCache corgi:https://registry.npmjs.org/node-int64 set size:undefined disposed:false
1520 http fetch GET 200 https://registry.npmjs.org/normalize-path 1829ms (cache miss)
1521 silly packumentCache corgi:https://registry.npmjs.org/normalize-path set size:undefined disposed:false
1522 http fetch GET 200 https://registry.npmjs.org/object-keys 1836ms (cache miss)
1523 silly packumentCache corgi:https://registry.npmjs.org/object-keys set size:undefined disposed:false
1524 http fetch GET 200 https://registry.npmjs.org/negotiator 1846ms (cache miss)
1525 silly packumentCache corgi:https://registry.npmjs.org/negotiator set size:undefined disposed:false
1526 http fetch GET 200 https://registry.npmjs.org/mz 1851ms (cache miss)
1527 silly packumentCache corgi:https://registry.npmjs.org/mz set size:undefined disposed:false
1528 http fetch GET 200 https://registry.npmjs.org/natural-compare 1867ms (cache miss)
1529 silly packumentCache corgi:https://registry.npmjs.org/natural-compare set size:undefined disposed:false
1530 http fetch GET 200 https://registry.npmjs.org/node-releases 1881ms (cache miss)
1531 silly packumentCache corgi:https://registry.npmjs.org/node-releases set size:undefined disposed:false
1532 http fetch GET 200 https://registry.npmjs.org/node-exports-info 1877ms (cache miss)
1533 silly packumentCache corgi:https://registry.npmjs.org/node-exports-info set size:undefined disposed:false
1534 http fetch GET 200 https://registry.npmjs.org/ms 1882ms (cache miss)
1535 silly packumentCache corgi:https://registry.npmjs.org/ms set size:undefined disposed:false
1536 http fetch GET 200 https://registry.npmjs.org/ob1 1890ms (cache miss)
1537 silly packumentCache corgi:https://registry.npmjs.org/ob1 set size:undefined disposed:false
1538 http fetch GET 200 https://registry.npmjs.org/mkdirp 1892ms (cache miss)
1539 silly packumentCache corgi:https://registry.npmjs.org/mkdirp set size:undefined disposed:false
1540 http fetch GET 200 https://registry.npmjs.org/napi-postinstall 1890ms (cache miss)
1541 silly packumentCache corgi:https://registry.npmjs.org/napi-postinstall set size:undefined disposed:false
1542 http fetch GET 200 https://registry.npmjs.org/mimic-response 1890ms (cache miss)
1543 silly packumentCache corgi:https://registry.npmjs.org/mimic-response set size:undefined disposed:false
1544 http fetch GET 200 https://registry.npmjs.org/minimist 1899ms (cache miss)
1545 silly packumentCache corgi:https://registry.npmjs.org/minimist set size:undefined disposed:false
1546 http fetch GET 200 https://registry.npmjs.org/node-fetch 1903ms (cache miss)
1547 silly packumentCache corgi:https://registry.npmjs.org/node-fetch set size:undefined disposed:false
1548 http fetch GET 200 https://registry.npmjs.org/normalize-url 1906ms (cache miss)
1549 silly packumentCache corgi:https://registry.npmjs.org/normalize-url set size:undefined disposed:false
1550 http fetch GET 200 https://registry.npmjs.org/nanoid 1911ms (cache miss)
1551 silly packumentCache corgi:https://registry.npmjs.org/nanoid set size:undefined disposed:false
1552 http fetch GET 200 https://registry.npmjs.org/mime 1908ms (cache miss)
1553 silly packumentCache corgi:https://registry.npmjs.org/mime set size:undefined disposed:false
1554 http fetch GET 200 https://registry.npmjs.org/mime-types 1911ms (cache miss)
1555 silly packumentCache corgi:https://registry.npmjs.org/mime-types set size:undefined disposed:false
1556 http fetch GET 200 https://registry.npmjs.org/micromatch 1914ms (cache miss)
1557 silly packumentCache corgi:https://registry.npmjs.org/micromatch set size:undefined disposed:false
1558 http fetch GET 200 https://registry.npmjs.org/nullthrows 1928ms (cache miss)
1559 silly packumentCache corgi:https://registry.npmjs.org/nullthrows set size:undefined disposed:false
1560 http fetch GET 200 https://registry.npmjs.org/mime-db 1923ms (cache miss)
1561 silly packumentCache corgi:https://registry.npmjs.org/mime-db set size:undefined disposed:false
1562 http fetch GET 200 https://registry.npmjs.org/minipass 1934ms (cache miss)
1563 silly packumentCache corgi:https://registry.npmjs.org/minipass set size:undefined disposed:false
1564 http fetch GET 200 https://registry.npmjs.org/minimatch 1936ms (cache miss)
1565 silly packumentCache corgi:https://registry.npmjs.org/minimatch set size:undefined disposed:false
1566 http fetch GET 200 https://registry.npmjs.org/makeerror 1932ms (cache miss)
1567 silly packumentCache corgi:https://registry.npmjs.org/makeerror set size:undefined disposed:false
1568 http fetch GET 200 https://registry.npmjs.org/merge-stream 1936ms (cache miss)
1569 silly packumentCache corgi:https://registry.npmjs.org/merge-stream set size:undefined disposed:false
1570 http fetch GET 200 https://registry.npmjs.org/merge-options 1936ms (cache miss)
1571 silly packumentCache corgi:https://registry.npmjs.org/merge-options set size:undefined disposed:false
1572 http fetch GET 200 https://registry.npmjs.org/lowercase-keys 1939ms (cache miss)
1573 silly packumentCache corgi:https://registry.npmjs.org/lowercase-keys set size:undefined disposed:false
1574 http fetch GET 200 https://registry.npmjs.org/metro-symbolicate 1946ms (cache miss)
1575 silly packumentCache corgi:https://registry.npmjs.org/metro-symbolicate set size:undefined disposed:false
1576 http fetch GET 200 https://registry.npmjs.org/metro-transform-plugins 1947ms (cache miss)
1577 silly packumentCache corgi:https://registry.npmjs.org/metro-transform-plugins set size:undefined disposed:false
1578 http fetch GET 200 https://registry.npmjs.org/math-intrinsics 1943ms (cache miss)
1579 silly packumentCache corgi:https://registry.npmjs.org/math-intrinsics set size:undefined disposed:false
1580 http fetch GET 200 https://registry.npmjs.org/metro-file-map 1949ms (cache miss)
1581 silly packumentCache corgi:https://registry.npmjs.org/metro-file-map set size:undefined disposed:false
1582 http fetch GET 200 https://registry.npmjs.org/metro-runtime 1953ms (cache miss)
1583 silly packumentCache corgi:https://registry.npmjs.org/metro-runtime set size:undefined disposed:false
1584 http fetch GET 200 https://registry.npmjs.org/metro-transform-worker 1955ms (cache miss)
1585 silly packumentCache corgi:https://registry.npmjs.org/metro-transform-worker set size:undefined disposed:false
1586 http fetch GET 200 https://registry.npmjs.org/metro-cache-key 1959ms (cache miss)
1587 silly packumentCache corgi:https://registry.npmjs.org/metro-cache-key set size:undefined disposed:false
1588 http fetch GET 200 https://registry.npmjs.org/marky 1959ms (cache miss)
1589 silly packumentCache corgi:https://registry.npmjs.org/marky set size:undefined disposed:false
1590 http fetch GET 200 https://registry.npmjs.org/memoize-one 1966ms (cache miss)
1591 silly packumentCache corgi:https://registry.npmjs.org/memoize-one set size:undefined disposed:false
1592 http fetch GET 200 https://registry.npmjs.org/long 1967ms (cache miss)
1593 silly packumentCache corgi:https://registry.npmjs.org/long set size:undefined disposed:false
1594 http fetch GET 200 https://registry.npmjs.org/mdn-data 1973ms (cache miss)
1595 silly packumentCache corgi:https://registry.npmjs.org/mdn-data set size:undefined disposed:false
1596 http fetch GET 200 https://registry.npmjs.org/metro-resolver 1991ms (cache miss)
1597 silly packumentCache corgi:https://registry.npmjs.org/metro-resolver set size:undefined disposed:false
1598 http fetch GET 200 https://registry.npmjs.org/lodash.camelcase 1987ms (cache miss)
1599 silly packumentCache corgi:https://registry.npmjs.org/lodash.camelcase set size:undefined disposed:false
1600 http fetch GET 200 https://registry.npmjs.org/lodash.isequal 1988ms (cache miss)
1601 silly packumentCache corgi:https://registry.npmjs.org/lodash.isequal set size:undefined disposed:false
1602 http fetch GET 200 https://registry.npmjs.org/lodash.throttle 1994ms (cache miss)
1603 silly packumentCache corgi:https://registry.npmjs.org/lodash.throttle set size:undefined disposed:false
1604 http fetch GET 200 https://registry.npmjs.org/loose-envify 1995ms (cache miss)
1605 silly packumentCache corgi:https://registry.npmjs.org/loose-envify set size:undefined disposed:false
1606 http fetch GET 200 https://registry.npmjs.org/lodash.merge 1998ms (cache miss)
1607 silly packumentCache corgi:https://registry.npmjs.org/lodash.merge set size:undefined disposed:false
1608 http fetch GET 200 https://registry.npmjs.org/metro-source-map 2005ms (cache miss)
1609 silly packumentCache corgi:https://registry.npmjs.org/metro-source-map set size:undefined disposed:false
1610 http fetch GET 200 https://registry.npmjs.org/levn 1999ms (cache miss)
1611 silly packumentCache corgi:https://registry.npmjs.org/levn set size:undefined disposed:false
1612 http fetch GET 200 https://registry.npmjs.org/metro-cache 2009ms (cache miss)
1613 silly packumentCache corgi:https://registry.npmjs.org/metro-cache set size:undefined disposed:false
1614 http fetch GET 200 https://registry.npmjs.org/metro-config 2013ms (cache miss)
1615 silly packumentCache corgi:https://registry.npmjs.org/metro-config set size:undefined disposed:false
1616 http fetch GET 200 https://registry.npmjs.org/locate-path 2008ms (cache miss)
1617 silly packumentCache corgi:https://registry.npmjs.org/locate-path set size:undefined disposed:false
1618 http fetch GET 200 https://registry.npmjs.org/lodash.debounce 2008ms (cache miss)
1619 silly packumentCache corgi:https://registry.npmjs.org/lodash.debounce set size:undefined disposed:false
1620 http fetch GET 200 https://registry.npmjs.org/lighthouse-logger 2013ms (cache miss)
1621 silly packumentCache corgi:https://registry.npmjs.org/lighthouse-logger set size:undefined disposed:false
1622 http fetch GET 200 https://registry.npmjs.org/lines-and-columns 2018ms (cache miss)
1623 silly packumentCache corgi:https://registry.npmjs.org/lines-and-columns set size:undefined disposed:false
1624 http fetch GET 200 https://registry.npmjs.org/lru-cache 2023ms (cache miss)
1625 silly packumentCache corgi:https://registry.npmjs.org/lru-cache set size:undefined disposed:false
1626 http fetch GET 200 https://registry.npmjs.org/jsx-ast-utils 2024ms (cache miss)
1627 silly packumentCache corgi:https://registry.npmjs.org/jsx-ast-utils set size:undefined disposed:false
1628 http fetch GET 200 https://registry.npmjs.org/json-stable-stringify-without-jsonify 2024ms (cache miss)
1629 silly packumentCache corgi:https://registry.npmjs.org/json-stable-stringify-without-jsonify set size:undefined disposed:false
1630 http fetch GET 200 https://registry.npmjs.org/keyv 2026ms (cache miss)
1631 silly packumentCache corgi:https://registry.npmjs.org/keyv set size:undefined disposed:false
1632 http fetch GET 200 https://registry.npmjs.org/js-tokens 2029ms (cache miss)
1633 silly packumentCache corgi:https://registry.npmjs.org/js-tokens set size:undefined disposed:false
1634 http fetch GET 200 https://registry.npmjs.org/jsc-safe-url 2032ms (cache miss)
1635 silly packumentCache corgi:https://registry.npmjs.org/jsc-safe-url set size:undefined disposed:false
1636 http fetch GET 200 https://registry.npmjs.org/json5 2034ms (cache miss)
1637 silly packumentCache corgi:https://registry.npmjs.org/json5 set size:undefined disposed:false
1638 http fetch GET 200 https://registry.npmjs.org/leven 2040ms (cache miss)
1639 silly packumentCache corgi:https://registry.npmjs.org/leven set size:undefined disposed:false
1640 http fetch GET 200 https://registry.npmjs.org/json-schema-traverse 2039ms (cache miss)
1641 silly packumentCache corgi:https://registry.npmjs.org/json-schema-traverse set size:undefined disposed:false
1642 http fetch GET 200 https://registry.npmjs.org/js-yaml 2043ms (cache miss)
1643 silly packumentCache corgi:https://registry.npmjs.org/js-yaml set size:undefined disposed:false
1644 http fetch GET 200 https://registry.npmjs.org/jimp-compact 2044ms (cache miss)
1645 silly packumentCache corgi:https://registry.npmjs.org/jimp-compact set size:undefined disposed:false
1646 http fetch GET 200 https://registry.npmjs.org/jsesc 2049ms (cache miss)
1647 silly packumentCache corgi:https://registry.npmjs.org/jsesc set size:undefined disposed:false
1648 http fetch GET 200 https://registry.npmjs.org/iterator.prototype 2056ms (cache miss)
1649 silly packumentCache corgi:https://registry.npmjs.org/iterator.prototype set size:undefined disposed:false
1650 http fetch GET 200 https://registry.npmjs.org/json-buffer 2062ms (cache miss)
1651 silly packumentCache corgi:https://registry.npmjs.org/json-buffer set size:undefined disposed:false
1652 http fetch GET 200 https://registry.npmjs.org/metro-babel-transformer 2079ms (cache miss)
1653 silly packumentCache corgi:https://registry.npmjs.org/metro-babel-transformer set size:undefined disposed:false
1654 http fetch GET 200 https://registry.npmjs.org/metro-minify-terser 2082ms (cache miss)
1655 silly packumentCache corgi:https://registry.npmjs.org/metro-minify-terser set size:undefined disposed:false
1656 http fetch GET 200 https://registry.npmjs.org/metro 2083ms (cache miss)
1657 silly packumentCache corgi:https://registry.npmjs.org/metro set size:undefined disposed:false
1658 http fetch GET 200 https://registry.npmjs.org/metro-core 2092ms (cache miss)
1659 silly packumentCache corgi:https://registry.npmjs.org/metro-core set size:undefined disposed:false
1660 http fetch GET 200 https://registry.npmjs.org/isarray 2083ms (cache miss)
1661 silly packumentCache corgi:https://registry.npmjs.org/isarray set size:undefined disposed:false
1662 http fetch GET 200 https://registry.npmjs.org/istanbul-lib-coverage 2084ms (cache miss)
1663 silly packumentCache corgi:https://registry.npmjs.org/istanbul-lib-coverage set size:undefined disposed:false
1664 http fetch GET 200 https://registry.npmjs.org/isexe 2095ms (cache miss)
1665 silly packumentCache corgi:https://registry.npmjs.org/isexe set size:undefined disposed:false
1666 http fetch GET 200 https://registry.npmjs.org/jest-regex-util 2104ms (cache miss)
1667 silly packumentCache corgi:https://registry.npmjs.org/jest-regex-util set size:undefined disposed:false
1668 http fetch GET 200 https://registry.npmjs.org/istanbul-lib-instrument 2105ms (cache miss)
1669 silly packumentCache corgi:https://registry.npmjs.org/istanbul-lib-instrument set size:undefined disposed:false
1670 http fetch GET 200 https://registry.npmjs.org/is-wsl 2107ms (cache miss)
1671 silly packumentCache corgi:https://registry.npmjs.org/is-wsl set size:undefined disposed:false
1672 http fetch GET 200 https://registry.npmjs.org/is-typed-array 2111ms (cache miss)
1673 silly packumentCache corgi:https://registry.npmjs.org/is-typed-array set size:undefined disposed:false
1674 http fetch GET 200 https://registry.npmjs.org/is-weakmap 2112ms (cache miss)
1675 silly packumentCache corgi:https://registry.npmjs.org/is-weakmap set size:undefined disposed:false
1676 http fetch GET 200 https://registry.npmjs.org/is-string 2117ms (cache miss)
1677 silly packumentCache corgi:https://registry.npmjs.org/is-string set size:undefined disposed:false
1678 http fetch GET 200 https://registry.npmjs.org/is-weakset 2122ms (cache miss)
1679 silly packumentCache corgi:https://registry.npmjs.org/is-weakset set size:undefined disposed:false
1680 http fetch GET 200 https://registry.npmjs.org/jest-mock 2127ms (cache miss)
1681 silly packumentCache corgi:https://registry.npmjs.org/jest-mock set size:undefined disposed:false
1682 http fetch GET 200 https://registry.npmjs.org/jest-get-type 2125ms (cache miss)
1683 silly packumentCache corgi:https://registry.npmjs.org/jest-get-type set size:undefined disposed:false
1684 http fetch GET 200 https://registry.npmjs.org/jest-message-util 2129ms (cache miss)
1685 silly packumentCache corgi:https://registry.npmjs.org/jest-message-util set size:undefined disposed:false
1686 http fetch GET 200 https://registry.npmjs.org/is-number 2126ms (cache miss)
1687 silly packumentCache corgi:https://registry.npmjs.org/is-number set size:undefined disposed:false
1688 http fetch GET 200 https://registry.npmjs.org/is-weakref 2129ms (cache miss)
1689 silly packumentCache corgi:https://registry.npmjs.org/is-weakref set size:undefined disposed:false
1690 http fetch GET 200 https://registry.npmjs.org/is-negative-zero 2132ms (cache miss)
1691 silly packumentCache corgi:https://registry.npmjs.org/is-negative-zero set size:undefined disposed:false
1692 http fetch GET 200 https://registry.npmjs.org/is-shared-array-buffer 2135ms (cache miss)
1693 silly packumentCache corgi:https://registry.npmjs.org/is-shared-array-buffer set size:undefined disposed:false
1694 http fetch GET 200 https://registry.npmjs.org/jest-validate 2140ms (cache miss)
1695 silly packumentCache corgi:https://registry.npmjs.org/jest-validate set size:undefined disposed:false
1696 http fetch GET 200 https://registry.npmjs.org/is-plain-obj 2141ms (cache miss)
1697 silly packumentCache corgi:https://registry.npmjs.org/is-plain-obj set size:undefined disposed:false
1698 http fetch GET 200 https://registry.npmjs.org/is-nan 2142ms (cache miss)
1699 silly packumentCache corgi:https://registry.npmjs.org/is-nan set size:undefined disposed:false
1700 http fetch GET 200 https://registry.npmjs.org/is-symbol 2147ms (cache miss)
1701 silly packumentCache corgi:https://registry.npmjs.org/is-symbol set size:undefined disposed:false
1702 http fetch GET 200 https://registry.npmjs.org/is-glob 2148ms (cache miss)
1703 silly packumentCache corgi:https://registry.npmjs.org/is-glob set size:undefined disposed:false
1704 http fetch GET 200 https://registry.npmjs.org/is-regex 2149ms (cache miss)
1705 silly packumentCache corgi:https://registry.npmjs.org/is-regex set size:undefined disposed:false
1706 http fetch GET 200 https://registry.npmjs.org/jest-worker 2154ms (cache miss)
1707 silly packumentCache corgi:https://registry.npmjs.org/jest-worker set size:undefined disposed:false
1708 http fetch GET 200 https://registry.npmjs.org/is-number-object 2151ms (cache miss)
1709 silly packumentCache corgi:https://registry.npmjs.org/is-number-object set size:undefined disposed:false
1710 http fetch GET 200 https://registry.npmjs.org/is-set 2154ms (cache miss)
1711 silly packumentCache corgi:https://registry.npmjs.org/is-set set size:undefined disposed:false
1712 http fetch GET 200 https://registry.npmjs.org/is-map 2155ms (cache miss)
1713 silly packumentCache corgi:https://registry.npmjs.org/is-map set size:undefined disposed:false
1714 http fetch GET 200 https://registry.npmjs.org/scheduler 2221ms (cache miss)
1715 silly packumentCache corgi:https://registry.npmjs.org/scheduler set size:undefined disposed:false
1716 http fetch GET 200 https://registry.npmjs.org/is-extglob 2168ms (cache miss)
1717 silly packumentCache corgi:https://registry.npmjs.org/is-extglob set size:undefined disposed:false
1718 http fetch GET 200 https://registry.npmjs.org/is-date-object 2170ms (cache miss)
1719 silly packumentCache corgi:https://registry.npmjs.org/is-date-object set size:undefined disposed:false
1720 http fetch GET 200 https://registry.npmjs.org/jest-util 2179ms (cache miss)
1721 silly packumentCache corgi:https://registry.npmjs.org/jest-util set size:undefined disposed:false
1722 http fetch GET 200 https://registry.npmjs.org/is-fullwidth-code-point 2181ms (cache miss)
1723 silly packumentCache corgi:https://registry.npmjs.org/is-fullwidth-code-point set size:undefined disposed:false
1724 http fetch GET 200 https://registry.npmjs.org/is-finalizationregistry 2184ms (cache miss)
1725 silly packumentCache corgi:https://registry.npmjs.org/is-finalizationregistry set size:undefined disposed:false
1726 http fetch GET 200 https://registry.npmjs.org/jest-haste-map 2193ms (cache miss)
1727 silly packumentCache corgi:https://registry.npmjs.org/jest-haste-map set size:undefined disposed:false
1728 http fetch GET 200 https://registry.npmjs.org/is-core-module 2190ms (cache miss)
1729 silly packumentCache corgi:https://registry.npmjs.org/is-core-module set size:undefined disposed:false
1730 http fetch GET 200 https://registry.npmjs.org/invariant 2190ms (cache miss)
1731 silly packumentCache corgi:https://registry.npmjs.org/invariant set size:undefined disposed:false
1732 http fetch GET 200 https://registry.npmjs.org/is-generator-function 2195ms (cache miss)
1733 silly packumentCache corgi:https://registry.npmjs.org/is-generator-function set size:undefined disposed:false
1734 http fetch GET 200 https://registry.npmjs.org/is-data-view 2196ms (cache miss)
1735 silly packumentCache corgi:https://registry.npmjs.org/is-data-view set size:undefined disposed:false
1736 http fetch GET 200 https://registry.npmjs.org/is-docker 2199ms (cache miss)
1737 silly packumentCache corgi:https://registry.npmjs.org/is-docker set size:undefined disposed:false
1738 http fetch GET 200 https://registry.npmjs.org/is-async-function 2211ms (cache miss)
1739 silly packumentCache corgi:https://registry.npmjs.org/is-async-function set size:undefined disposed:false
1740 http fetch GET 200 https://registry.npmjs.org/is-bun-module 2214ms (cache miss)
1741 silly packumentCache corgi:https://registry.npmjs.org/is-bun-module set size:undefined disposed:false
1742 http fetch GET 200 https://registry.npmjs.org/is-callable 2214ms (cache miss)
1743 silly packumentCache corgi:https://registry.npmjs.org/is-callable set size:undefined disposed:false
1744 http fetch GET 200 https://registry.npmjs.org/is-arrayish 2215ms (cache miss)
1745 silly packumentCache corgi:https://registry.npmjs.org/is-arrayish set size:undefined disposed:false
1746 http fetch GET 200 https://registry.npmjs.org/is-boolean-object 2219ms (cache miss)
1747 silly packumentCache corgi:https://registry.npmjs.org/is-boolean-object set size:undefined disposed:false
1748 http fetch GET 200 https://registry.npmjs.org/internal-slot 2221ms (cache miss)
1749 silly packumentCache corgi:https://registry.npmjs.org/internal-slot set size:undefined disposed:false
1750 http fetch GET 200 https://registry.npmjs.org/imurmurhash 2223ms (cache miss)
1751 silly packumentCache corgi:https://registry.npmjs.org/imurmurhash set size:undefined disposed:false
1752 http fetch GET 200 https://registry.npmjs.org/inherits 2225ms (cache miss)
1753 silly packumentCache corgi:https://registry.npmjs.org/inherits set size:undefined disposed:false
1754 http fetch GET 200 https://registry.npmjs.org/is-array-buffer 2226ms (cache miss)
1755 silly packumentCache corgi:https://registry.npmjs.org/is-array-buffer set size:undefined disposed:false
1756 http fetch GET 200 https://registry.npmjs.org/is-arguments 2227ms (cache miss)
1757 silly packumentCache corgi:https://registry.npmjs.org/is-arguments set size:undefined disposed:false
1758 http fetch GET 200 https://registry.npmjs.org/inflight 2231ms (cache miss)
1759 silly packumentCache corgi:https://registry.npmjs.org/inflight set size:undefined disposed:false
1760 http fetch GET 200 https://registry.npmjs.org/is-bigint 2235ms (cache miss)
1761 silly packumentCache corgi:https://registry.npmjs.org/is-bigint set size:undefined disposed:false
1762 http fetch GET 200 https://registry.npmjs.org/import-fresh 2237ms (cache miss)
1763 silly packumentCache corgi:https://registry.npmjs.org/import-fresh set size:undefined disposed:false
1764 http fetch GET 200 https://registry.npmjs.org/ieee754 2235ms (cache miss)
1765 silly packumentCache corgi:https://registry.npmjs.org/ieee754 set size:undefined disposed:false
1766 http fetch GET 200 https://registry.npmjs.org/https-proxy-agent 2240ms (cache miss)
1767 silly packumentCache corgi:https://registry.npmjs.org/https-proxy-agent set size:undefined disposed:false
1768 http fetch GET 200 https://registry.npmjs.org/http-cache-semantics 2232ms (cache miss)
1769 silly packumentCache corgi:https://registry.npmjs.org/http-cache-semantics set size:undefined disposed:false
1770 http fetch GET 200 https://registry.npmjs.org/hoist-non-react-statics 2245ms (cache miss)
1771 silly packumentCache corgi:https://registry.npmjs.org/hoist-non-react-statics set size:undefined disposed:false
1772 http fetch GET 200 https://registry.npmjs.org/lucide-react-native 2272ms (cache miss)
1773 silly packumentCache corgi:https://registry.npmjs.org/lucide-react-native set size:undefined disposed:false
1774 http fetch GET 200 https://registry.npmjs.org/http-parser-js 2250ms (cache miss)
1775 silly packumentCache corgi:https://registry.npmjs.org/http-parser-js set size:undefined disposed:false
1776 http fetch GET 200 https://registry.npmjs.org/idb 2255ms (cache miss)
1777 silly packumentCache corgi:https://registry.npmjs.org/idb set size:undefined disposed:false
1778 http fetch GET 200 https://registry.npmjs.org/has-tostringtag 2236ms (cache miss)
1779 silly packumentCache corgi:https://registry.npmjs.org/has-tostringtag set size:undefined disposed:false
1780 http fetch GET 200 https://registry.npmjs.org/ignore 2259ms (cache miss)
1781 silly packumentCache corgi:https://registry.npmjs.org/ignore set size:undefined disposed:false
1782 http fetch GET 200 https://registry.npmjs.org/has-property-descriptors 2235ms (cache miss)
1783 silly packumentCache corgi:https://registry.npmjs.org/has-property-descriptors set size:undefined disposed:false
1784 http fetch GET 200 https://registry.npmjs.org/react-is 2319ms (cache miss)
1785 silly packumentCache corgi:https://registry.npmjs.org/react-is set size:undefined disposed:false
1786 http fetch GET 200 https://registry.npmjs.org/hyphenate-style-name 2262ms (cache miss)
1787 silly packumentCache corgi:https://registry.npmjs.org/hyphenate-style-name set size:undefined disposed:false
1788 http fetch GET 200 https://registry.npmjs.org/has-bigints 2251ms (cache miss)
1789 silly packumentCache corgi:https://registry.npmjs.org/has-bigints set size:undefined disposed:false
1790 http fetch GET 200 https://registry.npmjs.org/http2-wrapper 2281ms (cache miss)
1791 silly packumentCache corgi:https://registry.npmjs.org/http2-wrapper set size:undefined disposed:false
1792 http fetch GET 200 https://registry.npmjs.org/has-symbols 2269ms (cache miss)
1793 silly packumentCache corgi:https://registry.npmjs.org/has-symbols set size:undefined disposed:false
1794 http fetch GET 200 https://registry.npmjs.org/image-size 2281ms (cache miss)
1795 silly packumentCache corgi:https://registry.npmjs.org/image-size set size:undefined disposed:false
1796 http fetch GET 200 https://registry.npmjs.org/react-refresh 2362ms (cache miss)
1797 silly packumentCache corgi:https://registry.npmjs.org/react-refresh set size:undefined disposed:false
1798 http fetch GET 200 https://registry.npmjs.org/has-proto 2302ms (cache miss)
1799 silly packumentCache corgi:https://registry.npmjs.org/has-proto set size:undefined disposed:false
1800 http fetch GET 200 https://registry.npmjs.org/react 2386ms (cache miss)
1801 silly packumentCache corgi:https://registry.npmjs.org/react set size:undefined disposed:false
1802 http fetch GET 200 https://registry.npmjs.org/gopd 2321ms (cache miss)
1803 silly packumentCache corgi:https://registry.npmjs.org/gopd set size:undefined disposed:false
1804 http fetch GET 200 https://registry.npmjs.org/hasown 2328ms (cache miss)
1805 silly packumentCache corgi:https://registry.npmjs.org/hasown set size:undefined disposed:false
1806 http fetch GET 200 https://registry.npmjs.org/globalthis 2328ms (cache miss)
1807 silly packumentCache corgi:https://registry.npmjs.org/globalthis set size:undefined disposed:false
1808 http fetch GET 200 https://registry.npmjs.org/http-errors 2333ms (cache miss)
1809 silly packumentCache corgi:https://registry.npmjs.org/http-errors set size:undefined disposed:false
1810 http fetch GET 200 https://registry.npmjs.org/has-flag 2338ms (cache miss)
1811 silly packumentCache corgi:https://registry.npmjs.org/has-flag set size:undefined disposed:false
1812 http fetch GET 200 https://registry.npmjs.org/glob-parent 2332ms (cache miss)
1813 silly packumentCache corgi:https://registry.npmjs.org/glob-parent set size:undefined disposed:false
1814 http fetch GET 200 https://registry.npmjs.org/get-symbol-description 2334ms (cache miss)
1815 silly packumentCache corgi:https://registry.npmjs.org/get-symbol-description set size:undefined disposed:false
1816 http fetch GET 200 https://registry.npmjs.org/get-package-type 2333ms (cache miss)
1817 silly packumentCache corgi:https://registry.npmjs.org/get-package-type set size:undefined disposed:false
1818 http fetch GET 200 https://registry.npmjs.org/graceful-fs 2341ms (cache miss)
1819 silly packumentCache corgi:https://registry.npmjs.org/graceful-fs set size:undefined disposed:false
1820 http fetch GET 200 https://registry.npmjs.org/get-stream 2336ms (cache miss)
1821 silly packumentCache corgi:https://registry.npmjs.org/get-stream set size:undefined disposed:false
1822 http fetch GET 200 https://registry.npmjs.org/jest-environment-node 2386ms (cache miss)
1823 silly packumentCache corgi:https://registry.npmjs.org/jest-environment-node set size:undefined disposed:false
1824 http fetch GET 200 https://registry.npmjs.org/get-caller-file 2341ms (cache miss)
1825 silly packumentCache corgi:https://registry.npmjs.org/get-caller-file set size:undefined disposed:false
1826 http fetch GET 200 https://registry.npmjs.org/get-proto 2345ms (cache miss)
1827 silly packumentCache corgi:https://registry.npmjs.org/get-proto set size:undefined disposed:false
1828 http fetch GET 200 https://registry.npmjs.org/get-tsconfig 2351ms (cache miss)
1829 silly packumentCache corgi:https://registry.npmjs.org/get-tsconfig set size:undefined disposed:false
1830 http fetch GET 200 https://registry.npmjs.org/globals 2354ms (cache miss)
1831 silly packumentCache corgi:https://registry.npmjs.org/globals set size:undefined disposed:false
1832 http fetch GET 200 https://registry.npmjs.org/functions-have-names 2349ms (cache miss)
1833 silly packumentCache corgi:https://registry.npmjs.org/functions-have-names set size:undefined disposed:false
1834 http fetch GET 200 https://registry.npmjs.org/generator-function 2349ms (cache miss)
1835 silly packumentCache corgi:https://registry.npmjs.org/generator-function set size:undefined disposed:false
1836 http fetch GET 200 https://registry.npmjs.org/fs.realpath 2352ms (cache miss)
1837 silly packumentCache corgi:https://registry.npmjs.org/fs.realpath set size:undefined disposed:false
1838 http fetch GET 200 https://registry.npmjs.org/inline-style-prefixer 2397ms (cache miss)
1839 silly packumentCache corgi:https://registry.npmjs.org/inline-style-prefixer set size:undefined disposed:false
1840 http fetch GET 200 https://registry.npmjs.org/function-bind 2355ms (cache miss)
1841 silly packumentCache corgi:https://registry.npmjs.org/function-bind set size:undefined disposed:false
1842 http fetch GET 200 https://registry.npmjs.org/gensync 2356ms (cache miss)
1843 silly packumentCache corgi:https://registry.npmjs.org/gensync set size:undefined disposed:false
1844 http fetch GET 200 https://registry.npmjs.org/react-native-reanimated 2458ms (cache miss)
1845 silly packumentCache corgi:https://registry.npmjs.org/react-native-reanimated set size:undefined disposed:false
1846 http fetch GET 200 https://registry.npmjs.org/fresh 2371ms (cache miss)
1847 silly packumentCache corgi:https://registry.npmjs.org/fresh set size:undefined disposed:false
1848 http fetch GET 200 https://registry.npmjs.org/glob 2391ms (cache miss)
1849 silly packumentCache corgi:https://registry.npmjs.org/glob set size:undefined disposed:false
1850 http fetch GET 200 https://registry.npmjs.org/for-each 2395ms (cache miss)
1851 silly packumentCache corgi:https://registry.npmjs.org/for-each set size:undefined disposed:false
1852 http fetch GET 200 https://registry.npmjs.org/react-dom 2498ms (cache miss)
1853 silly packumentCache corgi:https://registry.npmjs.org/react-dom set size:undefined disposed:false
1854 http fetch GET 200 https://registry.npmjs.org/hermes-estree 2452ms (cache miss)
1855 silly packumentCache corgi:https://registry.npmjs.org/hermes-estree set size:undefined disposed:false
1856 http fetch GET 200 https://registry.npmjs.org/hermes-parser 2482ms (cache miss)
1857 silly packumentCache corgi:https://registry.npmjs.org/hermes-parser set size:undefined disposed:false
1858 http fetch GET 200 https://registry.npmjs.org/function.prototype.name 2465ms (cache miss)
1859 silly packumentCache corgi:https://registry.npmjs.org/function.prototype.name set size:undefined disposed:false
1860 http fetch GET 200 https://registry.npmjs.org/form-data 2468ms (cache miss)
1861 silly packumentCache corgi:https://registry.npmjs.org/form-data set size:undefined disposed:false
1862 http fetch GET 200 https://registry.npmjs.org/flow-enums-runtime 2471ms (cache miss)
1863 silly packumentCache corgi:https://registry.npmjs.org/flow-enums-runtime set size:undefined disposed:false
1864 http fetch GET 200 https://registry.npmjs.org/got 2490ms (cache miss)
1865 silly packumentCache corgi:https://registry.npmjs.org/got set size:undefined disposed:false
1866 http fetch GET 200 https://registry.npmjs.org/flatted 2476ms (cache miss)
1867 silly packumentCache corgi:https://registry.npmjs.org/flatted set size:undefined disposed:false
1868 http fetch GET 200 https://registry.npmjs.org/flat-cache 2479ms (cache miss)
1869 silly packumentCache corgi:https://registry.npmjs.org/flat-cache set size:undefined disposed:false
1870 http fetch GET 200 https://registry.npmjs.org/getenv 2494ms (cache miss)
1871 silly packumentCache corgi:https://registry.npmjs.org/getenv set size:undefined disposed:false
1872 http fetch GET 200 https://registry.npmjs.org/fill-range 2479ms (cache miss)
1873 silly packumentCache corgi:https://registry.npmjs.org/fill-range set size:undefined disposed:false
1874 http fetch GET 200 https://registry.npmjs.org/filter-obj 2481ms (cache miss)
1875 silly packumentCache corgi:https://registry.npmjs.org/filter-obj set size:undefined disposed:false
1876 http fetch GET 200 https://registry.npmjs.org/finalhandler 2484ms (cache miss)
1877 silly packumentCache corgi:https://registry.npmjs.org/finalhandler set size:undefined disposed:false
1878 http fetch GET 200 https://registry.npmjs.org/follow-redirects 2488ms (cache miss)
1879 silly packumentCache corgi:https://registry.npmjs.org/follow-redirects set size:undefined disposed:false
1880 http fetch GET 200 https://registry.npmjs.org/fast-levenshtein 2486ms (cache miss)
1881 silly packumentCache corgi:https://registry.npmjs.org/fast-levenshtein set size:undefined disposed:false
1882 http fetch GET 200 https://registry.npmjs.org/file-entry-cache 2489ms (cache miss)
1883 silly packumentCache corgi:https://registry.npmjs.org/file-entry-cache set size:undefined disposed:false
1884 http fetch GET 200 https://registry.npmjs.org/fdir 2491ms (cache miss)
1885 silly packumentCache corgi:https://registry.npmjs.org/fdir set size:undefined disposed:false
1886 http fetch GET 200 https://registry.npmjs.org/fbjs-css-vars 2491ms (cache miss)
1887 silly packumentCache corgi:https://registry.npmjs.org/fbjs-css-vars set size:undefined disposed:false
1888 http fetch GET 200 https://registry.npmjs.org/get-nonce 2503ms (cache miss)
1889 silly packumentCache corgi:https://registry.npmjs.org/get-nonce set size:undefined disposed:false
1890 http fetch GET 200 https://registry.npmjs.org/fb-watchman 2493ms (cache miss)
1891 silly packumentCache corgi:https://registry.npmjs.org/fb-watchman set size:undefined disposed:false
1892 http fetch GET 200 https://registry.npmjs.org/faye-websocket 2495ms (cache miss)
1893 silly packumentCache corgi:https://registry.npmjs.org/faye-websocket set size:undefined disposed:false
1894 http fetch GET 200 https://registry.npmjs.org/fast-deep-equal 2496ms (cache miss)
1895 silly packumentCache corgi:https://registry.npmjs.org/fast-deep-equal set size:undefined disposed:false
1896 http fetch GET 200 https://registry.npmjs.org/fast-uri 2497ms (cache miss)
1897 silly packumentCache corgi:https://registry.npmjs.org/fast-uri set size:undefined disposed:false
1898 http fetch GET 200 https://registry.npmjs.org/fast-json-stable-stringify 2497ms (cache miss)
1899 silly packumentCache corgi:https://registry.npmjs.org/fast-json-stable-stringify set size:undefined disposed:false
1900 http fetch GET 200 https://registry.npmjs.org/get-intrinsic 2511ms (cache miss)
1901 silly packumentCache corgi:https://registry.npmjs.org/get-intrinsic set size:undefined disposed:false
1902 http fetch GET 200 https://registry.npmjs.org/fbjs 2501ms (cache miss)
1903 silly packumentCache corgi:https://registry.npmjs.org/fbjs set size:undefined disposed:false
1904 http fetch GET 200 https://registry.npmjs.org/exponential-backoff 2501ms (cache miss)
1905 silly packumentCache corgi:https://registry.npmjs.org/exponential-backoff set size:undefined disposed:false
1906 http fetch GET 200 https://registry.npmjs.org/find-up 2509ms (cache miss)
1907 silly packumentCache corgi:https://registry.npmjs.org/find-up set size:undefined disposed:false
1908 http fetch GET 200 https://registry.npmjs.org/expo-updates-interface 2517ms (cache miss)
1909 silly packumentCache corgi:https://registry.npmjs.org/expo-updates-interface set size:undefined disposed:false
1910 http fetch GET 200 https://registry.npmjs.org/expo-status-bar 2521ms (cache miss)
1911 silly packumentCache corgi:https://registry.npmjs.org/expo-status-bar set size:undefined disposed:false
1912 http fetch GET 200 https://registry.npmjs.org/expo-symbols 2522ms (cache miss)
1913 silly packumentCache corgi:https://registry.npmjs.org/expo-symbols set size:undefined disposed:false
1914 http fetch GET 200 https://registry.npmjs.org/expo-task-manager 2526ms (cache miss)
1915 silly packumentCache corgi:https://registry.npmjs.org/expo-task-manager set size:undefined disposed:false
1916 http fetch GET 200 https://registry.npmjs.org/expo-image-loader 2527ms (cache miss)
1917 silly packumentCache corgi:https://registry.npmjs.org/expo-image-loader set size:undefined disposed:false
1918 http fetch GET 200 https://registry.npmjs.org/expo-system-ui 2530ms (cache miss)
1919 silly packumentCache corgi:https://registry.npmjs.org/expo-system-ui set size:undefined disposed:false
1920 http fetch GET 200 https://registry.npmjs.org/fontfaceobserver 2539ms (cache miss)
1921 silly packumentCache corgi:https://registry.npmjs.org/fontfaceobserver set size:undefined disposed:false
1922 http fetch GET 200 https://registry.npmjs.org/expo-linking 2537ms (cache miss)
1923 silly packumentCache corgi:https://registry.npmjs.org/expo-linking set size:undefined disposed:false
1924 http fetch GET 200 https://registry.npmjs.org/expo-splash-screen 2540ms (cache miss)
1925 silly packumentCache corgi:https://registry.npmjs.org/expo-splash-screen set size:undefined disposed:false
1926 http fetch GET 200 https://registry.npmjs.org/expo-image-picker 2541ms (cache miss)
1927 silly packumentCache corgi:https://registry.npmjs.org/expo-image-picker set size:undefined disposed:false
1928 http fetch GET 200 https://registry.npmjs.org/expo-linear-gradient 2543ms (cache miss)
1929 silly packumentCache corgi:https://registry.npmjs.org/expo-linear-gradient set size:undefined disposed:false
1930 http fetch GET 200 https://registry.npmjs.org/expo-notifications 2549ms (cache miss)
1931 silly packumentCache corgi:https://registry.npmjs.org/expo-notifications set size:undefined disposed:false
1932 http fetch GET 200 https://registry.npmjs.org/expo-json-utils 2554ms (cache miss)
1933 silly packumentCache corgi:https://registry.npmjs.org/expo-json-utils set size:undefined disposed:false
1934 http fetch GET 200 https://registry.npmjs.org/expo-image 2558ms (cache miss)
1935 silly packumentCache corgi:https://registry.npmjs.org/expo-image set size:undefined disposed:false
1936 http fetch GET 200 https://registry.npmjs.org/expo-haptics 2563ms (cache miss)
1937 silly packumentCache corgi:https://registry.npmjs.org/expo-haptics set size:undefined disposed:false
1938 http fetch GET 200 https://registry.npmjs.org/expo-router 2571ms (cache miss)
1939 silly packumentCache corgi:https://registry.npmjs.org/expo-router set size:undefined disposed:false
1940 http fetch GET 200 https://registry.npmjs.org/expo-build-properties 2579ms (cache miss)
1941 silly packumentCache corgi:https://registry.npmjs.org/expo-build-properties set size:undefined disposed:false
1942 http fetch GET 200 https://registry.npmjs.org/etag 2592ms (cache miss)
1943 silly packumentCache corgi:https://registry.npmjs.org/etag set size:undefined disposed:false
1944 http fetch GET 200 https://registry.npmjs.org/typescript 2754ms (cache miss)
1945 silly packumentCache corgi:https://registry.npmjs.org/typescript set size:undefined disposed:false
1946 http fetch GET 200 https://registry.npmjs.org/expo-server 2676ms (cache miss)
1947 silly packumentCache corgi:https://registry.npmjs.org/expo-server set size:undefined disposed:false
1948 http fetch GET 200 https://registry.npmjs.org/expo-file-system 2685ms (cache miss)
1949 silly packumentCache corgi:https://registry.npmjs.org/expo-file-system set size:undefined disposed:false
1950 http fetch GET 200 https://registry.npmjs.org/expo-keep-awake 2692ms (cache miss)
1951 silly packumentCache corgi:https://registry.npmjs.org/expo-keep-awake set size:undefined disposed:false
1952 http fetch GET 200 https://registry.npmjs.org/event-target-shim 2701ms (cache miss)
1953 silly packumentCache corgi:https://registry.npmjs.org/event-target-shim set size:undefined disposed:false
1954 http fetch GET 200 https://registry.npmjs.org/expo-dev-client 2704ms (cache miss)
1955 silly packumentCache corgi:https://registry.npmjs.org/expo-dev-client set size:undefined disposed:false
1956 http fetch GET 200 https://registry.npmjs.org/esrecurse 2706ms (cache miss)
1957 silly packumentCache corgi:https://registry.npmjs.org/esrecurse set size:undefined disposed:false
1958 http fetch GET 200 https://registry.npmjs.org/estraverse 2707ms (cache miss)
1959 silly packumentCache corgi:https://registry.npmjs.org/estraverse set size:undefined disposed:false
1960 http fetch GET 200 https://registry.npmjs.org/expo-manifests 2714ms (cache miss)
1961 silly packumentCache corgi:https://registry.npmjs.org/expo-manifests set size:undefined disposed:false
1962 http fetch GET 200 https://registry.npmjs.org/expo-web-browser 2721ms (cache miss)
1963 silly packumentCache corgi:https://registry.npmjs.org/expo-web-browser set size:undefined disposed:false
1964 http fetch GET 200 https://registry.npmjs.org/expo-font 2722ms (cache miss)
1965 silly packumentCache corgi:https://registry.npmjs.org/expo-font set size:undefined disposed:false
1966 http fetch GET 200 https://registry.npmjs.org/esquery 2726ms (cache miss)
1967 silly packumentCache corgi:https://registry.npmjs.org/esquery set size:undefined disposed:false
1968 http fetch GET 200 https://registry.npmjs.org/react-native 2845ms (cache miss)
1969 silly packumentCache corgi:https://registry.npmjs.org/react-native set size:undefined disposed:false
1970 http fetch GET 200 https://registry.npmjs.org/esprima 2822ms (cache miss)
1971 silly packumentCache corgi:https://registry.npmjs.org/esprima set size:undefined disposed:false
1972 http fetch GET 200 https://registry.npmjs.org/expo-constants 2828ms (cache miss)
1973 silly packumentCache corgi:https://registry.npmjs.org/expo-constants set size:undefined disposed:false
1974 http fetch GET 200 https://registry.npmjs.org/espree 2837ms (cache miss)
1975 silly packumentCache corgi:https://registry.npmjs.org/espree set size:undefined disposed:false
1976 http fetch GET 200 https://registry.npmjs.org/expo-dev-menu 2984ms (cache miss)
1977 silly packumentCache corgi:https://registry.npmjs.org/expo-dev-menu set size:undefined disposed:false
1978 http fetch GET 200 https://registry.npmjs.org/firebase 3004ms (cache miss)
1979 silly packumentCache corgi:https://registry.npmjs.org/firebase set size:undefined disposed:false
1980 http fetch GET 200 https://registry.npmjs.org/expo-application 3029ms (cache miss)
1981 silly packumentCache corgi:https://registry.npmjs.org/expo-application set size:undefined disposed:false
1982 http fetch GET 200 https://registry.npmjs.org/eslint-import-resolver-typescript 3032ms (cache miss)
1983 silly packumentCache corgi:https://registry.npmjs.org/eslint-import-resolver-typescript set size:undefined disposed:false
1984 http fetch GET 200 https://registry.npmjs.org/expo-location 3070ms (cache miss)
1985 silly packumentCache corgi:https://registry.npmjs.org/expo-location set size:undefined disposed:false
1986 http fetch GET 200 https://registry.npmjs.org/esutils 3070ms (cache miss)
1987 silly packumentCache corgi:https://registry.npmjs.org/esutils set size:undefined disposed:false
1988 http fetch GET 200 https://registry.npmjs.org/escape-string-regexp 3067ms (cache miss)
1989 silly packumentCache corgi:https://registry.npmjs.org/escape-string-regexp set size:undefined disposed:false
1990 http fetch GET 200 https://registry.npmjs.org/eslint-visitor-keys 3070ms (cache miss)
1991 silly packumentCache corgi:https://registry.npmjs.org/eslint-visitor-keys set size:undefined disposed:false
1992 http fetch GET 200 https://registry.npmjs.org/escape-html 3069ms (cache miss)
1993 silly packumentCache corgi:https://registry.npmjs.org/escape-html set size:undefined disposed:false
1994 http fetch GET 200 https://registry.npmjs.org/eslint-module-utils 3070ms (cache miss)
1995 silly packumentCache corgi:https://registry.npmjs.org/eslint-module-utils set size:undefined disposed:false
1996 http fetch GET 200 https://registry.npmjs.org/expo-dev-menu-interface 3079ms (cache miss)
1997 silly packumentCache corgi:https://registry.npmjs.org/expo-dev-menu-interface set size:undefined disposed:false
1998 http fetch GET 200 https://registry.npmjs.org/eslint-import-resolver-node 3073ms (cache miss)
1999 silly packumentCache corgi:https://registry.npmjs.org/eslint-import-resolver-node set size:undefined disposed:false
2000 http fetch GET 200 https://registry.npmjs.org/eslint-scope 3075ms (cache miss)
2001 silly packumentCache corgi:https://registry.npmjs.org/eslint-scope set size:undefined disposed:false
2002 http fetch GET 200 https://registry.npmjs.org/eslint-config-expo 3078ms (cache miss)
2003 silly packumentCache corgi:https://registry.npmjs.org/eslint-config-expo set size:undefined disposed:false
2004 http fetch GET 200 https://registry.npmjs.org/es-shim-unscopables 3080ms (cache miss)
2005 silly packumentCache corgi:https://registry.npmjs.org/es-shim-unscopables set size:undefined disposed:false
2006 http fetch GET 200 https://registry.npmjs.org/es-errors 3080ms (cache miss)
2007 silly packumentCache corgi:https://registry.npmjs.org/es-errors set size:undefined disposed:false
2008 http fetch GET 200 https://registry.npmjs.org/es-object-atoms 3085ms (cache miss)
2009 silly packumentCache corgi:https://registry.npmjs.org/es-object-atoms set size:undefined disposed:false
2010 http fetch GET 200 https://registry.npmjs.org/es-set-tostringtag 3086ms (cache miss)
2011 silly packumentCache corgi:https://registry.npmjs.org/es-set-tostringtag set size:undefined disposed:false
2012 http fetch GET 200 https://registry.npmjs.org/es-to-primitive 3089ms (cache miss)
2013 silly packumentCache corgi:https://registry.npmjs.org/es-to-primitive set size:undefined disposed:false
2014 http fetch GET 200 https://registry.npmjs.org/escalade 3090ms (cache miss)
2015 silly packumentCache corgi:https://registry.npmjs.org/escalade set size:undefined disposed:false
2016 http fetch GET 200 https://registry.npmjs.org/entities 3104ms (cache miss)
2017 silly packumentCache corgi:https://registry.npmjs.org/entities set size:undefined disposed:false
2018 http fetch GET 200 https://registry.npmjs.org/encodeurl 3113ms (cache miss)
2019 silly packumentCache corgi:https://registry.npmjs.org/encodeurl set size:undefined disposed:false
2020 http fetch GET 200 https://registry.npmjs.org/es-iterator-helpers 3136ms (cache miss)
2021 silly packumentCache corgi:https://registry.npmjs.org/es-iterator-helpers set size:undefined disposed:false
2022 http fetch GET 200 https://registry.npmjs.org/eslint-plugin-expo 3148ms (cache miss)
2023 silly packumentCache corgi:https://registry.npmjs.org/eslint-plugin-expo set size:undefined disposed:false
2024 http fetch GET 200 https://registry.npmjs.org/ee-first 3173ms (cache miss)
2025 silly packumentCache corgi:https://registry.npmjs.org/ee-first set size:undefined disposed:false
2026 http fetch GET 200 https://registry.npmjs.org/dotenv-expand 3179ms (cache miss)
2027 silly packumentCache corgi:https://registry.npmjs.org/dotenv-expand set size:undefined disposed:false
2028 http fetch GET 200 https://registry.npmjs.org/eslint-plugin-import 3194ms (cache miss)
2029 silly packumentCache corgi:https://registry.npmjs.org/eslint-plugin-import set size:undefined disposed:false
2030 http fetch GET 200 https://registry.npmjs.org/end-of-stream 3192ms (cache miss)
2031 silly packumentCache corgi:https://registry.npmjs.org/end-of-stream set size:undefined disposed:false
2032 http fetch GET 200 https://registry.npmjs.org/domhandler 3209ms (cache miss)
2033 silly packumentCache corgi:https://registry.npmjs.org/domhandler set size:undefined disposed:false
2034 http fetch GET 200 https://registry.npmjs.org/emoji-regex 3213ms (cache miss)
2035 silly packumentCache corgi:https://registry.npmjs.org/emoji-regex set size:undefined disposed:false
2036 http fetch GET 200 https://registry.npmjs.org/eslint-plugin-react-hooks 3258ms (cache miss)
2037 silly packumentCache corgi:https://registry.npmjs.org/eslint-plugin-react-hooks set size:undefined disposed:false
2038 http fetch GET 200 https://registry.npmjs.org/dunder-proto 3262ms (cache miss)
2039 silly packumentCache corgi:https://registry.npmjs.org/dunder-proto set size:undefined disposed:false
2040 http fetch GET 200 https://registry.npmjs.org/es-define-property 3263ms (cache miss)
2041 silly packumentCache corgi:https://registry.npmjs.org/es-define-property set size:undefined disposed:false
2042 http fetch GET 200 https://registry.npmjs.org/doctrine 3272ms (cache miss)
2043 silly packumentCache corgi:https://registry.npmjs.org/doctrine set size:undefined disposed:false
2044 http fetch GET 200 https://registry.npmjs.org/es-abstract 3278ms (cache miss)
2045 silly packumentCache corgi:https://registry.npmjs.org/es-abstract set size:undefined disposed:false
2046 http fetch GET 200 https://registry.npmjs.org/dotenv 3284ms (cache miss)
2047 silly packumentCache corgi:https://registry.npmjs.org/dotenv set size:undefined disposed:false
2048 http fetch GET 200 https://registry.npmjs.org/define-data-property 3305ms (cache miss)
2049 silly packumentCache corgi:https://registry.npmjs.org/define-data-property set size:undefined disposed:false
2050 http fetch GET 200 https://registry.npmjs.org/depd 3306ms (cache miss)
2051 silly packumentCache corgi:https://registry.npmjs.org/depd set size:undefined disposed:false
2052 http fetch GET 200 https://registry.npmjs.org/error-stack-parser 3316ms (cache miss)
2053 silly packumentCache corgi:https://registry.npmjs.org/error-stack-parser set size:undefined disposed:false
2054 http fetch GET 200 https://registry.npmjs.org/domutils 3322ms (cache miss)
2055 silly packumentCache corgi:https://registry.npmjs.org/domutils set size:undefined disposed:false
2056 http fetch GET 200 https://registry.npmjs.org/detect-node-es 3329ms (cache miss)
2057 silly packumentCache corgi:https://registry.npmjs.org/detect-node-es set size:undefined disposed:false
2058 http fetch GET 200 https://registry.npmjs.org/defer-to-connect 3338ms (cache miss)
2059 silly packumentCache corgi:https://registry.npmjs.org/defer-to-connect set size:undefined disposed:false
2060 http fetch GET 200 https://registry.npmjs.org/deep-is 3346ms (cache miss)
2061 silly packumentCache corgi:https://registry.npmjs.org/deep-is set size:undefined disposed:false
2062 http fetch GET 200 https://registry.npmjs.org/define-properties 3352ms (cache miss)
2063 silly packumentCache corgi:https://registry.npmjs.org/define-properties set size:undefined disposed:false
2064 http fetch GET 200 https://registry.npmjs.org/deepmerge 3357ms (cache miss)
2065 silly packumentCache corgi:https://registry.npmjs.org/deepmerge set size:undefined disposed:false
2066 http fetch GET 200 https://registry.npmjs.org/delayed-stream 3371ms (cache miss)
2067 silly packumentCache corgi:https://registry.npmjs.org/delayed-stream set size:undefined disposed:false
2068 http fetch GET 200 https://registry.npmjs.org/decode-uri-component 3375ms (cache miss)
2069 silly packumentCache corgi:https://registry.npmjs.org/decode-uri-component set size:undefined disposed:false
2070 http fetch GET 200 https://registry.npmjs.org/decompress-response 3376ms (cache miss)
2071 silly packumentCache corgi:https://registry.npmjs.org/decompress-response set size:undefined disposed:false
2072 http fetch GET 200 https://registry.npmjs.org/data-view-byte-length 3404ms (cache miss)
2073 silly packumentCache corgi:https://registry.npmjs.org/data-view-byte-length set size:undefined disposed:false
2074 http fetch GET 200 https://registry.npmjs.org/css-what 3431ms (cache miss)
2075 silly packumentCache corgi:https://registry.npmjs.org/css-what set size:undefined disposed:false
2076 http fetch GET 200 https://registry.npmjs.org/cross-fetch 3435ms (cache miss)
2077 silly packumentCache corgi:https://registry.npmjs.org/cross-fetch set size:undefined disposed:false
2078 http fetch GET 200 https://registry.npmjs.org/csstype 3437ms (cache miss)
2079 silly packumentCache corgi:https://registry.npmjs.org/csstype set size:undefined disposed:false
2080 http fetch GET 200 https://registry.npmjs.org/debug 3441ms (cache miss)
2081 silly packumentCache corgi:https://registry.npmjs.org/debug set size:undefined disposed:false
2082 http fetch GET 200 https://registry.npmjs.org/css-select 3442ms (cache miss)
2083 silly packumentCache corgi:https://registry.npmjs.org/css-select set size:undefined disposed:false
2084 http fetch GET 200 https://registry.npmjs.org/expo-dev-launcher 3466ms (cache miss)
2085 silly packumentCache corgi:https://registry.npmjs.org/expo-dev-launcher set size:undefined disposed:false
2086 http fetch GET 200 https://registry.npmjs.org/expo-asset 3471ms (cache miss)
2087 silly packumentCache corgi:https://registry.npmjs.org/expo-asset set size:undefined disposed:false
2088 http fetch GET 200 https://registry.npmjs.org/cross-spawn 3461ms (cache miss)
2089 silly packumentCache corgi:https://registry.npmjs.org/cross-spawn set size:undefined disposed:false
2090 http fetch GET 200 https://registry.npmjs.org/eslint 3485ms (cache miss)
2091 silly packumentCache corgi:https://registry.npmjs.org/eslint set size:undefined disposed:false
2092 http fetch GET 200 https://registry.npmjs.org/dom-serializer 3495ms (cache miss)
2093 silly packumentCache corgi:https://registry.npmjs.org/dom-serializer set size:undefined disposed:false
2094 http fetch GET 200 https://registry.npmjs.org/destroy 3499ms (cache miss)
2095 silly packumentCache corgi:https://registry.npmjs.org/destroy set size:undefined disposed:false
2096 http fetch GET 200 https://registry.npmjs.org/domelementtype 3503ms (cache miss)
2097 silly packumentCache corgi:https://registry.npmjs.org/domelementtype set size:undefined disposed:false
2098 http fetch GET 200 https://registry.npmjs.org/data-view-byte-offset 3497ms (cache miss)
2099 silly packumentCache corgi:https://registry.npmjs.org/data-view-byte-offset set size:undefined disposed:false
2100 http fetch GET 200 https://registry.npmjs.org/data-view-buffer 3497ms (cache miss)
2101 silly packumentCache corgi:https://registry.npmjs.org/data-view-buffer set size:undefined disposed:false
2102 http fetch GET 200 https://registry.npmjs.org/concat-map 3499ms (cache miss)
2103 silly packumentCache corgi:https://registry.npmjs.org/concat-map set size:undefined disposed:false
2104 http fetch GET 200 https://registry.npmjs.org/css-tree 3500ms (cache miss)
2105 silly packumentCache corgi:https://registry.npmjs.org/css-tree set size:undefined disposed:false
2106 http fetch GET 200 https://registry.npmjs.org/eslint-plugin-react 3520ms (cache miss)
2107 silly packumentCache corgi:https://registry.npmjs.org/eslint-plugin-react set size:undefined disposed:false
2108 http fetch GET 200 https://registry.npmjs.org/color-convert 3511ms (cache miss)
2109 silly packumentCache corgi:https://registry.npmjs.org/color-convert set size:undefined disposed:false
2110 http fetch GET 200 https://registry.npmjs.org/convert-source-map 3515ms (cache miss)
2111 silly packumentCache corgi:https://registry.npmjs.org/convert-source-map set size:undefined disposed:false
2112 http fetch GET 200 https://registry.npmjs.org/combined-stream 3517ms (cache miss)
2113 silly packumentCache corgi:https://registry.npmjs.org/combined-stream set size:undefined disposed:false
2114 http fetch GET 200 https://registry.npmjs.org/chrome-launcher 3536ms (cache miss)
2115 silly packumentCache corgi:https://registry.npmjs.org/chrome-launcher set size:undefined disposed:false
2116 http fetch GET 200 https://registry.npmjs.org/connect 3544ms (cache miss)
2117 silly packumentCache corgi:https://registry.npmjs.org/connect set size:undefined disposed:false
2118 http fetch GET 200 https://registry.npmjs.org/color-name 3544ms (cache miss)
2119 silly packumentCache corgi:https://registry.npmjs.org/color-name set size:undefined disposed:false
2120 http fetch GET 200 https://registry.npmjs.org/cliui 3544ms (cache miss)
2121 silly packumentCache corgi:https://registry.npmjs.org/cliui set size:undefined disposed:false
2122 http fetch GET 200 https://registry.npmjs.org/callsites 3545ms (cache miss)
2123 silly packumentCache corgi:https://registry.npmjs.org/callsites set size:undefined disposed:false
2124 http fetch GET 200 https://registry.npmjs.org/chromium-edge-launcher 3547ms (cache miss)
2125 silly packumentCache corgi:https://registry.npmjs.org/chromium-edge-launcher set size:undefined disposed:false
2126 http fetch GET 200 https://registry.npmjs.org/color-string 3560ms (cache miss)
2127 silly packumentCache corgi:https://registry.npmjs.org/color-string set size:undefined disposed:false
2128 http fetch GET 200 https://registry.npmjs.org/chalk 3559ms (cache miss)
2129 silly packumentCache corgi:https://registry.npmjs.org/chalk set size:undefined disposed:false
2130 http fetch GET 200 https://registry.npmjs.org/camelcase 3565ms (cache miss)
2131 silly packumentCache corgi:https://registry.npmjs.org/camelcase set size:undefined disposed:false
2132 http fetch GET 200 https://registry.npmjs.org/color 3570ms (cache miss)
2133 silly packumentCache corgi:https://registry.npmjs.org/color set size:undefined disposed:false
2134 http fetch GET 200 https://registry.npmjs.org/call-bind-apply-helpers 3571ms (cache miss)
2135 silly packumentCache corgi:https://registry.npmjs.org/call-bind-apply-helpers set size:undefined disposed:false
2136 http fetch GET 200 https://registry.npmjs.org/call-bound 3571ms (cache miss)
2137 silly packumentCache corgi:https://registry.npmjs.org/call-bound set size:undefined disposed:false
2138 http fetch GET 200 https://registry.npmjs.org/call-bind 3586ms (cache miss)
2139 silly packumentCache corgi:https://registry.npmjs.org/call-bind set size:undefined disposed:false
2140 http fetch GET 200 https://registry.npmjs.org/css-in-js-utils 3597ms (cache miss)
2141 silly packumentCache corgi:https://registry.npmjs.org/css-in-js-utils set size:undefined disposed:false
2142 http fetch GET 200 https://registry.npmjs.org/cacheable-request 3600ms (cache miss)
2143 silly packumentCache corgi:https://registry.npmjs.org/cacheable-request set size:undefined disposed:false
2144 http fetch GET 200 https://registry.npmjs.org/ci-info 3607ms (cache miss)
2145 silly packumentCache corgi:https://registry.npmjs.org/ci-info set size:undefined disposed:false
2146 http fetch GET 200 https://registry.npmjs.org/buffer-from 3612ms (cache miss)
2147 silly packumentCache corgi:https://registry.npmjs.org/buffer-from set size:undefined disposed:false
2148 http fetch GET 200 https://registry.npmjs.org/brace-expansion 3612ms (cache miss)
2149 silly packumentCache corgi:https://registry.npmjs.org/brace-expansion set size:undefined disposed:false
2150 http fetch GET 200 https://registry.npmjs.org/baseline-browser-mapping 3615ms (cache miss)
2151 silly packumentCache corgi:https://registry.npmjs.org/baseline-browser-mapping set size:undefined disposed:false
2152 http fetch GET 200 https://registry.npmjs.org/cacheable-lookup 3620ms (cache miss)
2153 silly packumentCache corgi:https://registry.npmjs.org/cacheable-lookup set size:undefined disposed:false
2154 http fetch GET 200 https://registry.npmjs.org/buffer 3622ms (cache miss)
2155 silly packumentCache corgi:https://registry.npmjs.org/buffer set size:undefined disposed:false
2156 http fetch GET 200 https://registry.npmjs.org/bser 3624ms (cache miss)
2157 silly packumentCache corgi:https://registry.npmjs.org/bser set size:undefined disposed:false
2158 http fetch GET 200 https://registry.npmjs.org/boolbase 3629ms (cache miss)
2159 silly packumentCache corgi:https://registry.npmjs.org/boolbase set size:undefined disposed:false
2160 http fetch GET 200 https://registry.npmjs.org/clone-response 3632ms (cache miss)
2161 silly packumentCache corgi:https://registry.npmjs.org/clone-response set size:undefined disposed:false
2162 http fetch GET 200 https://registry.npmjs.org/braces 3638ms (cache miss)
2163 silly packumentCache corgi:https://registry.npmjs.org/braces set size:undefined disposed:false
2164 http fetch GET 200 https://registry.npmjs.org/core-js-compat 3653ms (cache miss)
2165 silly packumentCache corgi:https://registry.npmjs.org/core-js-compat set size:undefined disposed:false
2166 http fetch GET 200 https://registry.npmjs.org/bplist-creator 3651ms (cache miss)
2167 silly packumentCache corgi:https://registry.npmjs.org/bplist-creator set size:undefined disposed:false
2168 http fetch GET 200 https://registry.npmjs.org/base64-js 3651ms (cache miss)
2169 silly packumentCache corgi:https://registry.npmjs.org/base64-js set size:undefined disposed:false
2170 http fetch GET 200 https://registry.npmjs.org/client-only 3678ms (cache miss)
2171 silly packumentCache corgi:https://registry.npmjs.org/client-only set size:undefined disposed:false
2172 http fetch GET 200 https://registry.npmjs.org/badgin 3674ms (cache miss)
2173 silly packumentCache corgi:https://registry.npmjs.org/badgin set size:undefined disposed:false
2174 http fetch GET 200 https://registry.npmjs.org/balanced-match 3675ms (cache miss)
2175 silly packumentCache corgi:https://registry.npmjs.org/balanced-match set size:undefined disposed:false
2176 http fetch GET 200 https://registry.npmjs.org/babel-plugin-transform-flow-enums 3675ms (cache miss)
2177 silly packumentCache corgi:https://registry.npmjs.org/babel-plugin-transform-flow-enums set size:undefined disposed:false
2178 http fetch GET 200 https://registry.npmjs.org/babel-preset-current-node-syntax 3680ms (cache miss)
2179 silly packumentCache corgi:https://registry.npmjs.org/babel-preset-current-node-syntax set size:undefined disposed:false
2180 http fetch GET 200 https://registry.npmjs.org/browserslist 3687ms (cache miss)
2181 silly packumentCache corgi:https://registry.npmjs.org/browserslist set size:undefined disposed:false
2182 http fetch GET 200 https://registry.npmjs.org/babel-plugin-istanbul 3689ms (cache miss)
2183 silly packumentCache corgi:https://registry.npmjs.org/babel-plugin-istanbul set size:undefined disposed:false
2184 http fetch GET 200 https://registry.npmjs.org/available-typed-arrays 3714ms (cache miss)
2185 silly packumentCache corgi:https://registry.npmjs.org/available-typed-arrays set size:undefined disposed:false
2186 http fetch GET 200 https://registry.npmjs.org/babel-plugin-polyfill-regenerator 3720ms (cache miss)
2187 silly packumentCache corgi:https://registry.npmjs.org/babel-plugin-polyfill-regenerator set size:undefined disposed:false
2188 http fetch GET 200 https://registry.npmjs.org/babel-plugin-syntax-hermes-parser 3722ms (cache miss)
2189 silly packumentCache corgi:https://registry.npmjs.org/babel-plugin-syntax-hermes-parser set size:undefined disposed:false
2190 http fetch GET 200 https://registry.npmjs.org/axios 3737ms (cache miss)
2191 silly packumentCache corgi:https://registry.npmjs.org/axios set size:undefined disposed:false
2192 http fetch GET 200 https://registry.npmjs.org/bplist-parser 3746ms (cache miss)
2193 silly packumentCache corgi:https://registry.npmjs.org/bplist-parser set size:undefined disposed:false
2194 http fetch GET 200 https://registry.npmjs.org/babel-preset-expo 3755ms (cache miss)
2195 silly packumentCache corgi:https://registry.npmjs.org/babel-preset-expo set size:undefined disposed:false
2196 http fetch GET 200 https://registry.npmjs.org/asap 3753ms (cache miss)
2197 silly packumentCache corgi:https://registry.npmjs.org/asap set size:undefined disposed:false
2198 http fetch GET 200 https://registry.npmjs.org/async-function 3758ms (cache miss)
2199 silly packumentCache corgi:https://registry.npmjs.org/async-function set size:undefined disposed:false
2200 http fetch GET 200 https://registry.npmjs.org/babel-plugin-jest-hoist 3764ms (cache miss)
2201 silly packumentCache corgi:https://registry.npmjs.org/babel-plugin-jest-hoist set size:undefined disposed:false
2202 http fetch GET 200 https://registry.npmjs.org/async-limiter 3776ms (cache miss)
2203 silly packumentCache corgi:https://registry.npmjs.org/async-limiter set size:undefined disposed:false
2204 http fetch GET 200 https://registry.npmjs.org/assert 3791ms (cache miss)
2205 silly packumentCache corgi:https://registry.npmjs.org/assert set size:undefined disposed:false
2206 http fetch GET 200 https://registry.npmjs.org/array.prototype.tosorted 3799ms (cache miss)
2207 silly packumentCache corgi:https://registry.npmjs.org/array.prototype.tosorted set size:undefined disposed:false
2208 http fetch GET 200 https://registry.npmjs.org/arraybuffer.prototype.slice 3801ms (cache miss)
2209 silly packumentCache corgi:https://registry.npmjs.org/arraybuffer.prototype.slice set size:undefined disposed:false
2210 http fetch GET 200 https://registry.npmjs.org/aria-hidden 3801ms (cache miss)
2211 silly packumentCache corgi:https://registry.npmjs.org/aria-hidden set size:undefined disposed:false
2212 http fetch GET 200 https://registry.npmjs.org/array.prototype.findlast 3807ms (cache miss)
2213 silly packumentCache corgi:https://registry.npmjs.org/array.prototype.findlast set size:undefined disposed:false
2214 http fetch GET 200 https://registry.npmjs.org/babel-plugin-polyfill-corejs3 3815ms (cache miss)
2215 silly packumentCache corgi:https://registry.npmjs.org/babel-plugin-polyfill-corejs3 set size:undefined disposed:false
2216 http fetch GET 200 https://registry.npmjs.org/array.prototype.flat 3811ms (cache miss)
2217 silly packumentCache corgi:https://registry.npmjs.org/array.prototype.flat set size:undefined disposed:false
2218 http fetch GET 200 https://registry.npmjs.org/babel-plugin-polyfill-corejs2 3826ms (cache miss)
2219 silly packumentCache corgi:https://registry.npmjs.org/babel-plugin-polyfill-corejs2 set size:undefined disposed:false
2220 http fetch GET 200 https://registry.npmjs.org/babel-plugin-react-compiler 3831ms (cache miss)
2221 silly packumentCache corgi:https://registry.npmjs.org/babel-plugin-react-compiler set size:undefined disposed:false
2222 http fetch GET 200 https://registry.npmjs.org/array-includes 3833ms (cache miss)
2223 silly packumentCache corgi:https://registry.npmjs.org/array-includes set size:undefined disposed:false
2224 http fetch GET 200 https://registry.npmjs.org/array-buffer-byte-length 3834ms (cache miss)
2225 silly packumentCache corgi:https://registry.npmjs.org/array-buffer-byte-length set size:undefined disposed:false
2226 http fetch GET 200 https://registry.npmjs.org/babel-jest 3846ms (cache miss)
2227 silly packumentCache corgi:https://registry.npmjs.org/babel-jest set size:undefined disposed:false
2228 http fetch GET 200 https://registry.npmjs.org/babel-preset-jest 3855ms (cache miss)
2229 silly packumentCache corgi:https://registry.npmjs.org/babel-preset-jest set size:undefined disposed:false
2230 http fetch GET 200 https://registry.npmjs.org/anymatch 3843ms (cache miss)
2231 silly packumentCache corgi:https://registry.npmjs.org/anymatch set size:undefined disposed:false
2232 http fetch GET 200 https://registry.npmjs.org/any-promise 3846ms (cache miss)
2233 silly packumentCache corgi:https://registry.npmjs.org/any-promise set size:undefined disposed:false
2234 http fetch GET 200 https://registry.npmjs.org/babel-plugin-react-native-web 3857ms (cache miss)
2235 silly packumentCache corgi:https://registry.npmjs.org/babel-plugin-react-native-web set size:undefined disposed:false
2236 http fetch GET 200 https://registry.npmjs.org/ansi-regex 3851ms (cache miss)
2237 silly packumentCache corgi:https://registry.npmjs.org/ansi-regex set size:undefined disposed:false
2238 http fetch GET 200 https://registry.npmjs.org/asynckit 3854ms (cache miss)
2239 silly packumentCache corgi:https://registry.npmjs.org/asynckit set size:undefined disposed:false
2240 http fetch GET 200 https://registry.npmjs.org/big-integer 3880ms (cache miss)
2241 silly packumentCache corgi:https://registry.npmjs.org/big-integer set size:undefined disposed:false
2242 http fetch GET 200 https://registry.npmjs.org/argparse 3876ms (cache miss)
2243 silly packumentCache corgi:https://registry.npmjs.org/argparse set size:undefined disposed:false
2244 http fetch GET 200 https://registry.npmjs.org/agent-base 3877ms (cache miss)
2245 silly packumentCache corgi:https://registry.npmjs.org/agent-base set size:undefined disposed:false
2246 http fetch GET 200 https://registry.npmjs.org/ansi-styles 3875ms (cache miss)
2247 silly packumentCache corgi:https://registry.npmjs.org/ansi-styles set size:undefined disposed:false
2248 http fetch GET 200 https://registry.npmjs.org/accepts 3878ms (cache miss)
2249 silly packumentCache corgi:https://registry.npmjs.org/accepts set size:undefined disposed:false
2250 http fetch GET 200 https://registry.npmjs.org/array.prototype.flatmap 3889ms (cache miss)
2251 silly packumentCache corgi:https://registry.npmjs.org/array.prototype.flatmap set size:undefined disposed:false
2252 http fetch GET 200 https://registry.npmjs.org/abort-controller 3888ms (cache miss)
2253 silly packumentCache corgi:https://registry.npmjs.org/abort-controller set size:undefined disposed:false
2254 http fetch GET 200 https://registry.npmjs.org/acorn-jsx 3899ms (cache miss)
2255 silly packumentCache corgi:https://registry.npmjs.org/acorn-jsx set size:undefined disposed:false
2256 http fetch GET 200 https://registry.npmjs.org/@xmldom%2fxmldom 3903ms (cache miss)
2257 silly packumentCache corgi:https://registry.npmjs.org/@xmldom%2fxmldom set size:undefined disposed:false
2258 http fetch GET 200 https://registry.npmjs.org/acorn 3906ms (cache miss)
2259 silly packumentCache corgi:https://registry.npmjs.org/acorn set size:undefined disposed:false
2260 http fetch GET 200 https://registry.npmjs.org/@ungap%2fstructured-clone 3937ms (cache miss)
2261 silly packumentCache corgi:https://registry.npmjs.org/@ungap%2fstructured-clone set size:undefined disposed:false
2262 http fetch GET 200 https://registry.npmjs.org/array.prototype.findlastindex 3951ms (cache miss)
2263 silly packumentCache corgi:https://registry.npmjs.org/array.prototype.findlastindex set size:undefined disposed:false
2264 http fetch GET 200 https://registry.npmjs.org/@types%2fyargs-parser 3964ms (cache miss)
2265 silly packumentCache corgi:https://registry.npmjs.org/@types%2fyargs-parser set size:undefined disposed:false
2266 http fetch GET 200 https://registry.npmjs.org/ajv 3979ms (cache miss)
2267 silly packumentCache corgi:https://registry.npmjs.org/ajv set size:undefined disposed:false
2268 http fetch GET 200 https://registry.npmjs.org/@typescript-eslint%2ftsconfig-utils 4009ms (cache miss)
2269 silly packumentCache corgi:https://registry.npmjs.org/@typescript-eslint%2ftsconfig-utils set size:undefined disposed:false
2270 http fetch GET 200 https://registry.npmjs.org/@types%2fresponselike 4011ms (cache miss)
2271 silly packumentCache corgi:https://registry.npmjs.org/@types%2fresponselike set size:undefined disposed:false
2272 http fetch GET 200 https://registry.npmjs.org/@types%2fyargs 4024ms (cache miss)
2273 silly packumentCache corgi:https://registry.npmjs.org/@types%2fyargs set size:undefined disposed:false
2274 http fetch GET 200 https://registry.npmjs.org/anser 4042ms (cache miss)
2275 silly packumentCache corgi:https://registry.npmjs.org/anser set size:undefined disposed:false
2276 http fetch GET 200 https://registry.npmjs.org/electron-to-chromium 4092ms (cache miss)
2277 silly packumentCache corgi:https://registry.npmjs.org/electron-to-chromium set size:undefined disposed:false
2278 http fetch GET 200 https://registry.npmjs.org/@types%2fkeyv 4062ms (cache miss)
2279 silly packumentCache corgi:https://registry.npmjs.org/@types%2fkeyv set size:undefined disposed:false
2280 http fetch GET 200 https://registry.npmjs.org/@types%2fistanbul-reports 4088ms (cache miss)
2281 silly packumentCache corgi:https://registry.npmjs.org/@types%2fistanbul-reports set size:undefined disposed:false
2282 http fetch GET 200 https://registry.npmjs.org/@types%2fjson5 4089ms (cache miss)
2283 silly packumentCache corgi:https://registry.npmjs.org/@types%2fjson5 set size:undefined disposed:false
2284 http fetch GET 200 https://registry.npmjs.org/caniuse-lite 4199ms (cache miss)
2285 silly packumentCache corgi:https://registry.npmjs.org/caniuse-lite set size:undefined disposed:false
2286 http fetch GET 200 https://registry.npmjs.org/@unrs%2fresolver-binding-darwin-arm64 4273ms (cache miss)
2287 silly packumentCache corgi:https://registry.npmjs.org/@unrs%2fresolver-binding-darwin-arm64 set size:undefined disposed:false
2288 http fetch GET 200 https://registry.npmjs.org/@types%2fhammerjs 4308ms (cache miss)
2289 silly packumentCache corgi:https://registry.npmjs.org/@types%2fhammerjs set size:undefined disposed:false
2290 http fetch GET 200 https://registry.npmjs.org/@types%2fjson-schema 4398ms (cache miss)
2291 silly packumentCache corgi:https://registry.npmjs.org/@types%2fjson-schema set size:undefined disposed:false
2292 http fetch GET 200 https://registry.npmjs.org/@types%2fstack-utils 4407ms (cache miss)
2293 silly packumentCache corgi:https://registry.npmjs.org/@types%2fstack-utils set size:undefined disposed:false
2294 http fetch GET 200 https://registry.npmjs.org/@types%2fistanbul-lib-coverage 4449ms (cache miss)
2295 silly packumentCache corgi:https://registry.npmjs.org/@types%2fistanbul-lib-coverage set size:undefined disposed:false
2296 http fetch GET 200 https://registry.npmjs.org/@types%2fistanbul-lib-report 4455ms (cache miss)
2297 silly packumentCache corgi:https://registry.npmjs.org/@types%2fistanbul-lib-report set size:undefined disposed:false
2298 http fetch GET 200 https://registry.npmjs.org/@types%2fhttp-cache-semantics 4464ms (cache miss)
2299 silly packumentCache corgi:https://registry.npmjs.org/@types%2fhttp-cache-semantics set size:undefined disposed:false
2300 http fetch GET 200 https://registry.npmjs.org/@types%2fgeojson 4488ms (cache miss)
2301 silly packumentCache corgi:https://registry.npmjs.org/@types%2fgeojson set size:undefined disposed:false
2302 http fetch GET 200 https://registry.npmjs.org/@types%2fcacheable-request 4506ms (cache miss)
2303 silly packumentCache corgi:https://registry.npmjs.org/@types%2fcacheable-request set size:undefined disposed:false
2304 http fetch GET 200 https://registry.npmjs.org/@types%2festree 4541ms (cache miss)
2305 silly packumentCache corgi:https://registry.npmjs.org/@types%2festree set size:undefined disposed:false
2306 http fetch GET 200 https://registry.npmjs.org/@types%2fbabel__generator 4592ms (cache miss)
2307 silly packumentCache corgi:https://registry.npmjs.org/@types%2fbabel__generator set size:undefined disposed:false
2308 http fetch GET 200 https://registry.npmjs.org/@types%2fbabel__core 4593ms (cache miss)
2309 silly packumentCache corgi:https://registry.npmjs.org/@types%2fbabel__core set size:undefined disposed:false
2310 http fetch GET 200 https://registry.npmjs.org/@types%2fgraceful-fs 4669ms (cache miss)
2311 silly packumentCache corgi:https://registry.npmjs.org/@types%2fgraceful-fs set size:undefined disposed:false
2312 http fetch GET 200 https://registry.npmjs.org/@sinonjs%2ffake-timers 4686ms (cache miss)
2313 silly packumentCache corgi:https://registry.npmjs.org/@sinonjs%2ffake-timers set size:undefined disposed:false
2314 http fetch GET 200 https://registry.npmjs.org/@szmarczak%2fhttp-timer 4902ms (cache miss)
2315 silly packumentCache corgi:https://registry.npmjs.org/@szmarczak%2fhttp-timer set size:undefined disposed:false
2316 http fetch GET 200 https://registry.npmjs.org/@sinonjs%2fcommons 5025ms (cache miss)
2317 silly packumentCache corgi:https://registry.npmjs.org/@sinonjs%2fcommons set size:undefined disposed:false
2318 http fetch GET 200 https://registry.npmjs.org/@types%2freact 5067ms (cache miss)
2319 silly packumentCache corgi:https://registry.npmjs.org/@types%2freact set size:undefined disposed:false
2320 http fetch GET 200 https://registry.npmjs.org/@typescript-eslint%2fparser 5154ms (cache miss)
2321 silly packumentCache corgi:https://registry.npmjs.org/@typescript-eslint%2fparser set size:undefined disposed:false
2322 http fetch GET 200 https://registry.npmjs.org/@rtsao%2fscc 5217ms (cache miss)
2323 silly packumentCache corgi:https://registry.npmjs.org/@rtsao%2fscc set size:undefined disposed:false
2324 http fetch GET 200 https://registry.npmjs.org/@sindresorhus%2fis 5221ms (cache miss)
2325 silly packumentCache corgi:https://registry.npmjs.org/@sindresorhus%2fis set size:undefined disposed:false
2326 http fetch GET 200 https://registry.npmjs.org/@types%2fbabel__traverse 5287ms (cache miss)
2327 silly packumentCache corgi:https://registry.npmjs.org/@types%2fbabel__traverse set size:undefined disposed:false
2328 http fetch GET 200 https://registry.npmjs.org/@types%2fbabel__template 5332ms (cache miss)
2329 silly packumentCache corgi:https://registry.npmjs.org/@types%2fbabel__template set size:undefined disposed:false
2330 http fetch GET 200 https://registry.npmjs.org/@react-navigation%2fcore 5539ms (cache miss)
2331 silly packumentCache corgi:https://registry.npmjs.org/@react-navigation%2fcore set size:undefined disposed:false
2332 http fetch GET 200 https://registry.npmjs.org/@sinclair%2ftypebox 5546ms (cache miss)
2333 silly packumentCache corgi:https://registry.npmjs.org/@sinclair%2ftypebox set size:undefined disposed:false
2334 http fetch GET 200 https://registry.npmjs.org/@react-navigation%2fbottom-tabs 5563ms (cache miss)
2335 silly packumentCache corgi:https://registry.npmjs.org/@react-navigation%2fbottom-tabs set size:undefined disposed:false
2336 http fetch GET 200 https://registry.npmjs.org/@typescript-eslint%2ftype-utils 5606ms (cache miss)
2337 silly packumentCache corgi:https://registry.npmjs.org/@typescript-eslint%2ftype-utils set size:undefined disposed:false
2338 http fetch GET 200 https://registry.npmjs.org/@react-navigation%2felements 5672ms (cache miss)
2339 silly packumentCache corgi:https://registry.npmjs.org/@react-navigation%2felements set size:undefined disposed:false
2340 http fetch GET 200 https://registry.npmjs.org/@typescript-eslint%2futils 5707ms (cache miss)
2341 silly packumentCache corgi:https://registry.npmjs.org/@typescript-eslint%2futils set size:undefined disposed:false
2342 http fetch GET 200 https://registry.npmjs.org/@react-navigation%2fnative 5793ms (cache miss)
2343 silly packumentCache corgi:https://registry.npmjs.org/@react-navigation%2fnative set size:undefined disposed:false
2344 http fetch GET 200 https://registry.npmjs.org/@react-navigation%2fnative-stack 5916ms (cache miss)
2345 silly packumentCache corgi:https://registry.npmjs.org/@react-navigation%2fnative-stack set size:undefined disposed:false
2346 http fetch GET 200 https://registry.npmjs.org/@react-native%2fgradle-plugin 5931ms (cache miss)
2347 silly packumentCache corgi:https://registry.npmjs.org/@react-native%2fgradle-plugin set size:undefined disposed:false
2348 http fetch GET 200 https://registry.npmjs.org/@typescript-eslint%2fproject-service 6056ms (cache miss)
2349 silly packumentCache corgi:https://registry.npmjs.org/@typescript-eslint%2fproject-service set size:undefined disposed:false
2350 http fetch GET 200 https://registry.npmjs.org/@react-navigation%2frouters 6096ms (cache miss)
2351 silly packumentCache corgi:https://registry.npmjs.org/@react-navigation%2frouters set size:undefined disposed:false
2352 http fetch GET 200 https://registry.npmjs.org/@react-native%2fcommunity-cli-plugin 6103ms (cache miss)
2353 silly packumentCache corgi:https://registry.npmjs.org/@react-native%2fcommunity-cli-plugin set size:undefined disposed:false
2354 http fetch GET 200 https://registry.npmjs.org/@react-native-async-storage%2fasync-storage 6236ms (cache miss)
2355 silly packumentCache corgi:https://registry.npmjs.org/@react-native-async-storage%2fasync-storage set size:undefined disposed:false
2356 http fetch GET 200 https://registry.npmjs.org/@react-native%2fdev-middleware 6259ms (cache miss)
2357 silly packumentCache corgi:https://registry.npmjs.org/@react-native%2fdev-middleware set size:undefined disposed:false
2358 http fetch GET 200 https://registry.npmjs.org/@react-native%2fcodegen 6319ms (cache miss)
2359 silly packumentCache corgi:https://registry.npmjs.org/@react-native%2fcodegen set size:undefined disposed:false
2360 http fetch GET 200 https://registry.npmjs.org/@radix-ui%2freact-use-callback-ref 6359ms (cache miss)
2361 silly packumentCache corgi:https://registry.npmjs.org/@radix-ui%2freact-use-callback-ref set size:undefined disposed:false
2362 http fetch GET 200 https://registry.npmjs.org/@radix-ui%2freact-use-layout-effect 6375ms (cache miss)
2363 silly packumentCache corgi:https://registry.npmjs.org/@radix-ui%2freact-use-layout-effect set size:undefined disposed:false
2364 http fetch GET 200 https://registry.npmjs.org/@radix-ui%2freact-use-effect-event 6406ms (cache miss)
2365 silly packumentCache corgi:https://registry.npmjs.org/@radix-ui%2freact-use-effect-event set size:undefined disposed:false
2366 http fetch GET 200 https://registry.npmjs.org/@radix-ui%2freact-use-escape-keydown 6524ms (cache miss)
2367 silly packumentCache corgi:https://registry.npmjs.org/@radix-ui%2freact-use-escape-keydown set size:undefined disposed:false
2368 http fetch GET 200 https://registry.npmjs.org/@radix-ui%2freact-id 6556ms (cache miss)
2369 silly packumentCache corgi:https://registry.npmjs.org/@radix-ui%2freact-id set size:undefined disposed:false
2370 http fetch GET 200 https://registry.npmjs.org/@typescript-eslint%2ftypes 6577ms (cache miss)
2371 silly packumentCache corgi:https://registry.npmjs.org/@typescript-eslint%2ftypes set size:undefined disposed:false
2372 http fetch GET 200 https://registry.npmjs.org/@react-native%2fjs-polyfills 6594ms (cache miss)
2373 silly packumentCache corgi:https://registry.npmjs.org/@react-native%2fjs-polyfills set size:undefined disposed:false
2374 http fetch GET 200 https://registry.npmjs.org/@radix-ui%2freact-slot 6592ms (cache miss)
2375 silly packumentCache corgi:https://registry.npmjs.org/@radix-ui%2freact-slot set size:undefined disposed:false
2376 http fetch GET 200 https://registry.npmjs.org/@react-native%2fbabel-preset 6611ms (cache miss)
2377 silly packumentCache corgi:https://registry.npmjs.org/@react-native%2fbabel-preset set size:undefined disposed:false
2378 http fetch GET 200 https://registry.npmjs.org/@react-native%2fnormalize-colors 6625ms (cache miss)
2379 silly packumentCache corgi:https://registry.npmjs.org/@react-native%2fnormalize-colors set size:undefined disposed:false
2380 http fetch GET 200 https://registry.npmjs.org/@radix-ui%2freact-use-controllable-state 6632ms (cache miss)
2381 silly packumentCache corgi:https://registry.npmjs.org/@radix-ui%2freact-use-controllable-state set size:undefined disposed:false
2382 http fetch GET 200 https://registry.npmjs.org/@react-native%2fbabel-plugin-codegen 6638ms (cache miss)
2383 silly packumentCache corgi:https://registry.npmjs.org/@react-native%2fbabel-plugin-codegen set size:undefined disposed:false
2384 http fetch GET 200 https://registry.npmjs.org/@radix-ui%2freact-focus-guards 6647ms (cache miss)
2385 silly packumentCache corgi:https://registry.npmjs.org/@radix-ui%2freact-focus-guards set size:undefined disposed:false
2386 http fetch GET 200 https://registry.npmjs.org/@protobufjs%2futf8 6662ms (cache miss)
2387 silly packumentCache corgi:https://registry.npmjs.org/@protobufjs%2futf8 set size:undefined disposed:false
2388 http fetch GET 200 https://registry.npmjs.org/@radix-ui%2freact-direction 6668ms (cache miss)
2389 silly packumentCache corgi:https://registry.npmjs.org/@radix-ui%2freact-direction set size:undefined disposed:false
2390 http fetch GET 200 https://registry.npmjs.org/@protobufjs%2finquire 6687ms (cache miss)
2391 silly packumentCache corgi:https://registry.npmjs.org/@protobufjs%2finquire set size:undefined disposed:false
2392 http fetch GET 200 https://registry.npmjs.org/@radix-ui%2fprimitive 6745ms (cache miss)
2393 silly packumentCache corgi:https://registry.npmjs.org/@radix-ui%2fprimitive set size:undefined disposed:false
2394 http fetch GET 200 https://registry.npmjs.org/@protobufjs%2fcodegen 6748ms (cache miss)
2395 silly packumentCache corgi:https://registry.npmjs.org/@protobufjs%2fcodegen set size:undefined disposed:false
2396 http fetch GET 200 https://registry.npmjs.org/@radix-ui%2freact-context 6792ms (cache miss)
2397 silly packumentCache corgi:https://registry.npmjs.org/@radix-ui%2freact-context set size:undefined disposed:false
2398 http fetch GET 200 https://registry.npmjs.org/@protobufjs%2fpool 6796ms (cache miss)
2399 silly packumentCache corgi:https://registry.npmjs.org/@protobufjs%2fpool set size:undefined disposed:false
2400 http fetch GET 200 https://registry.npmjs.org/@protobufjs%2ffloat 6815ms (cache miss)
2401 silly packumentCache corgi:https://registry.npmjs.org/@protobufjs%2ffloat set size:undefined disposed:false
2402 http fetch GET 200 https://registry.npmjs.org/@protobufjs%2faspromise 6812ms (cache miss)
2403 silly packumentCache corgi:https://registry.npmjs.org/@protobufjs%2faspromise set size:undefined disposed:false
2404 http fetch GET 200 https://registry.npmjs.org/@typescript-eslint%2ftypescript-estree 6860ms (cache miss)
2405 silly packumentCache corgi:https://registry.npmjs.org/@typescript-eslint%2ftypescript-estree set size:undefined disposed:false
2406 http fetch GET 200 https://registry.npmjs.org/@jridgewell%2ftrace-mapping 6946ms (cache miss)
2407 silly packumentCache corgi:https://registry.npmjs.org/@jridgewell%2ftrace-mapping set size:undefined disposed:false
2408 http fetch GET 200 https://registry.npmjs.org/@protobufjs%2ffetch 6954ms (cache miss)
2409 silly packumentCache corgi:https://registry.npmjs.org/@protobufjs%2ffetch set size:undefined disposed:false
2410 http fetch GET 200 https://registry.npmjs.org/@protobufjs%2fbase64 6954ms (cache miss)
2411 silly packumentCache corgi:https://registry.npmjs.org/@protobufjs%2fbase64 set size:undefined disposed:false
2412 http fetch GET 200 https://registry.npmjs.org/@jridgewell%2fsource-map 6945ms (cache miss)
2413 silly packumentCache corgi:https://registry.npmjs.org/@jridgewell%2fsource-map set size:undefined disposed:false
2414 http fetch GET 200 https://registry.npmjs.org/@jridgewell%2fgen-mapping 6944ms (cache miss)
2415 silly packumentCache corgi:https://registry.npmjs.org/@jridgewell%2fgen-mapping set size:undefined disposed:false
2416 http fetch GET 200 https://registry.npmjs.org/@jridgewell%2fresolve-uri 6947ms (cache miss)
2417 silly packumentCache corgi:https://registry.npmjs.org/@jridgewell%2fresolve-uri set size:undefined disposed:false
2418 http fetch GET 200 https://registry.npmjs.org/@jridgewell%2fsourcemap-codec 6949ms (cache miss)
2419 silly packumentCache corgi:https://registry.npmjs.org/@jridgewell%2fsourcemap-codec set size:undefined disposed:false
2420 http fetch GET 200 https://registry.npmjs.org/@react-native%2fdebugger-frontend 6972ms (cache miss)
2421 silly packumentCache corgi:https://registry.npmjs.org/@react-native%2fdebugger-frontend set size:undefined disposed:false
2422 http fetch GET 200 https://registry.npmjs.org/@protobufjs%2feventemitter 6984ms (cache miss)
2423 silly packumentCache corgi:https://registry.npmjs.org/@protobufjs%2feventemitter set size:undefined disposed:false
2424 http fetch GET 200 https://registry.npmjs.org/@jridgewell%2fremapping 6984ms (cache miss)
2425 silly packumentCache corgi:https://registry.npmjs.org/@jridgewell%2fremapping set size:undefined disposed:false
2426 http fetch GET 200 https://registry.npmjs.org/@protobufjs%2fpath 6988ms (cache miss)
2427 silly packumentCache corgi:https://registry.npmjs.org/@protobufjs%2fpath set size:undefined disposed:false
2428 http fetch GET 200 https://registry.npmjs.org/@jest%2ftransform 7007ms (cache miss)
2429 silly packumentCache corgi:https://registry.npmjs.org/@jest%2ftransform set size:undefined disposed:false
2430 http fetch GET 200 https://registry.npmjs.org/@react-native%2fassets-registry 7035ms (cache miss)
2431 silly packumentCache corgi:https://registry.npmjs.org/@react-native%2fassets-registry set size:undefined disposed:false
2432 http fetch GET 200 https://registry.npmjs.org/@jest%2fschemas 7017ms (cache miss)
2433 silly packumentCache corgi:https://registry.npmjs.org/@jest%2fschemas set size:undefined disposed:false
2434 http fetch GET 200 https://registry.npmjs.org/@istanbuljs%2fload-nyc-config 7047ms (cache miss)
2435 silly packumentCache corgi:https://registry.npmjs.org/@istanbuljs%2fload-nyc-config set size:undefined disposed:false
2436 http fetch GET 200 https://registry.npmjs.org/@istanbuljs%2fschema 7052ms (cache miss)
2437 silly packumentCache corgi:https://registry.npmjs.org/@istanbuljs%2fschema set size:undefined disposed:false
2438 http fetch GET 200 https://registry.npmjs.org/@isaacs%2fttlcache 7053ms (cache miss)
2439 silly packumentCache corgi:https://registry.npmjs.org/@isaacs%2fttlcache set size:undefined disposed:false
2440 http fetch GET 200 https://registry.npmjs.org/@jest%2fenvironment 7081ms (cache miss)
2441 silly packumentCache corgi:https://registry.npmjs.org/@jest%2fenvironment set size:undefined disposed:false
2442 http fetch GET 200 https://registry.npmjs.org/@humanwhocodes%2fretry 7089ms (cache miss)
2443 silly packumentCache corgi:https://registry.npmjs.org/@humanwhocodes%2fretry set size:undefined disposed:false
2444 http fetch GET 200 https://registry.npmjs.org/@jest%2ftypes 7095ms (cache miss)
2445 silly packumentCache corgi:https://registry.npmjs.org/@jest%2ftypes set size:undefined disposed:false
2446 http fetch GET 200 https://registry.npmjs.org/@humanfs%2ftypes 7097ms (cache miss)
2447 silly packumentCache corgi:https://registry.npmjs.org/@humanfs%2ftypes set size:undefined disposed:false
2448 http fetch GET 200 https://registry.npmjs.org/@humanfs%2fcore 7103ms (cache miss)
2449 silly packumentCache corgi:https://registry.npmjs.org/@humanfs%2fcore set size:undefined disposed:false
2450 http fetch GET 200 https://registry.npmjs.org/@humanfs%2fnode 7110ms (cache miss)
2451 silly packumentCache corgi:https://registry.npmjs.org/@humanfs%2fnode set size:undefined disposed:false
2452 http fetch GET 200 https://registry.npmjs.org/@nolyfill%2fis-core-module 7120ms (cache miss)
2453 silly packumentCache corgi:https://registry.npmjs.org/@nolyfill%2fis-core-module set size:undefined disposed:false
2454 http fetch GET 200 https://registry.npmjs.org/@grpc%2fproto-loader 7133ms (cache miss)
2455 silly packumentCache corgi:https://registry.npmjs.org/@grpc%2fproto-loader set size:undefined disposed:false
2456 http fetch GET 200 https://registry.npmjs.org/@jest%2fcreate-cache-key-function 7190ms (cache miss)
2457 silly packumentCache corgi:https://registry.npmjs.org/@jest%2fcreate-cache-key-function set size:undefined disposed:false
2458 http fetch GET 200 https://registry.npmjs.org/@humanwhocodes%2fmodule-importer 7197ms (cache miss)
2459 silly packumentCache corgi:https://registry.npmjs.org/@humanwhocodes%2fmodule-importer set size:undefined disposed:false
2460 http fetch GET 200 https://registry.npmjs.org/@grpc%2fgrpc-js 7225ms (cache miss)
2461 silly packumentCache corgi:https://registry.npmjs.org/@grpc%2fgrpc-js set size:undefined disposed:false
2462 http fetch GET 200 https://registry.npmjs.org/@typescript-eslint%2feslint-plugin 7299ms (cache miss)
2463 silly packumentCache corgi:https://registry.npmjs.org/@typescript-eslint%2feslint-plugin set size:undefined disposed:false
2464 http fetch GET 200 https://registry.npmjs.org/@jest%2ffake-timers 7336ms (cache miss)
2465 silly packumentCache corgi:https://registry.npmjs.org/@jest%2ffake-timers set size:undefined disposed:false
2466 http fetch GET 200 https://registry.npmjs.org/@ide%2fbackoff 7735ms (cache miss)
2467 silly packumentCache corgi:https://registry.npmjs.org/@ide%2fbackoff set size:undefined disposed:false
2468 http fetch GET 200 https://registry.npmjs.org/@types%2fnode 8040ms (cache miss)
2469 silly packumentCache corgi:https://registry.npmjs.org/@types%2fnode set size:undefined disposed:false
2470 http fetch GET 200 https://registry.npmjs.org/@firebase%2fremote-config-types 8499ms (cache miss)
2471 silly packumentCache corgi:https://registry.npmjs.org/@firebase%2fremote-config-types set size:undefined disposed:false
2472 http fetch GET 200 https://registry.npmjs.org/@firebase%2fstorage-compat 8690ms (cache miss)
2473 silly packumentCache corgi:https://registry.npmjs.org/@firebase%2fstorage-compat set size:undefined disposed:false
2474 http fetch GET 200 https://registry.npmjs.org/@firebase%2fperformance 8873ms (cache miss)
2475 silly packumentCache corgi:https://registry.npmjs.org/@firebase%2fperformance set size:undefined disposed:false
2476 http fetch GET 200 https://registry.npmjs.org/@firebase%2fremote-config-compat 8940ms (cache miss)
2477 silly packumentCache corgi:https://registry.npmjs.org/@firebase%2fremote-config-compat set size:undefined disposed:false
2478 http fetch GET 200 https://registry.npmjs.org/@firebase%2fmessaging-interop-types 9302ms (cache miss)
2479 silly packumentCache corgi:https://registry.npmjs.org/@firebase%2fmessaging-interop-types set size:undefined disposed:false
2480 http fetch GET 200 https://registry.npmjs.org/@firebase%2fremote-config 9866ms (cache miss)
2481 silly packumentCache corgi:https://registry.npmjs.org/@firebase%2fremote-config set size:undefined disposed:false
2482 http fetch GET 200 https://registry.npmjs.org/@firebase%2finstallations-types 10559ms (cache miss)
2483 silly packumentCache corgi:https://registry.npmjs.org/@firebase%2finstallations-types set size:undefined disposed:false
2484 http fetch GET 200 https://registry.npmjs.org/@firebase%2finstallations-compat 10994ms (cache miss)
2485 silly packumentCache corgi:https://registry.npmjs.org/@firebase%2finstallations-compat set size:undefined disposed:false
2486 http fetch GET 200 https://registry.npmjs.org/@firebase%2fmessaging 11184ms (cache miss)
2487 silly packumentCache corgi:https://registry.npmjs.org/@firebase%2fmessaging set size:undefined disposed:false
2488 http fetch GET 200 https://registry.npmjs.org/@firebase%2futil 11244ms (cache miss)
2489 silly packumentCache corgi:https://registry.npmjs.org/@firebase%2futil set size:undefined disposed:false
2490 http fetch GET 200 https://registry.npmjs.org/@firebase%2fstorage 11513ms (cache miss)
2491 silly packumentCache corgi:https://registry.npmjs.org/@firebase%2fstorage set size:undefined disposed:false
2492 http fetch GET 200 https://registry.npmjs.org/@firebase%2ffunctions-compat 11536ms (cache miss)
2493 silly packumentCache corgi:https://registry.npmjs.org/@firebase%2ffunctions-compat set size:undefined disposed:false
2494 http fetch GET 200 https://registry.npmjs.org/@firebase%2fmessaging-compat 11736ms (cache miss)
2495 silly packumentCache corgi:https://registry.npmjs.org/@firebase%2fmessaging-compat set size:undefined disposed:false
2496 http fetch GET 200 https://registry.npmjs.org/@firebase%2fperformance-compat 11846ms (cache miss)
2497 silly packumentCache corgi:https://registry.npmjs.org/@firebase%2fperformance-compat set size:undefined disposed:false
2498 http fetch GET 200 https://registry.npmjs.org/@radix-ui%2freact-compose-refs 12013ms (cache miss)
2499 silly packumentCache corgi:https://registry.npmjs.org/@radix-ui%2freact-compose-refs set size:undefined disposed:false
2500 http fetch GET 200 https://registry.npmjs.org/@firebase%2ffunctions-types 12156ms (cache miss)
2501 silly packumentCache corgi:https://registry.npmjs.org/@firebase%2ffunctions-types set size:undefined disposed:false
2502 http fetch GET 200 https://registry.npmjs.org/@firebase%2flogger 12353ms (cache miss)
2503 silly packumentCache corgi:https://registry.npmjs.org/@firebase%2flogger set size:undefined disposed:false
2504 http fetch GET 200 https://registry.npmjs.org/@firebase%2fdata-connect 12562ms (cache miss)
2505 silly packumentCache corgi:https://registry.npmjs.org/@firebase%2fdata-connect set size:undefined disposed:false
2506 http fetch GET 200 https://registry.npmjs.org/@firebase%2fstorage-types 12816ms (cache miss)
2507 silly packumentCache corgi:https://registry.npmjs.org/@firebase%2fstorage-types set size:undefined disposed:false
2508 http fetch GET 200 https://registry.npmjs.org/@firebase%2fdatabase-compat 12862ms (cache miss)
2509 silly packumentCache corgi:https://registry.npmjs.org/@firebase%2fdatabase-compat set size:undefined disposed:false
2510 http fetch GET 200 https://registry.npmjs.org/@firebase%2ffirestore-types 13094ms (cache miss)
2511 silly packumentCache corgi:https://registry.npmjs.org/@firebase%2ffirestore-types set size:undefined disposed:false
2512 http fetch GET 200 https://registry.npmjs.org/@firebase%2fauth-compat 13106ms (cache miss)
2513 silly packumentCache corgi:https://registry.npmjs.org/@firebase%2fauth-compat set size:undefined disposed:false
2514 http fetch GET 200 https://registry.npmjs.org/@firebase%2fcomponent 13181ms (cache miss)
2515 silly packumentCache corgi:https://registry.npmjs.org/@firebase%2fcomponent set size:undefined disposed:false
2516 http fetch GET 200 https://registry.npmjs.org/@firebase%2ffirestore-compat 13227ms (cache miss)
2517 silly packumentCache corgi:https://registry.npmjs.org/@firebase%2ffirestore-compat set size:undefined disposed:false
2518 http fetch GET 200 https://registry.npmjs.org/@firebase%2fapp-check-interop-types 14030ms (cache miss)
2519 silly packumentCache corgi:https://registry.npmjs.org/@firebase%2fapp-check-interop-types set size:undefined disposed:false
2520 http fetch GET 200 https://registry.npmjs.org/@firebase%2fapp-compat 14063ms (cache miss)
2521 silly packumentCache corgi:https://registry.npmjs.org/@firebase%2fapp-compat set size:undefined disposed:false
2522 http fetch GET 200 https://registry.npmjs.org/@firebase%2finstallations 14215ms (cache miss)
2523 silly packumentCache corgi:https://registry.npmjs.org/@firebase%2finstallations set size:undefined disposed:false
2524 http fetch GET 200 https://registry.npmjs.org/@firebase%2fperformance-types 14315ms (cache miss)
2525 silly packumentCache corgi:https://registry.npmjs.org/@firebase%2fperformance-types set size:undefined disposed:false
2526 http fetch GET 200 https://registry.npmjs.org/@firebase%2fapp-check-types 15369ms (cache miss)
2527 silly packumentCache corgi:https://registry.npmjs.org/@firebase%2fapp-check-types set size:undefined disposed:false
2528 http fetch GET 200 https://registry.npmjs.org/@firebase%2fauth 15867ms (cache miss)
2529 silly packumentCache corgi:https://registry.npmjs.org/@firebase%2fauth set size:undefined disposed:false
2530 http fetch GET 200 https://registry.npmjs.org/@firebase%2fai 15931ms (cache miss)
2531 silly packumentCache corgi:https://registry.npmjs.org/@firebase%2fai set size:undefined disposed:false
2532 http fetch GET 200 https://registry.npmjs.org/@firebase%2fapp-check-compat 15975ms (cache miss)
2533 silly packumentCache corgi:https://registry.npmjs.org/@firebase%2fapp-check-compat set size:undefined disposed:false
2534 http fetch GET 200 https://registry.npmjs.org/@typescript-eslint%2fscope-manager 16060ms (cache miss)
2535 silly packumentCache corgi:https://registry.npmjs.org/@typescript-eslint%2fscope-manager set size:undefined disposed:false
2536 http fetch GET 200 https://registry.npmjs.org/@firebase%2fapp-types 16061ms (cache miss)
2537 silly packumentCache corgi:https://registry.npmjs.org/@firebase%2fapp-types set size:undefined disposed:false
2538 http fetch GET 200 https://registry.npmjs.org/@expo%2fsdk-runtime-versions 16082ms (cache miss)
2539 silly packumentCache corgi:https://registry.npmjs.org/@expo%2fsdk-runtime-versions set size:undefined disposed:false
2540 http fetch GET 200 https://registry.npmjs.org/@typescript-eslint%2fvisitor-keys 16308ms (cache miss)
2541 silly packumentCache corgi:https://registry.npmjs.org/@typescript-eslint%2fvisitor-keys set size:undefined disposed:false
2542 http fetch GET 200 https://registry.npmjs.org/@expo%2fschema-utils 16275ms (cache miss)
2543 silly packumentCache corgi:https://registry.npmjs.org/@expo%2fschema-utils set size:undefined disposed:false
2544 http fetch GET 200 https://registry.npmjs.org/@expo%2fspawn-async 16305ms (cache miss)
2545 silly packumentCache corgi:https://registry.npmjs.org/@expo%2fspawn-async set size:undefined disposed:false
2546 http fetch GET 200 https://registry.npmjs.org/@expo%2fplist 16439ms (cache miss)
2547 silly packumentCache corgi:https://registry.npmjs.org/@expo%2fplist set size:undefined disposed:false
2548 http fetch GET 200 https://registry.npmjs.org/@expo%2frequire-utils 16462ms (cache miss)
2549 silly packumentCache corgi:https://registry.npmjs.org/@expo%2frequire-utils set size:undefined disposed:false
2550 http fetch GET 200 https://registry.npmjs.org/@expo%2fvector-icons 16547ms (cache miss)
2551 silly packumentCache corgi:https://registry.npmjs.org/@expo%2fvector-icons set size:undefined disposed:false
2552 http fetch GET 200 https://registry.npmjs.org/@firebase%2fapp-check 16551ms (cache miss)
2553 silly packumentCache corgi:https://registry.npmjs.org/@firebase%2fapp-check set size:undefined disposed:false
2554 http fetch GET 200 https://registry.npmjs.org/@expo%2fngrok-bin-darwin-arm64 16557ms (cache miss)
2555 silly packumentCache corgi:https://registry.npmjs.org/@expo%2fngrok-bin-darwin-arm64 set size:undefined disposed:false
2556 http fetch GET 200 https://registry.npmjs.org/@expo%2fprebuild-config 16655ms (cache miss)
2557 silly packumentCache corgi:https://registry.npmjs.org/@expo%2fprebuild-config set size:undefined disposed:false
2558 http fetch GET 200 https://registry.npmjs.org/@firebase%2fanalytics-types 16694ms (cache miss)
2559 silly packumentCache corgi:https://registry.npmjs.org/@firebase%2fanalytics-types set size:undefined disposed:false
2560 http fetch GET 200 https://registry.npmjs.org/@expo%2fngrok-bin 16794ms (cache miss)
2561 silly packumentCache corgi:https://registry.npmjs.org/@expo%2fngrok-bin set size:undefined disposed:false
2562 http fetch GET 200 https://registry.npmjs.org/@expo%2fngrok 16802ms (cache miss)
2563 silly packumentCache corgi:https://registry.npmjs.org/@expo%2fngrok set size:undefined disposed:false
2564 http fetch GET 200 https://registry.npmjs.org/@expo%2fdevtools 16813ms (cache miss)
2565 silly packumentCache corgi:https://registry.npmjs.org/@expo%2fdevtools set size:undefined disposed:false
2566 http fetch GET 200 https://registry.npmjs.org/@expo%2fmetro-runtime 16830ms (cache miss)
2567 silly packumentCache corgi:https://registry.npmjs.org/@expo%2fmetro-runtime set size:undefined disposed:false
2568 http fetch GET 200 https://registry.npmjs.org/@expo%2fenv 16965ms (cache miss)
2569 silly packumentCache corgi:https://registry.npmjs.org/@expo%2fenv set size:undefined disposed:false
2570 http fetch GET 200 https://registry.npmjs.org/@eslint%2fjs 16965ms (cache miss)
2571 silly packumentCache corgi:https://registry.npmjs.org/@eslint%2fjs set size:undefined disposed:false
2572 http fetch GET 200 https://registry.npmjs.org/@firebase%2fanalytics 16973ms (cache miss)
2573 silly packumentCache corgi:https://registry.npmjs.org/@firebase%2fanalytics set size:undefined disposed:false
2574 http fetch GET 200 https://registry.npmjs.org/@eslint%2feslintrc 17025ms (cache miss)
2575 silly packumentCache corgi:https://registry.npmjs.org/@eslint%2feslintrc set size:undefined disposed:false
2576 http fetch GET 200 https://registry.npmjs.org/@expo%2fimage-utils 17078ms (cache miss)
2577 silly packumentCache corgi:https://registry.npmjs.org/@expo%2fimage-utils set size:undefined disposed:false
2578 http fetch GET 200 https://registry.npmjs.org/@firebase%2fauth-interop-types 17108ms (cache miss)
2579 silly packumentCache corgi:https://registry.npmjs.org/@firebase%2fauth-interop-types set size:undefined disposed:false
2580 http fetch GET 200 https://registry.npmjs.org/@eslint%2fobject-schema 17110ms (cache miss)
2581 silly packumentCache corgi:https://registry.npmjs.org/@eslint%2fobject-schema set size:undefined disposed:false
2582 http fetch GET 200 https://registry.npmjs.org/@expo%2fconfig-types 17133ms (cache miss)
2583 silly packumentCache corgi:https://registry.npmjs.org/@expo%2fconfig-types set size:undefined disposed:false
2584 http fetch GET 200 https://registry.npmjs.org/@eslint%2fconfig-array 17141ms (cache miss)
2585 silly packumentCache corgi:https://registry.npmjs.org/@eslint%2fconfig-array set size:undefined disposed:false
2586 http fetch GET 200 https://registry.npmjs.org/@egjs%2fhammerjs 17171ms (cache miss)
2587 silly packumentCache corgi:https://registry.npmjs.org/@egjs%2fhammerjs set size:undefined disposed:false
2588 http fetch GET 200 https://registry.npmjs.org/@firebase%2fdatabase 17192ms (cache miss)
2589 silly packumentCache corgi:https://registry.npmjs.org/@firebase%2fdatabase set size:undefined disposed:false
2590 http fetch GET 200 https://registry.npmjs.org/@firebase%2ffunctions 17208ms (cache miss)
2591 silly packumentCache corgi:https://registry.npmjs.org/@firebase%2ffunctions set size:undefined disposed:false
2592 http fetch GET 200 https://registry.npmjs.org/@eslint%2fcore 17220ms (cache miss)
2593 silly packumentCache corgi:https://registry.npmjs.org/@eslint%2fcore set size:undefined disposed:false
2594 http fetch GET 200 https://registry.npmjs.org/@eslint%2fconfig-helpers 17220ms (cache miss)
2595 silly packumentCache corgi:https://registry.npmjs.org/@eslint%2fconfig-helpers set size:undefined disposed:false
2596 http fetch GET 200 https://registry.npmjs.org/@eslint%2fplugin-kit 17225ms (cache miss)
2597 silly packumentCache corgi:https://registry.npmjs.org/@eslint%2fplugin-kit set size:undefined disposed:false
2598 http fetch GET 200 https://registry.npmjs.org/@expo%2fconfig-plugins 17234ms (cache miss)
2599 silly packumentCache corgi:https://registry.npmjs.org/@expo%2fconfig-plugins set size:undefined disposed:false
2600 http fetch GET 200 https://registry.npmjs.org/@eslint-community%2fregexpp 17240ms (cache miss)
2601 silly packumentCache corgi:https://registry.npmjs.org/@eslint-community%2fregexpp set size:undefined disposed:false
2602 http fetch GET 200 https://registry.npmjs.org/@expo%2fjson-file 17246ms (cache miss)
2603 silly packumentCache corgi:https://registry.npmjs.org/@expo%2fjson-file set size:undefined disposed:false
2604 http fetch GET 200 https://registry.npmjs.org/@babel%2ftraverse 17337ms (cache miss)
2605 silly packumentCache corgi:https://registry.npmjs.org/@babel%2ftraverse set size:undefined disposed:false
2606 http fetch GET 200 https://registry.npmjs.org/@expo%2fconfig 17373ms (cache miss)
2607 silly packumentCache corgi:https://registry.npmjs.org/@expo%2fconfig set size:undefined disposed:false
2608 http fetch GET 200 https://registry.npmjs.org/@babel%2ftraverse 17377ms (cache miss)
2609 silly packumentCache corgi:https://registry.npmjs.org/@babel%2ftraverse set size:undefined disposed:false
2610 http fetch GET 200 https://registry.npmjs.org/@babel%2fplugin-transform-sticky-regex 17380ms (cache miss)
2611 silly packumentCache corgi:https://registry.npmjs.org/@babel%2fplugin-transform-sticky-regex set size:undefined disposed:false
2612 http fetch GET 200 https://registry.npmjs.org/@babel%2ftypes 17383ms (cache miss)
2613 silly packumentCache corgi:https://registry.npmjs.org/@babel%2ftypes set size:undefined disposed:false
2614 http fetch GET 200 https://registry.npmjs.org/@babel%2fruntime 17384ms (cache miss)
2615 silly packumentCache corgi:https://registry.npmjs.org/@babel%2fruntime set size:undefined disposed:false
2616 http fetch GET 200 https://registry.npmjs.org/@babel%2fpreset-typescript 17386ms (cache miss)
2617 silly packumentCache corgi:https://registry.npmjs.org/@babel%2fpreset-typescript set size:undefined disposed:false
2618 http fetch GET 200 https://registry.npmjs.org/@babel%2fplugin-transform-unicode-regex 17403ms (cache miss)
2619 silly packumentCache corgi:https://registry.npmjs.org/@babel%2fplugin-transform-unicode-regex set size:undefined disposed:false
2620 http fetch GET 200 https://registry.npmjs.org/@babel%2fplugin-transform-typescript 17406ms (cache miss)
2621 silly packumentCache corgi:https://registry.npmjs.org/@babel%2fplugin-transform-typescript set size:undefined disposed:false
2622 http fetch GET 200 https://registry.npmjs.org/@babel%2fplugin-transform-private-property-in-object 17459ms (cache miss)
2623 silly packumentCache corgi:https://registry.npmjs.org/@babel%2fplugin-transform-private-property-in-object set size:undefined disposed:false
2624 http fetch GET 200 https://registry.npmjs.org/@babel%2ftemplate 17466ms (cache miss)
2625 silly packumentCache corgi:https://registry.npmjs.org/@babel%2ftemplate set size:undefined disposed:false
2626 http fetch GET 200 https://registry.npmjs.org/@babel%2fplugin-transform-spread 17472ms (cache miss)
2627 silly packumentCache corgi:https://registry.npmjs.org/@babel%2fplugin-transform-spread set size:undefined disposed:false
2628 http fetch GET 200 https://registry.npmjs.org/@babel%2fplugin-transform-react-jsx 17475ms (cache miss)
2629 silly packumentCache corgi:https://registry.npmjs.org/@babel%2fplugin-transform-react-jsx set size:undefined disposed:false
2630 http fetch GET 200 https://registry.npmjs.org/@babel%2fplugin-transform-react-jsx-self 17515ms (cache miss)
2631 silly packumentCache corgi:https://registry.npmjs.org/@babel%2fplugin-transform-react-jsx-self set size:undefined disposed:false
2632 http fetch GET 200 https://registry.npmjs.org/@babel%2fpreset-react 17563ms (cache miss)
2633 silly packumentCache corgi:https://registry.npmjs.org/@babel%2fpreset-react set size:undefined disposed:false
2634 http fetch GET 200 https://registry.npmjs.org/@babel%2fplugin-transform-react-jsx-development 17574ms (cache miss)
2635 silly packumentCache corgi:https://registry.npmjs.org/@babel%2fplugin-transform-react-jsx-development set size:undefined disposed:false
2636 http fetch GET 200 https://registry.npmjs.org/@babel%2fplugin-transform-parameters 17581ms (cache miss)
2637 silly packumentCache corgi:https://registry.npmjs.org/@babel%2fplugin-transform-parameters set size:undefined disposed:false
2638 http fetch GET 200 https://registry.npmjs.org/@babel%2fplugin-transform-react-pure-annotations 17604ms (cache miss)
2639 silly packumentCache corgi:https://registry.npmjs.org/@babel%2fplugin-transform-react-pure-annotations set size:undefined disposed:false
2640 http fetch GET 200 https://registry.npmjs.org/@babel%2fplugin-transform-shorthand-properties 17611ms (cache miss)
2641 silly packumentCache corgi:https://registry.npmjs.org/@babel%2fplugin-transform-shorthand-properties set size:undefined disposed:false
2642 http fetch GET 200 https://registry.npmjs.org/@firebase%2ffirestore 17624ms (cache miss)
2643 silly packumentCache corgi:https://registry.npmjs.org/@firebase%2ffirestore set size:undefined disposed:false
2644 http fetch GET 200 https://registry.npmjs.org/@babel%2fplugin-transform-optional-catch-binding 17663ms (cache miss)
2645 silly packumentCache corgi:https://registry.npmjs.org/@babel%2fplugin-transform-optional-catch-binding set size:undefined disposed:false
2646 http fetch GET 200 https://registry.npmjs.org/@eslint-community%2feslint-utils 17666ms (cache miss)
2647 silly packumentCache corgi:https://registry.npmjs.org/@eslint-community%2feslint-utils set size:undefined disposed:false
2648 http fetch GET 200 https://registry.npmjs.org/@babel%2fplugin-transform-react-display-name 17667ms (cache miss)
2649 silly packumentCache corgi:https://registry.npmjs.org/@babel%2fplugin-transform-react-display-name set size:undefined disposed:false
2650 http fetch GET 200 https://registry.npmjs.org/@babel%2fplugin-transform-object-rest-spread 17688ms (cache miss)
2651 silly packumentCache corgi:https://registry.npmjs.org/@babel%2fplugin-transform-object-rest-spread set size:undefined disposed:false
2652 http fetch GET 200 https://registry.npmjs.org/@babel%2fplugin-transform-template-literals 17689ms (cache miss)
2653 silly packumentCache corgi:https://registry.npmjs.org/@babel%2fplugin-transform-template-literals set size:undefined disposed:false
2654 http fetch GET 200 https://registry.npmjs.org/@babel%2fplugin-transform-optional-chaining 17692ms (cache miss)
2655 silly packumentCache corgi:https://registry.npmjs.org/@babel%2fplugin-transform-optional-chaining set size:undefined disposed:false
2656 http fetch GET 200 https://registry.npmjs.org/@babel%2fplugin-transform-numeric-separator 17700ms (cache miss)
2657 silly packumentCache corgi:https://registry.npmjs.org/@babel%2fplugin-transform-numeric-separator set size:undefined disposed:false
2658 http fetch GET 200 https://registry.npmjs.org/@babel%2fplugin-transform-react-jsx-source 17725ms (cache miss)
2659 silly packumentCache corgi:https://registry.npmjs.org/@babel%2fplugin-transform-react-jsx-source set size:undefined disposed:false
2660 http fetch GET 200 https://registry.npmjs.org/@babel%2fplugin-transform-regenerator 17732ms (cache miss)
2661 silly packumentCache corgi:https://registry.npmjs.org/@babel%2fplugin-transform-regenerator set size:undefined disposed:false
2662 http fetch GET 200 https://registry.npmjs.org/@babel%2fplugin-transform-nullish-coalescing-operator 17749ms (cache miss)
2663 silly packumentCache corgi:https://registry.npmjs.org/@babel%2fplugin-transform-nullish-coalescing-operator set size:undefined disposed:false
2664 http fetch GET 200 https://registry.npmjs.org/@babel%2fplugin-transform-private-methods 17758ms (cache miss)
2665 silly packumentCache corgi:https://registry.npmjs.org/@babel%2fplugin-transform-private-methods set size:undefined disposed:false
2666 http fetch GET 200 https://registry.npmjs.org/@babel%2fplugin-transform-named-capturing-groups-regex 17797ms (cache miss)
2667 silly packumentCache corgi:https://registry.npmjs.org/@babel%2fplugin-transform-named-capturing-groups-regex set size:undefined disposed:false
2668 http fetch GET 200 https://registry.npmjs.org/@babel%2fplugin-transform-flow-strip-types 17818ms (cache miss)
2669 silly packumentCache corgi:https://registry.npmjs.org/@babel%2fplugin-transform-flow-strip-types set size:undefined disposed:false
2670 http fetch GET 200 https://registry.npmjs.org/@babel%2fplugin-transform-destructuring 17821ms (cache miss)
2671 silly packumentCache corgi:https://registry.npmjs.org/@babel%2fplugin-transform-destructuring set size:undefined disposed:false
2672 http fetch GET 200 https://registry.npmjs.org/@babel%2fplugin-transform-for-of 17823ms (cache miss)
2673 silly packumentCache corgi:https://registry.npmjs.org/@babel%2fplugin-transform-for-of set size:undefined disposed:false
2674 http fetch GET 200 https://registry.npmjs.org/@babel%2fplugin-transform-export-namespace-from 17831ms (cache miss)
2675 silly packumentCache corgi:https://registry.npmjs.org/@babel%2fplugin-transform-export-namespace-from set size:undefined disposed:false
2676 http fetch GET 200 https://registry.npmjs.org/@firebase%2fauth-types 17871ms (cache miss)
2677 silly packumentCache corgi:https://registry.npmjs.org/@firebase%2fauth-types set size:undefined disposed:false
2678 http fetch GET 200 https://registry.npmjs.org/@babel%2fplugin-transform-computed-properties 17872ms (cache miss)
2679 silly packumentCache corgi:https://registry.npmjs.org/@babel%2fplugin-transform-computed-properties set size:undefined disposed:false
2680 http fetch GET 200 https://registry.npmjs.org/@firebase%2fdatabase-types 17900ms (cache miss)
2681 silly packumentCache corgi:https://registry.npmjs.org/@firebase%2fdatabase-types set size:undefined disposed:false
2682 http fetch GET 200 https://registry.npmjs.org/@babel%2fplugin-transform-class-properties 17896ms (cache miss)
2683 silly packumentCache corgi:https://registry.npmjs.org/@babel%2fplugin-transform-class-properties set size:undefined disposed:false
2684 http fetch GET 200 https://registry.npmjs.org/@babel%2fplugin-transform-modules-commonjs 17900ms (cache miss)
2685 silly packumentCache corgi:https://registry.npmjs.org/@babel%2fplugin-transform-modules-commonjs set size:undefined disposed:false
2686 http fetch GET 200 https://registry.npmjs.org/@babel%2fplugin-transform-class-static-block 17894ms (cache miss)
2687 silly packumentCache corgi:https://registry.npmjs.org/@babel%2fplugin-transform-class-static-block set size:undefined disposed:false
2688 http fetch GET 200 https://registry.npmjs.org/@babel%2fplugin-transform-logical-assignment-operators 17902ms (cache miss)
2689 silly packumentCache corgi:https://registry.npmjs.org/@babel%2fplugin-transform-logical-assignment-operators set size:undefined disposed:false
2690 http fetch GET 200 https://registry.npmjs.org/@babel%2fplugin-syntax-typescript 17916ms (cache miss)
2691 silly packumentCache corgi:https://registry.npmjs.org/@babel%2fplugin-syntax-typescript set size:undefined disposed:false
2692 http fetch GET 200 https://registry.npmjs.org/@firebase%2fanalytics-compat 17944ms (cache miss)
2693 silly packumentCache corgi:https://registry.npmjs.org/@firebase%2fanalytics-compat set size:undefined disposed:false
2694 http fetch GET 200 https://registry.npmjs.org/@babel%2fplugin-syntax-top-level-await 17926ms (cache miss)
2695 silly packumentCache corgi:https://registry.npmjs.org/@babel%2fplugin-syntax-top-level-await set size:undefined disposed:false
2696 http fetch GET 200 https://registry.npmjs.org/@babel%2fplugin-syntax-private-property-in-object 17927ms (cache miss)
2697 silly packumentCache corgi:https://registry.npmjs.org/@babel%2fplugin-syntax-private-property-in-object set size:undefined disposed:false
2698 http fetch GET 200 https://registry.npmjs.org/@babel%2fplugin-transform-literals 17930ms (cache miss)
2699 silly packumentCache corgi:https://registry.npmjs.org/@babel%2fplugin-transform-literals set size:undefined disposed:false
2700 http fetch GET 200 https://registry.npmjs.org/@babel%2fplugin-transform-async-to-generator 17941ms (cache miss)
2701 silly packumentCache corgi:https://registry.npmjs.org/@babel%2fplugin-transform-async-to-generator set size:undefined disposed:false
2702 http fetch GET 200 https://registry.npmjs.org/@babel%2fplugin-transform-arrow-functions 17947ms (cache miss)
2703 silly packumentCache corgi:https://registry.npmjs.org/@babel%2fplugin-transform-arrow-functions set size:undefined disposed:false
2704 http fetch GET 200 https://registry.npmjs.org/@babel%2fplugin-transform-async-generator-functions 17974ms (cache miss)
2705 silly packumentCache corgi:https://registry.npmjs.org/@babel%2fplugin-transform-async-generator-functions set size:undefined disposed:false
2706 http fetch GET 200 https://registry.npmjs.org/@babel%2fplugin-syntax-numeric-separator 17985ms (cache miss)
2707 silly packumentCache corgi:https://registry.npmjs.org/@babel%2fplugin-syntax-numeric-separator set size:undefined disposed:false
2708 http fetch GET 200 https://registry.npmjs.org/@babel%2fplugin-transform-function-name 17987ms (cache miss)
2709 silly packumentCache corgi:https://registry.npmjs.org/@babel%2fplugin-transform-function-name set size:undefined disposed:false
2710 http fetch GET 200 https://registry.npmjs.org/@babel%2fplugin-syntax-optional-catch-binding 17990ms (cache miss)
2711 silly packumentCache corgi:https://registry.npmjs.org/@babel%2fplugin-syntax-optional-catch-binding set size:undefined disposed:false
2712 http fetch GET 200 https://registry.npmjs.org/@babel%2fplugin-syntax-logical-assignment-operators 17990ms (cache miss)
2713 silly packumentCache corgi:https://registry.npmjs.org/@babel%2fplugin-syntax-logical-assignment-operators set size:undefined disposed:false
2714 http fetch GET 200 https://registry.npmjs.org/@babel%2fplugin-syntax-import-attributes 17992ms (cache miss)
2715 silly packumentCache corgi:https://registry.npmjs.org/@babel%2fplugin-syntax-import-attributes set size:undefined disposed:false
2716 http fetch GET 200 https://registry.npmjs.org/@babel%2fplugin-syntax-json-strings 17993ms (cache miss)
2717 silly packumentCache corgi:https://registry.npmjs.org/@babel%2fplugin-syntax-json-strings set size:undefined disposed:false
2718 http fetch GET 200 https://registry.npmjs.org/@babel%2fplugin-syntax-class-static-block 18035ms (cache miss)
2719 silly packumentCache corgi:https://registry.npmjs.org/@babel%2fplugin-syntax-class-static-block set size:undefined disposed:false
2720 http fetch GET 200 https://registry.npmjs.org/@babel%2fplugin-syntax-jsx 18041ms (cache miss)
2721 silly packumentCache corgi:https://registry.npmjs.org/@babel%2fplugin-syntax-jsx set size:undefined disposed:false
2722 http fetch GET 200 https://registry.npmjs.org/@babel%2fplugin-transform-classes 18056ms (cache miss)
2723 silly packumentCache corgi:https://registry.npmjs.org/@babel%2fplugin-transform-classes set size:undefined disposed:false
2724 http fetch GET 200 https://registry.npmjs.org/@babel%2fplugin-syntax-nullish-coalescing-operator 18048ms (cache miss)
2725 silly packumentCache corgi:https://registry.npmjs.org/@babel%2fplugin-syntax-nullish-coalescing-operator set size:undefined disposed:false
2726 http fetch GET 200 https://registry.npmjs.org/@babel%2fplugin-transform-runtime 18074ms (cache miss)
2727 silly packumentCache corgi:https://registry.npmjs.org/@babel%2fplugin-transform-runtime set size:undefined disposed:false
2728 http fetch GET 200 https://registry.npmjs.org/@babel%2fplugin-syntax-async-generators 18059ms (cache miss)
2729 silly packumentCache corgi:https://registry.npmjs.org/@babel%2fplugin-syntax-async-generators set size:undefined disposed:false
2730 http fetch GET 200 https://registry.npmjs.org/@babel%2fplugin-syntax-flow 18061ms (cache miss)
2731 silly packumentCache corgi:https://registry.npmjs.org/@babel%2fplugin-syntax-flow set size:undefined disposed:false
2732 http fetch GET 200 https://registry.npmjs.org/@babel%2fplugin-syntax-decorators 18064ms (cache miss)
2733 silly packumentCache corgi:https://registry.npmjs.org/@babel%2fplugin-syntax-decorators set size:undefined disposed:false
2734 http fetch GET 200 https://registry.npmjs.org/@babel%2fplugin-syntax-class-properties 18065ms (cache miss)
2735 silly packumentCache corgi:https://registry.npmjs.org/@babel%2fplugin-syntax-class-properties set size:undefined disposed:false
2736 http fetch GET 200 https://registry.npmjs.org/@babel%2fplugin-syntax-dynamic-import 18069ms (cache miss)
2737 silly packumentCache corgi:https://registry.npmjs.org/@babel%2fplugin-syntax-dynamic-import set size:undefined disposed:false
2738 http fetch GET 200 https://registry.npmjs.org/@babel%2fplugin-transform-block-scoping 18096ms (cache miss)
2739 silly packumentCache corgi:https://registry.npmjs.org/@babel%2fplugin-transform-block-scoping set size:undefined disposed:false
2740 http fetch GET 200 https://registry.npmjs.org/@babel%2fplugin-syntax-bigint 18087ms (cache miss)
2741 silly packumentCache corgi:https://registry.npmjs.org/@babel%2fplugin-syntax-bigint set size:undefined disposed:false
2742 http fetch GET 200 https://registry.npmjs.org/@babel%2fplugin-syntax-optional-chaining 18123ms (cache miss)
2743 silly packumentCache corgi:https://registry.npmjs.org/@babel%2fplugin-syntax-optional-chaining set size:undefined disposed:false
2744 http fetch GET 200 https://registry.npmjs.org/@babel%2fhighlight 18141ms (cache miss)
2745 silly packumentCache corgi:https://registry.npmjs.org/@babel%2fhighlight set size:undefined disposed:false
2746 http fetch GET 200 https://registry.npmjs.org/@babel%2fplugin-syntax-import-meta 18146ms (cache miss)
2747 silly packumentCache corgi:https://registry.npmjs.org/@babel%2fplugin-syntax-import-meta set size:undefined disposed:false
2748 http fetch GET 200 https://registry.npmjs.org/@babel%2fhelper-replace-supers 18143ms (cache miss)
2749 silly packumentCache corgi:https://registry.npmjs.org/@babel%2fhelper-replace-supers set size:undefined disposed:false
2750 http fetch GET 200 https://registry.npmjs.org/@babel%2fhelper-skip-transparent-expression-wrappers 18148ms (cache miss)
2751 silly packumentCache corgi:https://registry.npmjs.org/@babel%2fhelper-skip-transparent-expression-wrappers set size:undefined disposed:false
2752 http fetch GET 200 https://registry.npmjs.org/@babel%2fhelper-wrap-function 18148ms (cache miss)
2753 silly packumentCache corgi:https://registry.npmjs.org/@babel%2fhelper-wrap-function set size:undefined disposed:false
2754 http fetch GET 200 https://registry.npmjs.org/@babel%2fhelper-validator-option 18152ms (cache miss)
2755 silly packumentCache corgi:https://registry.npmjs.org/@babel%2fhelper-validator-option set size:undefined disposed:false
2756 http fetch GET 200 https://registry.npmjs.org/@babel%2fplugin-syntax-export-default-from 18157ms (cache miss)
2757 silly packumentCache corgi:https://registry.npmjs.org/@babel%2fplugin-syntax-export-default-from set size:undefined disposed:false
2758 http fetch GET 200 https://registry.npmjs.org/@babel%2fhelper-remap-async-to-generator 18165ms (cache miss)
2759 silly packumentCache corgi:https://registry.npmjs.org/@babel%2fhelper-remap-async-to-generator set size:undefined disposed:false
2760 http fetch GET 200 https://registry.npmjs.org/@babel%2fplugin-syntax-object-rest-spread 18191ms (cache miss)
2761 silly packumentCache corgi:https://registry.npmjs.org/@babel%2fplugin-syntax-object-rest-spread set size:undefined disposed:false
2762 http fetch GET 200 https://registry.npmjs.org/@babel%2fhelper-validator-identifier 18200ms (cache miss)
2763 silly packumentCache corgi:https://registry.npmjs.org/@babel%2fhelper-validator-identifier set size:undefined disposed:false
2764 http fetch GET 200 https://registry.npmjs.org/@babel%2fhelper-string-parser 18202ms (cache miss)
2765 silly packumentCache corgi:https://registry.npmjs.org/@babel%2fhelper-string-parser set size:undefined disposed:false
2766 http fetch GET 200 https://registry.npmjs.org/@babel%2fhelpers 18214ms (cache miss)
2767 silly packumentCache corgi:https://registry.npmjs.org/@babel%2fhelpers set size:undefined disposed:false
2768 http fetch GET 200 https://registry.npmjs.org/@babel%2fhelper-define-polyfill-provider 18214ms (cache miss)
2769 silly packumentCache corgi:https://registry.npmjs.org/@babel%2fhelper-define-polyfill-provider set size:undefined disposed:false
2770 http fetch GET 200 https://registry.npmjs.org/@babel%2fhelper-optimise-call-expression 18220ms (cache miss)
2771 silly packumentCache corgi:https://registry.npmjs.org/@babel%2fhelper-optimise-call-expression set size:undefined disposed:false
2772 http fetch GET 200 https://registry.npmjs.org/@babel%2fhelper-plugin-utils 18245ms (cache miss)
2773 silly packumentCache corgi:https://registry.npmjs.org/@babel%2fhelper-plugin-utils set size:undefined disposed:false
2774 http fetch GET 200 https://registry.npmjs.org/@babel%2fhelper-member-expression-to-functions 18248ms (cache miss)
2775 silly packumentCache corgi:https://registry.npmjs.org/@babel%2fhelper-member-expression-to-functions set size:undefined disposed:false
2776 http fetch GET 200 https://registry.npmjs.org/@babel%2fhelper-annotate-as-pure 18263ms (cache miss)
2777 silly packumentCache corgi:https://registry.npmjs.org/@babel%2fhelper-annotate-as-pure set size:undefined disposed:false
2778 http fetch GET 200 https://registry.npmjs.org/@babel%2fplugin-proposal-export-default-from 18304ms (cache miss)
2779 silly packumentCache corgi:https://registry.npmjs.org/@babel%2fplugin-proposal-export-default-from set size:undefined disposed:false
2780 http fetch GET 200 https://registry.npmjs.org/@babel%2fhelper-compilation-targets 18299ms (cache miss)
2781 silly packumentCache corgi:https://registry.npmjs.org/@babel%2fhelper-compilation-targets set size:undefined disposed:false
2782 http fetch GET 200 https://registry.npmjs.org/@babel%2fcode-frame 18317ms (cache miss)
2783 silly packumentCache corgi:https://registry.npmjs.org/@babel%2fcode-frame set size:undefined disposed:false
2784 http fetch GET 200 https://registry.npmjs.org/@babel%2fhelper-globals 18353ms (cache miss)
2785 silly packumentCache corgi:https://registry.npmjs.org/@babel%2fhelper-globals set size:undefined disposed:false
2786 http fetch GET 200 https://registry.npmjs.org/@babel%2fcompat-data 18374ms (cache miss)
2787 silly packumentCache corgi:https://registry.npmjs.org/@babel%2fcompat-data set size:undefined disposed:false
2788 http fetch GET 200 https://registry.npmjs.org/@babel%2fhelper-module-imports 18383ms (cache miss)
2789 silly packumentCache corgi:https://registry.npmjs.org/@babel%2fhelper-module-imports set size:undefined disposed:false
2790 http fetch GET 200 https://registry.npmjs.org/@babel%2fhelper-module-transforms 18386ms (cache miss)
2791 silly packumentCache corgi:https://registry.npmjs.org/@babel%2fhelper-module-transforms set size:undefined disposed:false
2792 http fetch GET 200 https://registry.npmjs.org/webidl-conversions 18386ms (cache miss)
2793 silly packumentCache corgi:https://registry.npmjs.org/webidl-conversions set size:undefined disposed:false
2794 http fetch GET 200 https://registry.npmjs.org/@radix-ui%2freact-presence 18465ms (cache miss)
2795 silly packumentCache corgi:https://registry.npmjs.org/@radix-ui%2freact-presence set size:undefined disposed:false
2796 http fetch GET 200 https://registry.npmjs.org/@radix-ui%2freact-slot 18474ms (cache miss)
2797 silly packumentCache corgi:https://registry.npmjs.org/@radix-ui%2freact-slot set size:undefined disposed:false
2798 http fetch GET 200 https://registry.npmjs.org/@babel%2fhelper-create-regexp-features-plugin 18487ms (cache miss)
2799 silly packumentCache corgi:https://registry.npmjs.org/@babel%2fhelper-create-regexp-features-plugin set size:undefined disposed:false
2800 http fetch GET 200 https://registry.npmjs.org/@firebase%2fapp 18522ms (cache miss)
2801 silly packumentCache corgi:https://registry.npmjs.org/@firebase%2fapp set size:undefined disposed:false
2802 http fetch GET 200 https://registry.npmjs.org/@radix-ui%2freact-primitive 18519ms (cache miss)
2803 silly packumentCache corgi:https://registry.npmjs.org/@radix-ui%2freact-primitive set size:undefined disposed:false
2804 http fetch GET 200 https://registry.npmjs.org/uuid 18537ms (cache miss)
2805 silly packumentCache corgi:https://registry.npmjs.org/uuid set size:undefined disposed:false
2806 http fetch GET 200 https://registry.npmjs.org/@babel%2fcore 18546ms (cache miss)
2807 silly packumentCache corgi:https://registry.npmjs.org/@babel%2fcore set size:undefined disposed:false
2808 http fetch GET 200 https://registry.npmjs.org/commander 18547ms (cache miss)
2809 silly packumentCache corgi:https://registry.npmjs.org/commander set size:undefined disposed:false
2810 http fetch GET 200 https://registry.npmjs.org/xmlbuilder 18561ms (cache miss)
2811 silly packumentCache corgi:https://registry.npmjs.org/xmlbuilder set size:undefined disposed:false
2812 http fetch GET 200 https://registry.npmjs.org/@babel%2fhelper-create-class-features-plugin 18568ms (cache miss)
2813 silly packumentCache corgi:https://registry.npmjs.org/@babel%2fhelper-create-class-features-plugin set size:undefined disposed:false
2814 http fetch GET 200 https://registry.npmjs.org/glob 18579ms (cache miss)
2815 silly packumentCache corgi:https://registry.npmjs.org/glob set size:undefined disposed:false
2816 http fetch GET 200 https://registry.npmjs.org/escape-string-regexp 18593ms (cache miss)
2817 silly packumentCache corgi:https://registry.npmjs.org/escape-string-regexp set size:undefined disposed:false
2818 http fetch GET 200 https://registry.npmjs.org/source-map 18594ms (cache miss)
2819 silly packumentCache corgi:https://registry.npmjs.org/source-map set size:undefined disposed:false
2820 http fetch GET 200 https://registry.npmjs.org/@radix-ui%2freact-focus-scope 18601ms (cache miss)
2821 silly packumentCache corgi:https://registry.npmjs.org/@radix-ui%2freact-focus-scope set size:undefined disposed:false
2822 http fetch GET 200 https://registry.npmjs.org/encodeurl 18606ms (cache miss)
2823 silly packumentCache corgi:https://registry.npmjs.org/encodeurl set size:undefined disposed:false
2824 http fetch GET 200 https://registry.npmjs.org/@babel%2fparser 18622ms (cache miss)
2825 silly packumentCache corgi:https://registry.npmjs.org/@babel%2fparser set size:undefined disposed:false
2826 http fetch GET 200 https://registry.npmjs.org/on-finished 18621ms (cache miss)
2827 silly packumentCache corgi:https://registry.npmjs.org/on-finished set size:undefined disposed:false
2828 http fetch GET 200 https://registry.npmjs.org/commander 18626ms (cache miss)
2829 silly packumentCache corgi:https://registry.npmjs.org/commander set size:undefined disposed:false
2830 http fetch GET 200 https://registry.npmjs.org/@radix-ui%2freact-portal 18629ms (cache miss)
2831 silly packumentCache corgi:https://registry.npmjs.org/@radix-ui%2freact-portal set size:undefined disposed:false
2832 http fetch GET 200 https://registry.npmjs.org/statuses 18628ms (cache miss)
2833 silly packumentCache corgi:https://registry.npmjs.org/statuses set size:undefined disposed:false
2834 http fetch GET 200 https://registry.npmjs.org/encodeurl 18635ms (cache miss)
2835 silly packumentCache corgi:https://registry.npmjs.org/encodeurl set size:undefined disposed:false
2836 http fetch GET 200 https://registry.npmjs.org/@radix-ui%2freact-dialog 18647ms (cache miss)
2837 silly packumentCache corgi:https://registry.npmjs.org/@radix-ui%2freact-dialog set size:undefined disposed:false
2838 http fetch GET 200 https://registry.npmjs.org/ms 18661ms (cache miss)
2839 silly packumentCache corgi:https://registry.npmjs.org/ms set size:undefined disposed:false
2840 http fetch GET 200 https://registry.npmjs.org/debug 18675ms (cache miss)
2841 silly packumentCache corgi:https://registry.npmjs.org/debug set size:undefined disposed:false
2842 http fetch GET 200 https://registry.npmjs.org/semver 18675ms (cache miss)
2843 silly packumentCache corgi:https://registry.npmjs.org/semver set size:undefined disposed:false
2844 http fetch GET 200 https://registry.npmjs.org/semver 18685ms (cache miss)
2845 silly packumentCache corgi:https://registry.npmjs.org/semver set size:undefined disposed:false
2846 http fetch GET 200 https://registry.npmjs.org/@babel%2fplugin-proposal-decorators 18706ms (cache miss)
2847 silly packumentCache corgi:https://registry.npmjs.org/@babel%2fplugin-proposal-decorators set size:undefined disposed:false
2848 http fetch GET 200 https://registry.npmjs.org/glob 18691ms (cache miss)
2849 silly packumentCache corgi:https://registry.npmjs.org/glob set size:undefined disposed:false
2850 http fetch GET 200 https://registry.npmjs.org/glob 18693ms (cache miss)
2851 silly packumentCache corgi:https://registry.npmjs.org/glob set size:undefined disposed:false
2852 http fetch GET 200 https://registry.npmjs.org/json5 18704ms (cache miss)
2853 silly packumentCache corgi:https://registry.npmjs.org/json5 set size:undefined disposed:false
2854 http fetch GET 200 https://registry.npmjs.org/semver 18699ms (cache miss)
2855 silly packumentCache corgi:https://registry.npmjs.org/semver set size:undefined disposed:false
2856 http fetch GET 200 https://registry.npmjs.org/@babel%2fgenerator 18714ms (cache miss)
2857 silly packumentCache corgi:https://registry.npmjs.org/@babel%2fgenerator set size:undefined disposed:false
2858 http fetch GET 200 https://registry.npmjs.org/memoize-one 18703ms (cache miss)
2859 silly packumentCache corgi:https://registry.npmjs.org/memoize-one set size:undefined disposed:false
2860 http fetch GET 200 https://registry.npmjs.org/ws 18712ms (cache miss)
2861 silly packumentCache corgi:https://registry.npmjs.org/ws set size:undefined disposed:false
2862 http fetch GET 200 https://registry.npmjs.org/ansi-styles 18748ms (cache miss)
2863 silly packumentCache corgi:https://registry.npmjs.org/ansi-styles set size:undefined disposed:false
2864 http fetch GET 200 https://registry.npmjs.org/hermes-estree 18752ms (cache miss)
2865 silly packumentCache corgi:https://registry.npmjs.org/hermes-estree set size:undefined disposed:false
2866 http fetch GET 200 https://registry.npmjs.org/commander 18762ms (cache miss)
2867 silly packumentCache corgi:https://registry.npmjs.org/commander set size:undefined disposed:false
2868 http fetch GET 200 https://registry.npmjs.org/hermes-estree 18765ms (cache miss)
2869 silly packumentCache corgi:https://registry.npmjs.org/hermes-estree set size:undefined disposed:false
2870 http fetch GET 200 https://registry.npmjs.org/hermes-parser 18766ms (cache miss)
2871 silly packumentCache corgi:https://registry.npmjs.org/hermes-parser set size:undefined disposed:false
2872 http fetch GET 200 https://registry.npmjs.org/hermes-parser 18769ms (cache miss)
2873 silly packumentCache corgi:https://registry.npmjs.org/hermes-parser set size:undefined disposed:false
2874 http fetch GET 200 https://registry.npmjs.org/@xmldom%2fxmldom 18772ms (cache miss)
2875 silly packumentCache corgi:https://registry.npmjs.org/@xmldom%2fxmldom set size:undefined disposed:false
2876 http fetch GET 200 https://registry.npmjs.org/yaml 18772ms (cache miss)
2877 silly packumentCache corgi:https://registry.npmjs.org/yaml set size:undefined disposed:false
2878 http fetch GET 200 https://registry.npmjs.org/ms 18794ms (cache miss)
2879 silly packumentCache corgi:https://registry.npmjs.org/ms set size:undefined disposed:false
2880 http fetch GET 200 https://registry.npmjs.org/picomatch 18812ms (cache miss)
2881 silly packumentCache corgi:https://registry.npmjs.org/picomatch set size:undefined disposed:false
2882 http fetch GET 200 https://registry.npmjs.org/statuses 18811ms (cache miss)
2883 silly packumentCache corgi:https://registry.npmjs.org/statuses set size:undefined disposed:false
2884 http fetch GET 200 https://registry.npmjs.org/picomatch 18819ms (cache miss)
2885 silly packumentCache corgi:https://registry.npmjs.org/picomatch set size:undefined disposed:false
2886 http fetch GET 200 https://registry.npmjs.org/lru-cache 18834ms (cache miss)
2887 silly packumentCache corgi:https://registry.npmjs.org/lru-cache set size:undefined disposed:false
2888 http fetch GET 200 https://registry.npmjs.org/supports-color 18835ms (cache miss)
2889 silly packumentCache corgi:https://registry.npmjs.org/supports-color set size:undefined disposed:false
2890 http fetch GET 200 https://registry.npmjs.org/debug 18836ms (cache miss)
2891 silly packumentCache corgi:https://registry.npmjs.org/debug set size:undefined disposed:false
2892 http fetch GET 200 https://registry.npmjs.org/@react-native%2fvirtualized-lists 18842ms (cache miss)
2893 silly packumentCache corgi:https://registry.npmjs.org/@react-native%2fvirtualized-lists set size:undefined disposed:false
2894 http fetch GET 200 https://registry.npmjs.org/@radix-ui%2freact-dismissable-layer 18864ms (cache miss)
2895 silly packumentCache corgi:https://registry.npmjs.org/@radix-ui%2freact-dismissable-layer set size:undefined disposed:false
2896 http fetch GET 200 https://registry.npmjs.org/semver 18849ms (cache miss)
2897 silly packumentCache corgi:https://registry.npmjs.org/semver set size:undefined disposed:false
2898 http fetch GET 200 https://registry.npmjs.org/brace-expansion 18856ms (cache miss)
2899 silly packumentCache corgi:https://registry.npmjs.org/brace-expansion set size:undefined disposed:false
2900 http fetch GET 200 https://registry.npmjs.org/ms 18861ms (cache miss)
2901 silly packumentCache corgi:https://registry.npmjs.org/ms set size:undefined disposed:false
2902 http fetch GET 200 https://registry.npmjs.org/promise 18882ms (cache miss)
2903 silly packumentCache corgi:https://registry.npmjs.org/promise set size:undefined disposed:false
2904 http fetch GET 200 https://registry.npmjs.org/semver 18882ms (cache miss)
2905 silly packumentCache corgi:https://registry.npmjs.org/semver set size:undefined disposed:false
2906 http fetch GET 200 https://registry.npmjs.org/resolve-from 18896ms (cache miss)
2907 silly packumentCache corgi:https://registry.npmjs.org/resolve-from set size:undefined disposed:false
2908 http fetch GET 200 https://registry.npmjs.org/debug 18906ms (cache miss)
2909 silly packumentCache corgi:https://registry.npmjs.org/debug set size:undefined disposed:false
2910 http fetch GET 200 https://registry.npmjs.org/balanced-match 18907ms (cache miss)
2911 silly packumentCache corgi:https://registry.npmjs.org/balanced-match set size:undefined disposed:false
2912 http fetch GET 200 https://registry.npmjs.org/minimatch 18921ms (cache miss)
2913 silly packumentCache corgi:https://registry.npmjs.org/minimatch set size:undefined disposed:false
2914 http fetch GET 200 https://registry.npmjs.org/json-schema-traverse 18942ms (cache miss)
2915 silly packumentCache corgi:https://registry.npmjs.org/json-schema-traverse set size:undefined disposed:false
2916 http fetch GET 200 https://registry.npmjs.org/ci-info 18965ms (cache miss)
2917 silly packumentCache corgi:https://registry.npmjs.org/ci-info set size:undefined disposed:false
2918 http fetch GET 200 https://registry.npmjs.org/@radix-ui%2freact-presence 19054ms (cache miss)
2919 silly packumentCache corgi:https://registry.npmjs.org/@radix-ui%2freact-presence set size:undefined disposed:false
2920 http fetch GET 200 https://registry.npmjs.org/@radix-ui%2freact-primitive 19057ms (cache miss)
2921 silly packumentCache corgi:https://registry.npmjs.org/@radix-ui%2freact-primitive set size:undefined disposed:false
2922 http fetch GET 200 https://registry.npmjs.org/semver 19103ms (cache miss)
2923 silly packumentCache corgi:https://registry.npmjs.org/semver set size:undefined disposed:false
2924 http fetch GET 200 https://registry.npmjs.org/@radix-ui%2freact-slot 19106ms (cache miss)
2925 silly packumentCache corgi:https://registry.npmjs.org/@radix-ui%2freact-slot set size:undefined disposed:false
2926 http fetch GET 200 https://registry.npmjs.org/@radix-ui%2freact-slot 19109ms (cache miss)
2927 silly packumentCache corgi:https://registry.npmjs.org/@radix-ui%2freact-slot set size:undefined disposed:false
2928 http fetch GET 200 https://registry.npmjs.org/json-schema-traverse 19121ms (cache miss)
2929 silly packumentCache corgi:https://registry.npmjs.org/json-schema-traverse set size:undefined disposed:false
2930 http fetch GET 200 https://registry.npmjs.org/debug 19187ms (cache miss)
2931 silly packumentCache corgi:https://registry.npmjs.org/debug set size:undefined disposed:false
2932 http fetch GET 200 https://registry.npmjs.org/@firebase%2fwebchannel-wrapper 19289ms (cache miss)
2933 silly packumentCache corgi:https://registry.npmjs.org/@firebase%2fwebchannel-wrapper set size:undefined disposed:false
2934 http fetch GET 200 https://registry.npmjs.org/@radix-ui%2freact-tabs 19249ms (cache miss)
2935 silly packumentCache corgi:https://registry.npmjs.org/@radix-ui%2freact-tabs set size:undefined disposed:false
2936 http fetch GET 200 https://registry.npmjs.org/@react-native%2fnormalize-colors 19265ms (cache miss)
2937 silly packumentCache corgi:https://registry.npmjs.org/@react-native%2fnormalize-colors set size:undefined disposed:false
2938 http fetch GET 200 https://registry.npmjs.org/debug 19252ms (cache miss)
2939 silly packumentCache corgi:https://registry.npmjs.org/debug set size:undefined disposed:false
2940 http fetch GET 200 https://registry.npmjs.org/globals 19254ms (cache miss)
2941 silly packumentCache corgi:https://registry.npmjs.org/globals set size:undefined disposed:false
2942 http fetch GET 200 https://registry.npmjs.org/@radix-ui%2freact-roving-focus 19259ms (cache miss)
2943 silly packumentCache corgi:https://registry.npmjs.org/@radix-ui%2freact-roving-focus set size:undefined disposed:false
2944 http fetch GET 200 https://registry.npmjs.org/ajv 19260ms (cache miss)
2945 silly packumentCache corgi:https://registry.npmjs.org/ajv set size:undefined disposed:false
2946 http fetch GET 200 https://registry.npmjs.org/source-map 19260ms (cache miss)
2947 silly packumentCache corgi:https://registry.npmjs.org/source-map set size:undefined disposed:false
2948 http fetch GET 200 https://registry.npmjs.org/ajv 19286ms (cache miss)
2949 silly packumentCache corgi:https://registry.npmjs.org/ajv set size:undefined disposed:false
2950 http fetch GET 200 https://registry.npmjs.org/eslint-visitor-keys 19297ms (cache miss)
2951 silly packumentCache corgi:https://registry.npmjs.org/eslint-visitor-keys set size:undefined disposed:false
2952 http fetch GET 200 https://registry.npmjs.org/debug 19348ms (cache miss)
2953 silly packumentCache corgi:https://registry.npmjs.org/debug set size:undefined disposed:false
2954 http fetch GET 200 https://registry.npmjs.org/p-limit 19353ms (cache miss)
2955 silly packumentCache corgi:https://registry.npmjs.org/p-limit set size:undefined disposed:false
2956 http fetch GET 200 https://registry.npmjs.org/balanced-match 19357ms (cache miss)
2957 silly packumentCache corgi:https://registry.npmjs.org/balanced-match set size:undefined disposed:false
2958 http fetch GET 200 https://registry.npmjs.org/p-locate 19365ms (cache miss)
2959 silly packumentCache corgi:https://registry.npmjs.org/p-locate set size:undefined disposed:false
2960 http fetch GET 200 https://registry.npmjs.org/ws 19385ms (cache miss)
2961 silly packumentCache corgi:https://registry.npmjs.org/ws set size:undefined disposed:false
2962 http fetch GET 200 https://registry.npmjs.org/minimatch 19404ms (cache miss)
2963 silly packumentCache corgi:https://registry.npmjs.org/minimatch set size:undefined disposed:false
2964 http fetch GET 200 https://registry.npmjs.org/ms 19415ms (cache miss)
2965 silly packumentCache corgi:https://registry.npmjs.org/ms set size:undefined disposed:false
2966 http fetch GET 200 https://registry.npmjs.org/js-yaml 19420ms (cache miss)
2967 silly packumentCache corgi:https://registry.npmjs.org/js-yaml set size:undefined disposed:false
2968 http fetch GET 200 https://registry.npmjs.org/@radix-ui%2freact-collection 19429ms (cache miss)
2969 silly packumentCache corgi:https://registry.npmjs.org/@radix-ui%2freact-collection set size:undefined disposed:false
2970 http fetch GET 200 https://registry.npmjs.org/locate-path 19427ms (cache miss)
2971 silly packumentCache corgi:https://registry.npmjs.org/locate-path set size:undefined disposed:false
2972 http fetch GET 200 https://registry.npmjs.org/brace-expansion 19434ms (cache miss)
2973 silly packumentCache corgi:https://registry.npmjs.org/brace-expansion set size:undefined disposed:false
2974 http fetch GET 200 https://registry.npmjs.org/find-up 19454ms (cache miss)
2975 silly packumentCache corgi:https://registry.npmjs.org/find-up set size:undefined disposed:false
2976 http fetch GET 200 https://registry.npmjs.org/mimic-response 19461ms (cache miss)
2977 silly packumentCache corgi:https://registry.npmjs.org/mimic-response set size:undefined disposed:false
2978 http fetch GET 200 https://registry.npmjs.org/argparse 19457ms (cache miss)
2979 silly packumentCache corgi:https://registry.npmjs.org/argparse set size:undefined disposed:false
2980 http fetch GET 200 https://registry.npmjs.org/camelcase 19488ms (cache miss)
2981 silly packumentCache corgi:https://registry.npmjs.org/camelcase set size:undefined disposed:false
2982 http fetch GET 200 https://registry.npmjs.org/semver 19543ms (cache miss)
2983 silly packumentCache corgi:https://registry.npmjs.org/semver set size:undefined disposed:false
2984 http fetch GET 200 https://registry.npmjs.org/picomatch 19553ms (cache miss)
2985 silly packumentCache corgi:https://registry.npmjs.org/picomatch set size:undefined disposed:false
2986 http fetch GET 200 https://registry.npmjs.org/semver 19550ms (cache miss)
2987 silly packumentCache corgi:https://registry.npmjs.org/semver set size:undefined disposed:false
2988 http fetch GET 200 https://registry.npmjs.org/semver 19550ms (cache miss)
2989 silly packumentCache corgi:https://registry.npmjs.org/semver set size:undefined disposed:false
2990 http fetch GET 200 https://registry.npmjs.org/@babel%2fcode-frame 19553ms (cache miss)
2991 silly packumentCache corgi:https://registry.npmjs.org/@babel%2fcode-frame set size:undefined disposed:false
2992 http fetch GET 200 https://registry.npmjs.org/eslint-visitor-keys 19566ms (cache miss)
2993 silly packumentCache corgi:https://registry.npmjs.org/eslint-visitor-keys set size:undefined disposed:false
2994 http fetch GET 200 https://registry.npmjs.org/semver 19574ms (cache miss)
2995 silly packumentCache corgi:https://registry.npmjs.org/semver set size:undefined disposed:false
2996 http fetch GET 200 https://registry.npmjs.org/color-name 19581ms (cache miss)
2997 silly packumentCache corgi:https://registry.npmjs.org/color-name set size:undefined disposed:false
2998 http fetch GET 200 https://registry.npmjs.org/has-flag 19593ms (cache miss)
2999 silly packumentCache corgi:https://registry.npmjs.org/has-flag set size:undefined disposed:false
3000 http fetch GET 200 https://registry.npmjs.org/debug 19613ms (cache miss)
3001 silly packumentCache corgi:https://registry.npmjs.org/debug set size:undefined disposed:false
3002 http fetch GET 200 https://registry.npmjs.org/supports-color 19608ms (cache miss)
3003 silly packumentCache corgi:https://registry.npmjs.org/supports-color set size:undefined disposed:false
3004 http fetch GET 200 https://registry.npmjs.org/escape-string-regexp 19610ms (cache miss)
3005 silly packumentCache corgi:https://registry.npmjs.org/escape-string-regexp set size:undefined disposed:false
3006 http fetch GET 200 https://registry.npmjs.org/react-is 19625ms (cache miss)
3007 silly packumentCache corgi:https://registry.npmjs.org/react-is set size:undefined disposed:false
3008 http fetch GET 200 https://registry.npmjs.org/chalk 19624ms (cache miss)
3009 silly packumentCache corgi:https://registry.npmjs.org/chalk set size:undefined disposed:false
3010 http fetch GET 200 https://registry.npmjs.org/ansi-styles 19626ms (cache miss)
3011 silly packumentCache corgi:https://registry.npmjs.org/ansi-styles set size:undefined disposed:false
3012 http fetch GET 200 https://registry.npmjs.org/semver 19629ms (cache miss)
3013 silly packumentCache corgi:https://registry.npmjs.org/semver set size:undefined disposed:false
3014 http fetch GET 200 https://registry.npmjs.org/color-convert 19649ms (cache miss)
3015 silly packumentCache corgi:https://registry.npmjs.org/color-convert set size:undefined disposed:false
3016 http fetch GET 200 https://registry.npmjs.org/wcwidth/-/wcwidth-1.0.1.tgz 19634ms (cache miss)
3017 http fetch GET 200 https://registry.npmjs.org/vary/-/vary-1.1.2.tgz 19636ms (cache miss)
3018 http fetch GET 200 https://registry.npmjs.org/resolve 19661ms (cache miss)
3019 silly packumentCache corgi:https://registry.npmjs.org/resolve set size:undefined disposed:false
3020 http fetch GET 200 https://registry.npmjs.org/validate-npm-package-name/-/validate-npm-package-name-5.0.1.tgz 19650ms (cache miss)
3021 http fetch GET 200 https://registry.npmjs.org/react-is 19692ms (cache miss)
3022 silly packumentCache corgi:https://registry.npmjs.org/react-is set size:undefined disposed:false
3023 http fetch GET 200 https://registry.npmjs.org/terminal-link/-/terminal-link-2.1.1.tgz 19649ms (cache miss)
3024 http fetch GET 200 https://registry.npmjs.org/glob 19681ms (cache miss)
3025 silly packumentCache corgi:https://registry.npmjs.org/glob set size:undefined disposed:false
3026 http fetch GET 200 https://registry.npmjs.org/supports-hyperlinks/-/supports-hyperlinks-2.3.0.tgz 19659ms (cache miss)
3027 http fetch GET 200 https://registry.npmjs.org/semver 19698ms (cache miss)
3028 silly packumentCache corgi:https://registry.npmjs.org/semver set size:undefined disposed:false
3029 http fetch GET 200 https://registry.npmjs.org/sisteransi/-/sisteransi-1.0.5.tgz 19686ms (cache miss)
3030 http fetch GET 200 https://registry.npmjs.org/restore-cursor/-/restore-cursor-2.0.0.tgz 19682ms (cache miss)
3031 http fetch GET 200 https://registry.npmjs.org/requireg/-/requireg-0.2.2.tgz 19683ms (cache miss)
3032 http fetch GET 200 https://registry.npmjs.org/ignore 19734ms (cache miss)
3033 silly packumentCache corgi:https://registry.npmjs.org/ignore set size:undefined disposed:false
3034 http fetch GET 200 https://registry.npmjs.org/resolve.exports/-/resolve.exports-2.0.3.tgz 19688ms (cache miss)
3035 http fetch GET 200 https://registry.npmjs.org/wonka/-/wonka-6.3.6.tgz 19714ms (cache miss)
3036 http fetch GET 200 https://registry.npmjs.org/source-map-js/-/source-map-js-1.2.1.tgz 19695ms (cache miss)
3037 http fetch GET 200 https://registry.npmjs.org/proc-log/-/proc-log-4.2.0.tgz 19682ms (cache miss)
3038 http fetch GET 200 https://registry.npmjs.org/rc/-/rc-1.2.8.tgz 19691ms (cache miss)
3039 http fetch GET 200 https://registry.npmjs.org/progress/-/progress-2.0.3.tgz 19698ms (cache miss)
3040 http fetch GET 200 https://registry.npmjs.org/pretty-bytes/-/pretty-bytes-5.6.0.tgz 19726ms (cache miss)
3041 http fetch GET 200 https://registry.npmjs.org/onetime/-/onetime-2.0.1.tgz 19725ms (cache miss)
3042 http fetch GET 200 https://registry.npmjs.org/ora/-/ora-3.4.0.tgz 19722ms (cache miss)
3043 http fetch GET 200 https://registry.npmjs.org/on-headers/-/on-headers-1.1.0.tgz 19723ms (cache miss)
3044 http fetch GET 200 https://registry.npmjs.org/nested-error-stacks/-/nested-error-stacks-2.0.1.tgz 19720ms (cache miss)
3045 http fetch GET 200 https://registry.npmjs.org/structured-headers/-/structured-headers-0.4.1.tgz 19761ms (cache miss)
3046 http fetch GET 200 https://registry.npmjs.org/mimic-fn/-/mimic-fn-1.2.0.tgz 19732ms (cache miss)
3047 http fetch GET 200 https://registry.npmjs.org/npm-package-arg/-/npm-package-arg-11.0.3.tgz 19737ms (cache miss)
3048 http fetch GET 200 https://registry.npmjs.org/postcss/-/postcss-8.4.49.tgz 19775ms (cache miss)
3049 http fetch GET 200 https://registry.npmjs.org/log-symbols/-/log-symbols-2.2.0.tgz 19755ms (cache miss)
3050 http fetch GET 200 https://registry.npmjs.org/kleur/-/kleur-3.0.3.tgz 19751ms (cache miss)
3051 http fetch GET 200 https://registry.npmjs.org/qrcode-terminal/-/qrcode-terminal-0.11.0.tgz 19791ms (cache miss)
3052 http fetch GET 200 https://registry.npmjs.org/hosted-git-info/-/hosted-git-info-7.0.2.tgz 19755ms (cache miss)
3053 http fetch GET 200 https://registry.npmjs.org/lan-network/-/lan-network-0.1.7.tgz 19768ms (cache miss)
3054 http fetch GET 200 https://registry.npmjs.org/freeport-async/-/freeport-async-2.0.0.tgz 19747ms (cache miss)
3055 http fetch GET 200 https://registry.npmjs.org/ini/-/ini-1.3.8.tgz 19759ms (cache miss)
3056 http fetch GET 200 https://registry.npmjs.org/react-is 19875ms (cache miss)
3057 silly packumentCache corgi:https://registry.npmjs.org/react-is set size:undefined disposed:false
3058 http fetch GET 200 https://registry.npmjs.org/prompts/-/prompts-2.4.2.tgz 19810ms (cache miss)
3059 http fetch GET 200 https://registry.npmjs.org/minizlib/-/minizlib-3.1.0.tgz 19801ms (cache miss)
3060 http fetch GET 200 https://registry.npmjs.org/env-editor/-/env-editor-0.4.2.tgz 19776ms (cache miss)
3061 http fetch GET 200 https://registry.npmjs.org/deep-extend/-/deep-extend-0.6.0.tgz 19782ms (cache miss)
3062 http fetch GET 200 https://registry.npmjs.org/detect-libc/-/detect-libc-2.1.2.tgz 19789ms (cache miss)
3063 http fetch GET 200 https://registry.npmjs.org/defaults/-/defaults-1.0.4.tgz 19788ms (cache miss)
3064 http fetch GET 200 https://registry.npmjs.org/define-lazy-prop/-/define-lazy-prop-2.0.0.tgz 19788ms (cache miss)
3065 http fetch GET 200 https://registry.npmjs.org/compressible/-/compressible-2.0.18.tgz 19790ms (cache miss)
3066 http fetch GET 200 https://registry.npmjs.org/compression/-/compression-1.8.1.tgz 19798ms (cache miss)
3067 http fetch GET 200 https://registry.npmjs.org/cli-spinners/-/cli-spinners-2.9.2.tgz 19795ms (cache miss)
3068 http fetch GET 200 https://registry.npmjs.org/clone/-/clone-1.0.4.tgz 19798ms (cache miss)
3069 http fetch GET 200 https://registry.npmjs.org/chownr/-/chownr-3.0.0.tgz 19799ms (cache miss)
3070 http fetch GET 200 https://registry.npmjs.org/commander/-/commander-7.2.0.tgz 19811ms (cache miss)
3071 http fetch GET 200 https://registry.npmjs.org/cli-cursor/-/cli-cursor-2.1.0.tgz 19810ms (cache miss)
3072 http fetch GET 200 https://registry.npmjs.org/bytes/-/bytes-3.1.2.tgz 19817ms (cache miss)
3073 http fetch GET 200 https://registry.npmjs.org/ansi-escapes/-/ansi-escapes-4.3.2.tgz 19839ms (cache miss)
3074 http fetch GET 200 https://registry.npmjs.org/@urql/exchange-retry/-/exchange-retry-1.3.2.tgz 19864ms (cache miss)
3075 http fetch GET 200 https://registry.npmjs.org/better-opn/-/better-opn-3.0.2.tgz 19875ms (cache miss)
3076 http fetch GET 200 https://registry.npmjs.org/arg/-/arg-5.0.2.tgz 19868ms (cache miss)
3077 http fetch GET 200 https://registry.npmjs.org/@isaacs/fs-minipass/-/fs-minipass-4.0.1.tgz 19867ms (cache miss)
3078 http fetch GET 200 https://registry.npmjs.org/@expo/ws-tunnel/-/ws-tunnel-1.0.6.tgz 19885ms (cache miss)
3079 http fetch GET 200 https://registry.npmjs.org/@expo/sudo-prompt/-/sudo-prompt-9.3.2.tgz 19886ms (cache miss)
3080 http fetch GET 200 https://registry.npmjs.org/undici/-/undici-6.25.0.tgz 20085ms (cache miss)
3081 http fetch GET 200 https://registry.npmjs.org/tar/-/tar-7.5.13.tgz 20081ms (cache miss)
3082 http fetch GET 200 https://registry.npmjs.org/@urql/core/-/core-5.2.0.tgz 19966ms (cache miss)
3083 http fetch GET 200 https://registry.npmjs.org/@expo/package-manager/-/package-manager-1.10.4.tgz 19937ms (cache miss)
3084 http fetch GET 200 https://registry.npmjs.org/@expo/code-signing-certificates/-/code-signing-certificates-0.0.6.tgz 19966ms (cache miss)
3085 http fetch GET 200 https://registry.npmjs.org/@expo/osascript/-/osascript-2.4.2.tgz 19986ms (cache miss)
3086 http fetch GET 200 https://registry.npmjs.org/lightningcss/-/lightningcss-1.32.0.tgz 20094ms (cache miss)
3087 http fetch GET 200 https://registry.npmjs.org/@expo/fingerprint/-/fingerprint-0.15.4.tgz 20007ms (cache miss)
3088 http fetch GET 200 https://registry.npmjs.org/strip-json-comments/-/strip-json-comments-2.0.1.tgz 19988ms (cache miss)
3089 http fetch GET 200 https://registry.npmjs.org/yallist/-/yallist-5.0.0.tgz 20032ms (cache miss)
3090 http fetch GET 200 https://registry.npmjs.org/supports-color/-/supports-color-5.5.0.tgz 20030ms (cache miss)
3091 http fetch GET 200 https://registry.npmjs.org/strip-ansi/-/strip-ansi-5.2.0.tgz 20032ms (cache miss)
3092 http fetch GET 200 https://registry.npmjs.org/resolve/-/resolve-1.7.1.tgz 20038ms (cache miss)
3093 http fetch GET 200 https://registry.npmjs.org/color-name/-/color-name-1.1.3.tgz 20037ms (cache miss)
3094 http fetch GET 200 https://registry.npmjs.org/escape-string-regexp/-/escape-string-regexp-1.0.5.tgz 20051ms (cache miss)
3095 http fetch GET 200 https://registry.npmjs.org/has-flag/-/has-flag-3.0.0.tgz 20053ms (cache miss)
3096 http fetch GET 200 https://registry.npmjs.org/@expo/devcert/-/devcert-1.2.1.tgz 20093ms (cache miss)
3097 http fetch GET 200 https://registry.npmjs.org/@expo/xcpretty/-/xcpretty-4.4.3.tgz 20112ms (cache miss)
3098 http fetch GET 200 https://registry.npmjs.org/color-convert/-/color-convert-1.9.3.tgz 20076ms (cache miss)
3099 http fetch GET 200 https://registry.npmjs.org/ansi-regex/-/ansi-regex-4.1.1.tgz 20078ms (cache miss)
3100 http fetch GET 200 https://registry.npmjs.org/ansi-styles/-/ansi-styles-3.2.1.tgz 20078ms (cache miss)
3101 http fetch GET 200 https://registry.npmjs.org/supports-color/-/supports-color-5.5.0.tgz 20098ms (cache miss)
3102 http fetch GET 200 https://registry.npmjs.org/chalk/-/chalk-2.4.2.tgz 20098ms (cache miss)
3103 http fetch GET 200 https://registry.npmjs.org/has-flag/-/has-flag-3.0.0.tgz 20099ms (cache miss)
3104 http fetch GET 200 https://registry.npmjs.org/color-name/-/color-name-1.1.3.tgz 20120ms (cache miss)
3105 http fetch GET 200 https://registry.npmjs.org/ansi-styles/-/ansi-styles-3.2.1.tgz 20141ms (cache miss)
3106 http fetch GET 200 https://registry.npmjs.org/chalk/-/chalk-2.4.2.tgz 20143ms (cache miss)
3107 http fetch GET 200 https://registry.npmjs.org/color-convert/-/color-convert-1.9.3.tgz 20145ms (cache miss)
3108 http fetch GET 200 https://registry.npmjs.org/ms/-/ms-2.0.0.tgz 20140ms (cache miss)
3109 http fetch GET 200 https://registry.npmjs.org/negotiator/-/negotiator-0.6.4.tgz 20142ms (cache miss)
3110 http fetch GET 200 https://registry.npmjs.org/open/-/open-8.4.2.tgz 20157ms (cache miss)
3111 http fetch GET 200 https://registry.npmjs.org/semver/-/semver-7.7.4.tgz 20184ms (cache miss)
3112 http fetch GET 200 https://registry.npmjs.org/expo-modules-autolinking/-/expo-modules-autolinking-3.0.24.tgz 20299ms (cache miss)
3113 http fetch GET 200 https://registry.npmjs.org/@expo/metro-config/-/metro-config-54.0.14.tgz 20222ms (cache miss)
3114 http fetch GET 200 https://registry.npmjs.org/debug/-/debug-2.6.9.tgz 20217ms (cache miss)
3115 http fetch GET 200 https://registry.npmjs.org/@0no-co/graphql.web/-/graphql.web-1.2.0.tgz 20254ms (cache miss)
3116 http fetch GET 200 https://registry.npmjs.org/semver/-/semver-7.7.4.tgz 20227ms (cache miss)
3117 http fetch GET 200 https://registry.npmjs.org/ci-info/-/ci-info-3.9.0.tgz 20252ms (cache miss)
3118 http fetch GET 200 https://registry.npmjs.org/ws/-/ws-8.20.0.tgz 20268ms (cache miss)
3119 http fetch GET 200 https://registry.npmjs.org/picomatch/-/picomatch-3.0.2.tgz 20275ms (cache miss)
3120 http fetch GET 200 https://registry.npmjs.org/semver/-/semver-7.7.4.tgz 20279ms (cache miss)
3121 http fetch GET 200 https://registry.npmjs.org/expo/-/expo-54.0.33.tgz 20431ms (cache miss)
3122 http fetch GET 200 https://registry.npmjs.org/escape-string-regexp/-/escape-string-regexp-1.0.5.tgz 20360ms (cache miss)
3123 http fetch GET 200 https://registry.npmjs.org/brace-expansion/-/brace-expansion-2.1.0.tgz 20322ms (cache miss)
3124 http fetch GET 200 https://registry.npmjs.org/wrappy/-/wrappy-1.0.2.tgz 20169ms (cache miss)
3125 http fetch GET 200 https://registry.npmjs.org/minimatch/-/minimatch-9.0.9.tgz 20347ms (cache miss)
3126 http fetch GET 200 https://registry.npmjs.org/y18n/-/y18n-5.0.8.tgz 20190ms (cache miss)
3127 http fetch GET 200 https://registry.npmjs.org/minimatch/-/minimatch-9.0.9.tgz 20344ms (cache miss)
3128 http fetch GET 200 https://registry.npmjs.org/lru-cache/-/lru-cache-10.4.3.tgz 20378ms (cache miss)
3129 http fetch GET 200 https://registry.npmjs.org/yocto-queue/-/yocto-queue-0.1.0.tgz 20195ms (cache miss)
3130 http fetch GET 200 https://registry.npmjs.org/wrap-ansi/-/wrap-ansi-7.0.0.tgz 20185ms (cache miss)
3131 http fetch GET 200 https://registry.npmjs.org/yallist/-/yallist-3.1.1.tgz 20176ms (cache miss)
3132 http fetch GET 200 https://registry.npmjs.org/write-file-atomic/-/write-file-atomic-4.0.2.tgz 20174ms (cache miss)
3133 http fetch GET 200 https://registry.npmjs.org/debug/-/debug-3.2.7.tgz 20353ms (cache miss)
3134 http fetch GET 200 https://registry.npmjs.org/xml2js/-/xml2js-0.6.0.tgz 20184ms (cache miss)
3135 http fetch GET 200 https://registry.npmjs.org/node-forge/-/node-forge-1.4.0.tgz 20581ms (cache miss)
3136 http fetch GET 200 https://registry.npmjs.org/word-wrap/-/word-wrap-1.2.5.tgz 20176ms (cache miss)
3137 http fetch GET 200 https://registry.npmjs.org/which/-/which-2.0.2.tgz 20165ms (cache miss)
3138 http fetch GET 200 https://registry.npmjs.org/which-collection/-/which-collection-1.0.2.tgz 20178ms (cache miss)
3139 http fetch GET 200 https://registry.npmjs.org/minimatch/-/minimatch-9.0.9.tgz 20430ms (cache miss)
3140 http fetch GET 200 https://registry.npmjs.org/which-builtin-type/-/which-builtin-type-1.2.1.tgz 20239ms (cache miss)
3141 http fetch GET 200 https://registry.npmjs.org/brace-expansion/-/brace-expansion-2.1.0.tgz 20455ms (cache miss)
3142 http fetch GET 200 https://registry.npmjs.org/webidl-conversions/-/webidl-conversions-3.0.1.tgz 20197ms (cache miss)
3143 http fetch GET 200 https://registry.npmjs.org/brace-expansion/-/brace-expansion-2.1.0.tgz 20470ms (cache miss)
3144 http fetch GET 200 https://registry.npmjs.org/yargs-parser/-/yargs-parser-21.1.1.tgz 20305ms (cache miss)
3145 http fetch GET 200 https://registry.npmjs.org/vlq/-/vlq-1.0.1.tgz 20272ms (cache miss)
3146 http fetch GET 200 https://registry.npmjs.org/type-fest/-/type-fest-0.21.3.tgz 20550ms (cache miss)
3147 http fetch GET 200 https://registry.npmjs.org/websocket-extensions/-/websocket-extensions-0.1.4.tgz 20281ms (cache miss)
3148 http fetch GET 200 https://registry.npmjs.org/warn-once/-/warn-once-0.1.1.tgz 20282ms (cache miss)
3149 http fetch GET 200 https://registry.npmjs.org/which-boxed-primitive/-/which-boxed-primitive-1.1.1.tgz 20301ms (cache miss)
3150 http fetch GET 200 https://registry.npmjs.org/utils-merge/-/utils-merge-1.0.1.tgz 20271ms (cache miss)
3151 http fetch GET 200 https://registry.npmjs.org/walker/-/walker-1.0.8.tgz 20303ms (cache miss)
3152 http fetch GET 200 https://registry.npmjs.org/update-browserslist-db/-/update-browserslist-db-1.2.3.tgz 20271ms (cache miss)
3153 http fetch GET 200 https://registry.npmjs.org/whatwg-url/-/whatwg-url-5.0.0.tgz 20322ms (cache miss)
3154 http fetch GET 200 https://registry.npmjs.org/util/-/util-0.12.5.tgz 20287ms (cache miss)
3155 http fetch GET 200 https://registry.npmjs.org/uuid/-/uuid-3.4.0.tgz 20314ms (cache miss)
3156 http fetch GET 200 https://registry.npmjs.org/websocket-driver/-/websocket-driver-0.7.4.tgz 20298ms (cache miss)
3157 http fetch GET 200 https://registry.npmjs.org/use-sidecar/-/use-sidecar-1.1.3.tgz 20290ms (cache miss)
3158 http fetch GET 200 https://registry.npmjs.org/fast-uri 20255ms (cache miss)
3159 silly packumentCache corgi:https://registry.npmjs.org/fast-uri set size:undefined disposed:false
3160 http fetch GET 200 https://registry.npmjs.org/unpipe/-/unpipe-1.0.0.tgz 20256ms (cache miss)
3161 http fetch GET 200 https://registry.npmjs.org/whatwg-fetch/-/whatwg-fetch-3.6.20.tgz 20369ms (cache miss)
3162 http fetch GET 200 https://registry.npmjs.org/unrs-resolver/-/unrs-resolver-1.11.1.tgz 20285ms (cache miss)
3163 http fetch GET 200 https://registry.npmjs.org/which-typed-array/-/which-typed-array-1.1.20.tgz 20293ms (cache miss)
3164 http fetch GET 200 https://registry.npmjs.org/unicode-canonical-property-names-ecmascript/-/unicode-canonical-property-names-ecmascript-2.0.1.tgz 20291ms (cache miss)
3165 http fetch GET 200 https://registry.npmjs.org/ws/-/ws-7.5.10.tgz 20304ms (cache miss)
3166 http fetch GET 200 https://registry.npmjs.org/typed-array-buffer/-/typed-array-buffer-1.0.3.tgz 20296ms (cache miss)
3167 http fetch GET 200 https://registry.npmjs.org/vaul/-/vaul-1.1.2.tgz 20374ms (cache miss)
3168 http fetch GET 200 https://registry.npmjs.org/unbox-primitive/-/unbox-primitive-1.1.0.tgz 20306ms (cache miss)
3169 http fetch GET 200 https://registry.npmjs.org/whatwg-url-without-unicode/-/whatwg-url-without-unicode-8.0.0-3.tgz 20324ms (cache miss)
3170 http fetch GET 200 https://registry.npmjs.org/unicode-match-property-value-ecmascript/-/unicode-match-property-value-ecmascript-2.2.1.tgz 20333ms (cache miss)
3171 http fetch GET 200 https://registry.npmjs.org/typed-array-byte-length/-/typed-array-byte-length-1.0.3.tgz 20320ms (cache miss)
3172 http fetch GET 200 https://registry.npmjs.org/typed-array-length/-/typed-array-length-1.0.7.tgz 20312ms (cache miss)
3173 http fetch GET 200 https://registry.npmjs.org/type-detect/-/type-detect-4.0.8.tgz 20319ms (cache miss)
3174 http fetch GET 200 https://registry.npmjs.org/resolve/-/resolve-1.22.12.tgz 20705ms (cache miss)
3175 http fetch GET 200 https://registry.npmjs.org/type-check/-/type-check-0.4.0.tgz 20291ms (cache miss)
3176 http fetch GET 200 https://registry.npmjs.org/@expo/metro/-/metro-54.2.0.tgz 20782ms (cache miss)
3177 http fetch GET 200 https://registry.npmjs.org/yaml/-/yaml-1.10.3.tgz 20531ms (cache miss)
3178 http fetch GET 200 https://registry.npmjs.org/tslib/-/tslib-2.8.1.tgz 20299ms (cache miss)
3179 http fetch GET 200 https://registry.npmjs.org/postcss 20374ms (cache miss)
3180 silly packumentCache corgi:https://registry.npmjs.org/postcss set size:undefined disposed:false
3181 http fetch GET 200 https://registry.npmjs.org/ua-parser-js/-/ua-parser-js-1.0.41.tgz 20331ms (cache miss)
3182 http fetch GET 200 https://registry.npmjs.org/xmlbuilder/-/xmlbuilder-15.1.1.tgz 20542ms (cache miss)
3183 http fetch GET 200 https://registry.npmjs.org/xcode/-/xcode-3.0.1.tgz 20342ms (cache miss)
3184 silly packumentCache corgi:https://registry.npmjs.org/ajv cache-miss
3185 http fetch GET 200 https://registry.npmjs.org/thenify-all/-/thenify-all-1.6.0.tgz 20276ms (cache miss)
3186 http fetch GET 200 https://registry.npmjs.org/ts-api-utils/-/ts-api-utils-2.5.0.tgz 20326ms (cache miss)
3187 http fetch GET 200 https://registry.npmjs.org/throat/-/throat-5.0.0.tgz 20306ms (cache miss)
3188 http fetch GET 200 https://registry.npmjs.org/tinyglobby/-/tinyglobby-0.2.16.tgz 20307ms (cache miss)
3189 http fetch GET 200 https://registry.npmjs.org/tmpl/-/tmpl-1.0.5.tgz 20317ms (cache miss)
3190 http fetch GET 200 https://registry.npmjs.org/ajv 35ms (cache hit)
3191 silly packumentCache corgi:https://registry.npmjs.org/ajv set size:467559 disposed:false
3192 http fetch GET 200 https://registry.npmjs.org/yargs/-/yargs-17.7.2.tgz 20530ms (cache miss)
3193 http fetch GET 200 https://registry.npmjs.org/toidentifier/-/toidentifier-1.0.1.tgz 20296ms (cache miss)
3194 silly packumentCache corgi:https://registry.npmjs.org/@expo%2fmetro-config cache-miss
3195 http fetch GET 200 https://registry.npmjs.org/undici-types/-/undici-types-7.19.2.tgz 20433ms (cache miss)
3196 http fetch GET 200 https://registry.npmjs.org/unicode-property-aliases-ecmascript/-/unicode-property-aliases-ecmascript-2.2.0.tgz 20460ms (cache miss)
3197 http fetch GET 200 https://registry.npmjs.org/use-callback-ref/-/use-callback-ref-1.3.3.tgz 20328ms (cache miss)
3198 http fetch GET 200 https://registry.npmjs.org/use-latest-callback/-/use-latest-callback-0.2.6.tgz 20364ms (cache miss)
3199 http fetch GET 200 https://registry.npmjs.org/supports-preserve-symlinks-flag/-/supports-preserve-symlinks-flag-1.0.0.tgz 20420ms (cache miss)
3200 http fetch GET 200 https://registry.npmjs.org/thenify/-/thenify-3.3.1.tgz 20465ms (cache miss)
3201 http fetch GET 200 https://registry.npmjs.org/tr46/-/tr46-0.0.3.tgz 20513ms (cache miss)
3202 http fetch GET 200 https://registry.npmjs.org/strip-json-comments/-/strip-json-comments-3.1.1.tgz 20445ms (cache miss)
3203 http fetch GET 200 https://registry.npmjs.org/string.prototype.trimstart/-/string.prototype.trimstart-1.0.8.tgz 20444ms (cache miss)
3204 http fetch GET 200 https://registry.npmjs.org/strip-ansi/-/strip-ansi-6.0.1.tgz 20441ms (cache miss)
3205 http fetch GET 200 https://registry.npmjs.org/string.prototype.trimend/-/string.prototype.trimend-1.0.9.tgz 20446ms (cache miss)
3206 http fetch GET 200 https://registry.npmjs.org/strip-bom/-/strip-bom-3.0.0.tgz 20433ms (cache miss)
3207 http fetch GET 200 https://registry.npmjs.org/ts-interface-checker/-/ts-interface-checker-0.1.13.tgz 20551ms (cache miss)
3208 http fetch GET 200 https://registry.npmjs.org/strict-uri-encode/-/strict-uri-encode-2.0.0.tgz 20438ms (cache miss)
3209 http fetch GET 200 https://registry.npmjs.org/unimodules-app-loader/-/unimodules-app-loader-6.0.8.tgz 20426ms (cache miss)
3210 http fetch GET 200 https://registry.npmjs.org/typed-array-byte-offset/-/typed-array-byte-offset-1.0.4.tgz 20526ms (cache miss)
3211 http fetch GET 200 https://registry.npmjs.org/supports-color/-/supports-color-7.2.0.tgz 20442ms (cache miss)
3212 http fetch GET 200 https://registry.npmjs.org/string.prototype.trim/-/string.prototype.trim-1.2.10.tgz 20423ms (cache miss)
3213 http fetch GET 200 https://registry.npmjs.org/type-fest/-/type-fest-0.7.1.tgz 20431ms (cache miss)
3214 http fetch GET 200 https://registry.npmjs.org/string.prototype.matchall/-/string.prototype.matchall-4.0.12.tgz 20433ms (cache miss)
3215 http fetch GET 200 https://registry.npmjs.org/unicode-match-property-ecmascript/-/unicode-match-property-ecmascript-2.0.0.tgz 20506ms (cache miss)
3216 http fetch GET 200 https://registry.npmjs.org/uri-js/-/uri-js-4.4.1.tgz 20680ms (cache miss)
3217 http fetch GET 200 https://registry.npmjs.org/string.prototype.repeat/-/string.prototype.repeat-1.0.0.tgz 20415ms (cache miss)
3218 http fetch GET 200 https://registry.npmjs.org/test-exclude/-/test-exclude-6.0.0.tgz 20442ms (cache miss)
3219 http fetch GET 200 https://registry.npmjs.org/split-on-first/-/split-on-first-1.1.0.tgz 20380ms (cache miss)
3220 http fetch GET 200 https://registry.npmjs.org/stacktrace-parser/-/stacktrace-parser-0.1.11.tgz 20391ms (cache miss)
3221 http fetch GET 200 https://registry.npmjs.org/stop-iteration-iterator/-/stop-iteration-iterator-1.1.0.tgz 20389ms (cache miss)
3222 http fetch GET 200 https://registry.npmjs.org/stack-utils/-/stack-utils-2.0.6.tgz 20372ms (cache miss)
3223 http fetch GET 200 https://registry.npmjs.org/string-width/-/string-width-4.2.3.tgz 20426ms (cache miss)
3224 http fetch GET 200 https://registry.npmjs.org/stackframe/-/stackframe-1.3.4.tgz 20370ms (cache miss)
3225 http fetch GET 200 https://registry.npmjs.org/tsconfig-paths/-/tsconfig-paths-3.15.0.tgz 20590ms (cache miss)
3226 http fetch GET 200 https://registry.npmjs.org/side-channel-map/-/side-channel-map-1.0.1.tgz 20419ms (cache miss)
3227 http fetch GET 200 https://registry.npmjs.org/sprintf-js/-/sprintf-js-1.0.3.tgz 20444ms (cache miss)
3228 http fetch GET 200 https://registry.npmjs.org/simple-plist/-/simple-plist-1.3.1.tgz 20430ms (cache miss)
3229 http fetch GET 200 https://registry.npmjs.org/simple-swizzle/-/simple-swizzle-0.2.4.tgz 20421ms (cache miss)
3230 http fetch GET 200 https://registry.npmjs.org/slash/-/slash-3.0.0.tgz 20417ms (cache miss)
3231 http fetch GET 200 https://registry.npmjs.org/side-channel/-/side-channel-1.1.0.tgz 20414ms (cache miss)
3232 http fetch GET 200 https://registry.npmjs.org/to-regex-range/-/to-regex-range-5.0.1.tgz 20608ms (cache miss)
3233 http fetch GET 200 https://registry.npmjs.org/side-channel-list/-/side-channel-list-1.0.1.tgz 20383ms (cache miss)
3234 http fetch GET 200 https://registry.npmjs.org/sf-symbols-typescript/-/sf-symbols-typescript-2.2.0.tgz 20397ms (cache miss)
3235 http fetch GET 200 https://registry.npmjs.org/signal-exit/-/signal-exit-3.0.7.tgz 20389ms (cache miss)
3236 http fetch GET 200 https://registry.npmjs.org/shebang-regex/-/shebang-regex-3.0.0.tgz 20381ms (cache miss)
3237 http fetch GET 200 https://registry.npmjs.org/shebang-command/-/shebang-command-2.0.0.tgz 20365ms (cache miss)
3238 http fetch GET 200 https://registry.npmjs.org/setprototypeof/-/setprototypeof-1.2.0.tgz 20355ms (cache miss)
3239 http fetch GET 200 https://registry.npmjs.org/slugify/-/slugify-1.6.9.tgz 20398ms (cache miss)
3240 http fetch GET 200 https://registry.npmjs.org/web-vitals/-/web-vitals-4.2.4.tgz 20728ms (cache miss)
3241 http fetch GET 200 https://registry.npmjs.org/statuses/-/statuses-1.5.0.tgz 20479ms (cache miss)
3242 http fetch GET 200 https://registry.npmjs.org/setimmediate/-/setimmediate-1.0.5.tgz 20376ms (cache miss)
3243 http fetch GET 200 https://registry.npmjs.org/source-map-support/-/source-map-support-0.5.21.tgz 20431ms (cache miss)
3244 http fetch GET 200 https://registry.npmjs.org/side-channel-weakmap/-/side-channel-weakmap-1.0.2.tgz 20426ms (cache miss)
3245 http fetch GET 200 https://registry.npmjs.org/shell-quote/-/shell-quote-1.8.3.tgz 20361ms (cache miss)
3246 http fetch GET 200 https://registry.npmjs.org/styleq/-/styleq-0.1.3.tgz 20361ms (cache miss)
3247 http fetch GET 200 https://registry.npmjs.org/set-function-length/-/set-function-length-1.2.2.tgz 20357ms (cache miss)
3248 http fetch GET 200 https://registry.npmjs.org/set-proto/-/set-proto-1.0.0.tgz 20355ms (cache miss)
3249 http fetch GET 200 https://registry.npmjs.org/set-function-name/-/set-function-name-2.0.2.tgz 20366ms (cache miss)
3250 http fetch GET 200 https://registry.npmjs.org/safe-regex-test/-/safe-regex-test-1.1.0.tgz 20369ms (cache miss)
3251 http fetch GET 200 https://registry.npmjs.org/stream-buffers/-/stream-buffers-2.2.0.tgz 20366ms (cache miss)
3252 http fetch GET 200 https://registry.npmjs.org/serialize-error/-/serialize-error-2.1.0.tgz 20367ms (cache miss)
3253 http fetch GET 200 https://registry.npmjs.org/stable-hash/-/stable-hash-0.0.5.tgz 20372ms (cache miss)
3254 http fetch GET 200 https://registry.npmjs.org/server-only/-/server-only-0.0.1.tgz 20378ms (cache miss)
3255 http fetch GET 200 https://registry.npmjs.org/resolve-pkg-maps/-/resolve-pkg-maps-1.0.0.tgz 20374ms (cache miss)
3256 http fetch GET 200 https://registry.npmjs.org/safe-buffer/-/safe-buffer-5.2.1.tgz 20377ms (cache miss)
3257 http fetch GET 200 https://registry.npmjs.org/safe-array-concat/-/safe-array-concat-1.1.4.tgz 20377ms (cache miss)
3258 http fetch GET 200 https://registry.npmjs.org/sax/-/sax-1.6.0.tgz 20383ms (cache miss)
3259 http fetch GET 200 https://registry.npmjs.org/serve-static/-/serve-static-1.16.3.tgz 20449ms (cache miss)
3260 http fetch GET 200 https://registry.npmjs.org/safe-push-apply/-/safe-push-apply-1.0.0.tgz 20456ms (cache miss)
3261 http fetch GET 200 https://registry.npmjs.org/resolve-workspace-root/-/resolve-workspace-root-2.0.1.tgz 20448ms (cache miss)
3262 http fetch GET 200 https://registry.npmjs.org/resolve-from/-/resolve-from-5.0.0.tgz 20433ms (cache miss)
3263 http fetch GET 200 https://registry.npmjs.org/rimraf/-/rimraf-3.0.2.tgz 20446ms (cache miss)
3264 http fetch GET 200 https://registry.npmjs.org/regjsgen/-/regjsgen-0.8.0.tgz 20449ms (cache miss)
3265 http fetch GET 200 https://registry.npmjs.org/require-from-string/-/require-from-string-2.0.2.tgz 20452ms (cache miss)
3266 http fetch GET 200 https://registry.npmjs.org/semver/-/semver-6.3.1.tgz 20435ms (cache miss)
3267 http fetch GET 200 https://registry.npmjs.org/shallowequal/-/shallowequal-1.1.0.tgz 20425ms (cache miss)
3268 http fetch GET 200 https://registry.npmjs.org/responselike/-/responselike-2.0.1.tgz 20446ms (cache miss)
3269 http fetch GET 200 https://registry.npmjs.org/resolve-alpn/-/resolve-alpn-1.2.1.tgz 20423ms (cache miss)
3270 http fetch GET 200 https://registry.npmjs.org/source-map/-/source-map-0.5.7.tgz 20570ms (cache miss)
3271 http fetch GET 200 https://registry.npmjs.org/reflect.getprototypeof/-/reflect.getprototypeof-1.0.10.tgz 20426ms (cache miss)
3272 http fetch GET 200 https://registry.npmjs.org/regenerate/-/regenerate-1.4.2.tgz 20440ms (cache miss)
3273 http fetch GET 200 https://registry.npmjs.org/regjsparser/-/regjsparser-0.13.1.tgz 20455ms (cache miss)
3274 http fetch GET 200 https://registry.npmjs.org/react-remove-scroll-bar/-/react-remove-scroll-bar-2.3.8.tgz 20432ms (cache miss)
3275 http fetch GET 200 https://registry.npmjs.org/use-sync-external-store/-/use-sync-external-store-1.6.0.tgz 20414ms (cache miss)
3276 http fetch GET 200 https://registry.npmjs.org/require-directory/-/require-directory-2.1.1.tgz 20395ms (cache miss)
3277 http fetch GET 200 https://registry.npmjs.org/regenerator-runtime/-/regenerator-runtime-0.13.11.tgz 20411ms (cache miss)
3278 http fetch GET 200 https://registry.npmjs.org/react-style-singleton/-/react-style-singleton-2.2.3.tgz 20421ms (cache miss)
3279 http fetch GET 200 https://registry.npmjs.org/react-native-maps-directions/-/react-native-maps-directions-1.9.0.tgz 20428ms (cache miss)
3280 http fetch GET 200 https://registry.npmjs.org/send/-/send-0.19.2.tgz 20518ms (cache miss)
3281 http fetch GET 200 https://registry.npmjs.org/regexpu-core/-/regexpu-core-6.4.0.tgz 20473ms (cache miss)
3282 http fetch GET 200 https://registry.npmjs.org/react-fast-compare/-/react-fast-compare-3.2.2.tgz 20419ms (cache miss)
3283 http fetch GET 200 https://registry.npmjs.org/react-native-google-places-autocomplete/-/react-native-google-places-autocomplete-2.6.4.tgz 20421ms (cache miss)
3284 http fetch GET 200 https://registry.npmjs.org/react-native-is-edge-to-edge/-/react-native-is-edge-to-edge-1.3.1.tgz 20415ms (cache miss)
3285 http fetch GET 200 https://registry.npmjs.org/regexp.prototype.flags/-/regexp.prototype.flags-1.5.4.tgz 20447ms (cache miss)
3286 http fetch GET 200 https://registry.npmjs.org/react-native-uuid/-/react-native-uuid-2.0.4.tgz 20441ms (cache miss)
3287 http fetch GET 200 https://registry.npmjs.org/react-remove-scroll/-/react-remove-scroll-2.7.2.tgz 20445ms (cache miss)
3288 http fetch GET 200 https://registry.npmjs.org/punycode/-/punycode-2.3.1.tgz 20421ms (cache miss)
3289 http fetch GET 200 https://registry.npmjs.org/quick-lru/-/quick-lru-5.1.1.tgz 20425ms (cache miss)
3290 http fetch GET 200 https://registry.npmjs.org/range-parser/-/range-parser-1.2.1.tgz 20424ms (cache miss)
3291 http fetch GET 200 https://registry.npmjs.org/queue/-/queue-6.0.2.tgz 20441ms (cache miss)
3292 http fetch GET 200 https://registry.npmjs.org/query-string/-/query-string-7.1.3.tgz 20421ms (cache miss)
3293 http fetch GET 200 https://registry.npmjs.org/pump/-/pump-3.0.4.tgz 20404ms (cache miss)
3294 http fetch GET 200 https://registry.npmjs.org/proxy-from-env/-/proxy-from-env-2.1.0.tgz 20425ms (cache miss)
3295 http fetch GET 200 https://registry.npmjs.org/prop-types/-/prop-types-15.8.1.tgz 20428ms (cache miss)
3296 http fetch GET 200 https://registry.npmjs.org/promise/-/promise-8.3.0.tgz 20443ms (cache miss)
3297 http fetch GET 200 https://registry.npmjs.org/postcss-value-parser/-/postcss-value-parser-4.2.0.tgz 20444ms (cache miss)
3298 http fetch GET 200 https://registry.npmjs.org/resolve/-/resolve-2.0.0-next.6.tgz 20613ms (cache miss)
3299 http fetch GET 200 https://registry.npmjs.org/path-parse/-/path-parse-1.0.7.tgz 20433ms (cache miss)
3300 http fetch GET 200 https://registry.npmjs.org/pirates/-/pirates-4.0.7.tgz 20484ms (cache miss)
3301 http fetch GET 200 https://registry.npmjs.org/sucrase/-/sucrase-3.35.1.tgz 20971ms (cache miss)
3302 http fetch GET 200 https://registry.npmjs.org/react-native-safe-area-context/-/react-native-safe-area-context-5.6.2.tgz 20619ms (cache miss)
3303 http fetch GET 200 https://registry.npmjs.org/regenerate-unicode-properties/-/regenerate-unicode-properties-10.2.2.tgz 20756ms (cache miss)
3304 http fetch GET 200 https://registry.npmjs.org/expo-modules-core/-/expo-modules-core-3.0.29.tgz 21770ms (cache miss)
3305 http fetch GET 200 https://registry.npmjs.org/pretty-format/-/pretty-format-29.7.0.tgz 20587ms (cache miss)
3306 http fetch GET 200 https://registry.npmjs.org/possible-typed-array-names/-/possible-typed-array-names-1.1.0.tgz 20600ms (cache miss)
3307 http fetch GET 200 https://registry.npmjs.org/picomatch/-/picomatch-4.0.4.tgz 20636ms (cache miss)
3308 http fetch GET 200 https://registry.npmjs.org/picocolors/-/picocolors-1.1.1.tgz 20604ms (cache miss)
3309 http fetch GET 200 https://registry.npmjs.org/parse-png/-/parse-png-2.1.0.tgz 20615ms (cache miss)
3310 http fetch GET 200 https://registry.npmjs.org/pngjs/-/pngjs-3.4.0.tgz 20648ms (cache miss)
3311 http fetch GET 200 https://registry.npmjs.org/react-native-worklets/-/react-native-worklets-0.5.1.tgz 20723ms (cache miss)
3312 http fetch GET 200 https://registry.npmjs.org/react-freeze/-/react-freeze-1.0.4.tgz 20679ms (cache miss)
3313 http fetch GET 200 https://registry.npmjs.org/qs/-/qs-6.15.1.tgz 20834ms (cache miss)
3314 http fetch GET 200 https://registry.npmjs.org/path-is-absolute/-/path-is-absolute-1.0.1.tgz 20711ms (cache miss)
3315 http fetch GET 200 https://registry.npmjs.org/path-exists/-/path-exists-4.0.0.tgz 20698ms (cache miss)
3316 http fetch GET 200 https://registry.npmjs.org/p-locate/-/p-locate-5.0.0.tgz 20705ms (cache miss)
3317 http fetch GET 200 https://registry.npmjs.org/terser/-/terser-5.46.2.tgz 21331ms (cache miss)
3318 http fetch GET 200 https://registry.npmjs.org/path-key/-/path-key-3.1.1.tgz 20853ms (cache miss)
3319 http fetch GET 200 https://registry.npmjs.org/parent-module/-/parent-module-1.0.1.tgz 20769ms (cache miss)
3320 http fetch GET 200 https://registry.npmjs.org/p-try/-/p-try-2.2.0.tgz 20763ms (cache miss)
3321 http fetch GET 200 https://registry.npmjs.org/parseurl/-/parseurl-1.3.3.tgz 20773ms (cache miss)
3322 http fetch GET 200 https://registry.npmjs.org/own-keys/-/own-keys-1.0.1.tgz 20775ms (cache miss)
3323 http fetch GET 200 https://registry.npmjs.org/optionator/-/optionator-0.9.4.tgz 20775ms (cache miss)
3324 http fetch GET 200 https://registry.npmjs.org/p-limit/-/p-limit-3.1.0.tgz 20771ms (cache miss)
3325 http fetch GET 200 https://registry.npmjs.org/@expo/cli/-/cli-54.0.23.tgz 22061ms (cache miss)
3326 http fetch GET 200 https://registry.npmjs.org/plist/-/plist-3.1.1.tgz 20954ms (cache miss)
3327 http fetch GET 200 https://registry.npmjs.org/on-finished/-/on-finished-2.3.0.tgz 20775ms (cache miss)
3328 http fetch GET 200 https://registry.npmjs.org/object.fromentries/-/object.fromentries-2.0.8.tgz 20786ms (cache miss)
3329 http fetch GET 200 https://registry.npmjs.org/prelude-ls/-/prelude-ls-1.2.1.tgz 20888ms (cache miss)
3330 http fetch GET 200 https://registry.npmjs.org/react-native-gesture-handler/-/react-native-gesture-handler-2.28.0.tgz 21143ms (cache miss)
3331 http fetch GET 200 https://registry.npmjs.org/react-native-maps/-/react-native-maps-1.20.1.tgz 20941ms (cache miss)
3332 http fetch GET 200 https://registry.npmjs.org/object-assign/-/object-assign-4.1.1.tgz 20885ms (cache miss)
3333 http fetch GET 200 https://registry.npmjs.org/react-native-svg/-/react-native-svg-15.12.1.tgz 21199ms (cache miss)
3334 http fetch GET 200 https://registry.npmjs.org/object-inspect/-/object-inspect-1.13.4.tgz 20949ms (cache miss)
3335 http fetch GET 200 https://registry.npmjs.org/open/-/open-7.4.2.tgz 20959ms (cache miss)
3336 http fetch GET 200 https://registry.npmjs.org/p-cancelable/-/p-cancelable-2.1.1.tgz 21012ms (cache miss)
3337 http fetch GET 200 https://registry.npmjs.org/node-int64/-/node-int64-0.4.0.tgz 20979ms (cache miss)
3338 http fetch GET 200 https://registry.npmjs.org/nth-check/-/nth-check-2.1.1.tgz 21003ms (cache miss)
3339 http fetch GET 200 https://registry.npmjs.org/once/-/once-1.4.0.tgz 21038ms (cache miss)
3340 http fetch GET 200 https://registry.npmjs.org/normalize-path/-/normalize-path-3.0.0.tgz 20990ms (cache miss)
3341 http fetch GET 200 https://registry.npmjs.org/object-keys/-/object-keys-1.1.1.tgz 21034ms (cache miss)
3342 http fetch GET 200 https://registry.npmjs.org/object.assign/-/object.assign-4.1.7.tgz 21087ms (cache miss)
3343 http fetch GET 200 https://registry.npmjs.org/natural-compare/-/natural-compare-1.4.0.tgz 21000ms (cache miss)
3344 http fetch GET 200 https://registry.npmjs.org/mz/-/mz-2.7.0.tgz 21022ms (cache miss)
3345 http fetch GET 200 https://registry.npmjs.org/negotiator/-/negotiator-0.6.3.tgz 21030ms (cache miss)
3346 http fetch GET 200 https://registry.npmjs.org/path-scurry/-/path-scurry-2.0.2.tgz 21203ms (cache miss)
3347 http fetch GET 200 https://registry.npmjs.org/object.groupby/-/object.groupby-1.0.3.tgz 21101ms (cache miss)
3348 http fetch GET 200 https://registry.npmjs.org/object-is/-/object-is-1.1.6.tgz 21100ms (cache miss)
3349 http fetch GET 200 https://registry.npmjs.org/node-releases/-/node-releases-2.0.38.tgz 21019ms (cache miss)
3350 http fetch GET 200 https://registry.npmjs.org/ms/-/ms-2.1.3.tgz 21018ms (cache miss)
3351 http fetch GET 200 https://registry.npmjs.org/node-exports-info/-/node-exports-info-1.6.0.tgz 21033ms (cache miss)
3352 http fetch GET 200 https://registry.npmjs.org/ob1/-/ob1-0.83.3.tgz 21022ms (cache miss)
3353 http fetch GET 200 https://registry.npmjs.org/object.values/-/object.values-1.2.1.tgz 21129ms (cache miss)
3354 http fetch GET 200 https://registry.npmjs.org/object.entries/-/object.entries-1.1.9.tgz 21138ms (cache miss)
3355 http fetch GET 200 https://registry.npmjs.org/mimic-response/-/mimic-response-1.0.1.tgz 21039ms (cache miss)
3356 http fetch GET 200 https://registry.npmjs.org/mkdirp/-/mkdirp-1.0.4.tgz 21041ms (cache miss)
3357 http fetch GET 200 https://registry.npmjs.org/napi-postinstall/-/napi-postinstall-0.3.4.tgz 21040ms (cache miss)
3358 http fetch GET 200 https://registry.npmjs.org/minimist/-/minimist-1.2.8.tgz 21048ms (cache miss)
3359 http fetch GET 200 https://registry.npmjs.org/nanoid/-/nanoid-3.3.12.tgz 21047ms (cache miss)
3360 http fetch GET 200 https://registry.npmjs.org/normalize-url/-/normalize-url-6.1.0.tgz 21059ms (cache miss)
3361 http fetch GET 200 https://registry.npmjs.org/mime/-/mime-1.6.0.tgz 21055ms (cache miss)
3362 http fetch GET 200 https://registry.npmjs.org/nullthrows/-/nullthrows-1.1.1.tgz 21050ms (cache miss)
3363 http fetch GET 200 https://registry.npmjs.org/mime-types/-/mime-types-2.1.35.tgz 21058ms (cache miss)
3364 http fetch GET 200 https://registry.npmjs.org/node-fetch/-/node-fetch-2.7.0.tgz 21093ms (cache miss)
3365 http fetch GET 200 https://registry.npmjs.org/merge-stream/-/merge-stream-2.0.0.tgz 21063ms (cache miss)
3366 http fetch GET 200 https://registry.npmjs.org/minimatch/-/minimatch-3.1.5.tgz 21066ms (cache miss)
3367 http fetch GET 200 https://registry.npmjs.org/makeerror/-/makeerror-1.0.12.tgz 21065ms (cache miss)
3368 http fetch GET 200 https://registry.npmjs.org/lowercase-keys/-/lowercase-keys-2.0.0.tgz 21066ms (cache miss)
3369 http fetch GET 200 https://registry.npmjs.org/merge-options/-/merge-options-3.0.4.tgz 21091ms (cache miss)
3370 http fetch GET 200 https://registry.npmjs.org/minipass/-/minipass-7.1.3.tgz 21112ms (cache miss)
3371 http fetch GET 200 https://registry.npmjs.org/metro-transform-plugins/-/metro-transform-plugins-0.83.3.tgz 21100ms (cache miss)
3372 http fetch GET 200 https://registry.npmjs.org/mime-db/-/mime-db-1.52.0.tgz 21135ms (cache miss)
3373 http fetch GET 200 https://registry.npmjs.org/math-intrinsics/-/math-intrinsics-1.1.0.tgz 21109ms (cache miss)
3374 http fetch GET 200 https://registry.npmjs.org/metro-transform-worker/-/metro-transform-worker-0.83.3.tgz 21108ms (cache miss)
3375 http fetch GET 200 https://registry.npmjs.org/metro-runtime/-/metro-runtime-0.83.3.tgz 21110ms (cache miss)
3376 http fetch GET 200 https://registry.npmjs.org/metro-cache-key/-/metro-cache-key-0.83.3.tgz 21114ms (cache miss)
3377 http fetch GET 200 https://registry.npmjs.org/metro-symbolicate/-/metro-symbolicate-0.83.3.tgz 21136ms (cache miss)
3378 http fetch GET 200 https://registry.npmjs.org/memoize-one/-/memoize-one-5.2.1.tgz 21122ms (cache miss)
3379 http fetch GET 200 https://registry.npmjs.org/marky/-/marky-1.3.0.tgz 21147ms (cache miss)
3380 http fetch GET 200 https://registry.npmjs.org/protobufjs/-/protobufjs-7.5.6.tgz 21537ms (cache miss)
3381 http fetch GET 200 https://registry.npmjs.org/lodash.camelcase/-/lodash.camelcase-4.3.0.tgz 21123ms (cache miss)
3382 http fetch GET 200 https://registry.npmjs.org/metro-resolver/-/metro-resolver-0.83.3.tgz 21136ms (cache miss)
3383 http fetch GET 200 https://registry.npmjs.org/long/-/long-5.3.2.tgz 21155ms (cache miss)
3384 http fetch GET 200 https://registry.npmjs.org/lodash.isequal/-/lodash.isequal-4.5.0.tgz 21136ms (cache miss)
3385 http fetch GET 200 https://registry.npmjs.org/loose-envify/-/loose-envify-1.4.0.tgz 21145ms (cache miss)
3386 http fetch GET 200 https://registry.npmjs.org/lodash.merge/-/lodash.merge-4.6.2.tgz 21145ms (cache miss)
3387 http fetch GET 200 https://registry.npmjs.org/micromatch/-/micromatch-4.0.8.tgz 21237ms (cache miss)
3388 http fetch GET 200 https://registry.npmjs.org/lodash.throttle/-/lodash.throttle-4.1.1.tgz 21150ms (cache miss)
3389 http fetch GET 200 https://registry.npmjs.org/levn/-/levn-0.4.1.tgz 21150ms (cache miss)
3390 http fetch GET 200 https://registry.npmjs.org/metro-cache/-/metro-cache-0.83.3.tgz 21162ms (cache miss)
3391 http fetch GET 200 https://registry.npmjs.org/lodash.debounce/-/lodash.debounce-4.0.8.tgz 21156ms (cache miss)
3392 http fetch GET 200 https://registry.npmjs.org/metro-source-map/-/metro-source-map-0.83.3.tgz 21174ms (cache miss)
3393 http fetch GET 200 https://registry.npmjs.org/locate-path/-/locate-path-6.0.0.tgz 21169ms (cache miss)
3394 http fetch GET 200 https://registry.npmjs.org/lines-and-columns/-/lines-and-columns-1.2.4.tgz 21158ms (cache miss)
3395 http fetch GET 200 https://registry.npmjs.org/metro-config/-/metro-config-0.83.3.tgz 21242ms (cache miss)
3396 http fetch GET 200 https://registry.npmjs.org/lru-cache/-/lru-cache-5.1.1.tgz 21229ms (cache miss)
3397 http fetch GET 200 https://registry.npmjs.org/lighthouse-logger/-/lighthouse-logger-1.4.2.tgz 21236ms (cache miss)
3398 http fetch GET 200 https://registry.npmjs.org/json-stable-stringify-without-jsonify/-/json-stable-stringify-without-jsonify-1.0.1.tgz 21225ms (cache miss)
3399 http fetch GET 200 https://registry.npmjs.org/js-tokens/-/js-tokens-4.0.0.tgz 21216ms (cache miss)
3400 http fetch GET 200 https://registry.npmjs.org/jsc-safe-url/-/jsc-safe-url-0.2.4.tgz 21215ms (cache miss)
3401 http fetch GET 200 https://registry.npmjs.org/keyv/-/keyv-4.5.4.tgz 21223ms (cache miss)
3402 http fetch GET 200 https://registry.npmjs.org/jsx-ast-utils/-/jsx-ast-utils-3.3.5.tgz 21226ms (cache miss)
3403 http fetch GET 200 https://registry.npmjs.org/json5/-/json5-2.2.3.tgz 21215ms (cache miss)
3404 http fetch GET 200 https://registry.npmjs.org/leven/-/leven-3.1.0.tgz 21287ms (cache miss)
3405 http fetch GET 200 https://registry.npmjs.org/iterator.prototype/-/iterator.prototype-1.1.5.tgz 21266ms (cache miss)
3406 http fetch GET 200 https://registry.npmjs.org/metro-minify-terser/-/metro-minify-terser-0.83.3.tgz 21255ms (cache miss)
3407 http fetch GET 200 https://registry.npmjs.org/json-schema-traverse/-/json-schema-traverse-0.4.1.tgz 21288ms (cache miss)
3408 http fetch GET 200 https://registry.npmjs.org/metro-babel-transformer/-/metro-babel-transformer-0.83.3.tgz 21258ms (cache miss)
3409 http fetch GET 200 https://registry.npmjs.org/json-buffer/-/json-buffer-3.0.1.tgz 21265ms (cache miss)
3410 http fetch GET 200 https://registry.npmjs.org/jsesc/-/jsesc-3.1.0.tgz 21283ms (cache miss)
3411 http fetch GET 200 https://registry.npmjs.org/metro-file-map/-/metro-file-map-0.83.3.tgz 21394ms (cache miss)
3412 http fetch GET 200 https://registry.npmjs.org/isexe/-/isexe-2.0.0.tgz 21233ms (cache miss)
3413 http fetch GET 200 https://registry.npmjs.org/mdn-data/-/mdn-data-2.0.14.tgz 21365ms (cache miss)
3414 http fetch GET 200 https://registry.npmjs.org/metro-core/-/metro-core-0.83.3.tgz 21251ms (cache miss)
3415 http fetch GET 200 https://registry.npmjs.org/isarray/-/isarray-2.0.5.tgz 21251ms (cache miss)
3416 http fetch GET 200 https://registry.npmjs.org/is-wsl/-/is-wsl-2.2.0.tgz 21240ms (cache miss)
3417 http fetch GET 200 https://registry.npmjs.org/jest-regex-util/-/jest-regex-util-29.6.3.tgz 21250ms (cache miss)
3418 http fetch GET 200 https://registry.npmjs.org/istanbul-lib-coverage/-/istanbul-lib-coverage-3.2.2.tgz 21273ms (cache miss)
3419 http fetch GET 200 https://registry.npmjs.org/istanbul-lib-instrument/-/istanbul-lib-instrument-5.2.1.tgz 21258ms (cache miss)
3420 http fetch GET 200 https://registry.npmjs.org/js-yaml/-/js-yaml-4.1.1.tgz 21327ms (cache miss)
3421 http fetch GET 200 https://registry.npmjs.org/is-string/-/is-string-1.1.1.tgz 21248ms (cache miss)
3422 http fetch GET 200 https://registry.npmjs.org/is-typed-array/-/is-typed-array-1.1.15.tgz 21256ms (cache miss)
3423 http fetch GET 200 https://registry.npmjs.org/is-weakmap/-/is-weakmap-2.0.2.tgz 21255ms (cache miss)
3424 http fetch GET 200 https://registry.npmjs.org/is-weakset/-/is-weakset-2.0.4.tgz 21253ms (cache miss)
3425 http fetch GET 200 https://registry.npmjs.org/jest-mock/-/jest-mock-29.7.0.tgz 21274ms (cache miss)
3426 http fetch GET 200 https://registry.npmjs.org/jest-message-util/-/jest-message-util-29.7.0.tgz 21277ms (cache miss)
3427 http fetch GET 200 https://registry.npmjs.org/jest-get-type/-/jest-get-type-29.6.3.tgz 21279ms (cache miss)
3428 http fetch GET 200 https://registry.npmjs.org/is-negative-zero/-/is-negative-zero-2.0.3.tgz 21270ms (cache miss)
3429 http fetch GET 200 https://registry.npmjs.org/is-number/-/is-number-7.0.0.tgz 21277ms (cache miss)
3430 http fetch GET 200 https://registry.npmjs.org/is-shared-array-buffer/-/is-shared-array-buffer-1.0.4.tgz 21280ms (cache miss)
3431 http fetch GET 200 https://registry.npmjs.org/jest-validate/-/jest-validate-29.7.0.tgz 21277ms (cache miss)
3432 http fetch GET 200 https://registry.npmjs.org/is-plain-obj/-/is-plain-obj-2.1.0.tgz 21272ms (cache miss)
3433 http fetch GET 200 https://registry.npmjs.org/is-weakref/-/is-weakref-1.1.1.tgz 21289ms (cache miss)
3434 http fetch GET 200 https://registry.npmjs.org/is-nan/-/is-nan-1.3.2.tgz 21299ms (cache miss)
3435 http fetch GET 200 https://registry.npmjs.org/is-glob/-/is-glob-4.0.3.tgz 21294ms (cache miss)
3436 http fetch GET 200 https://registry.npmjs.org/is-regex/-/is-regex-1.2.1.tgz 21293ms (cache miss)
3437 http fetch GET 200 https://registry.npmjs.org/is-symbol/-/is-symbol-1.1.1.tgz 21303ms (cache miss)
3438 http fetch GET 200 https://registry.npmjs.org/is-number-object/-/is-number-object-1.1.1.tgz 21307ms (cache miss)
3439 http fetch GET 200 https://registry.npmjs.org/is-map/-/is-map-2.0.3.tgz 21303ms (cache miss)
3440 http fetch GET 200 https://registry.npmjs.org/is-set/-/is-set-2.0.3.tgz 21306ms (cache miss)
3441 http fetch GET 200 https://registry.npmjs.org/jest-worker/-/jest-worker-29.7.0.tgz 21314ms (cache miss)
3442 http fetch GET 200 https://registry.npmjs.org/scheduler/-/scheduler-0.26.0.tgz 21314ms (cache miss)
3443 http fetch GET 200 https://registry.npmjs.org/jest-util/-/jest-util-29.7.0.tgz 21309ms (cache miss)
3444 http fetch GET 200 https://registry.npmjs.org/is-extglob/-/is-extglob-2.1.1.tgz 21322ms (cache miss)
3445 http fetch GET 200 https://registry.npmjs.org/is-date-object/-/is-date-object-1.1.0.tgz 21326ms (cache miss)
3446 http fetch GET 200 https://registry.npmjs.org/is-fullwidth-code-point/-/is-fullwidth-code-point-3.0.0.tgz 21316ms (cache miss)
3447 http fetch GET 200 https://registry.npmjs.org/is-finalizationregistry/-/is-finalizationregistry-1.1.1.tgz 21317ms (cache miss)
3448 http fetch GET 200 https://registry.npmjs.org/is-core-module/-/is-core-module-2.16.1.tgz 21313ms (cache miss)
3449 http fetch GET 200 https://registry.npmjs.org/invariant/-/invariant-2.2.4.tgz 21325ms (cache miss)
3450 http fetch GET 200 https://registry.npmjs.org/is-data-view/-/is-data-view-1.0.2.tgz 21323ms (cache miss)
3451 http fetch GET 200 https://registry.npmjs.org/jest-haste-map/-/jest-haste-map-29.7.0.tgz 21346ms (cache miss)
3452 http fetch GET 200 https://registry.npmjs.org/is-bun-module/-/is-bun-module-2.0.0.tgz 21329ms (cache miss)
3453 http fetch GET 200 https://registry.npmjs.org/is-arrayish/-/is-arrayish-0.3.4.tgz 21328ms (cache miss)
3454 http fetch GET 200 https://registry.npmjs.org/is-callable/-/is-callable-1.2.7.tgz 21342ms (cache miss)
3455 http fetch GET 200 https://registry.npmjs.org/is-docker/-/is-docker-2.2.1.tgz 21359ms (cache miss)
3456 http fetch GET 200 https://registry.npmjs.org/is-async-function/-/is-async-function-2.1.1.tgz 21346ms (cache miss)
3457 http fetch GET 200 https://registry.npmjs.org/is-generator-function/-/is-generator-function-1.1.2.tgz 21365ms (cache miss)
3458 http fetch GET 200 https://registry.npmjs.org/internal-slot/-/internal-slot-1.1.0.tgz 21350ms (cache miss)
3459 http fetch GET 200 https://registry.npmjs.org/imurmurhash/-/imurmurhash-0.1.4.tgz 21350ms (cache miss)
3460 http fetch GET 200 https://registry.npmjs.org/is-boolean-object/-/is-boolean-object-1.2.2.tgz 21357ms (cache miss)
3461 http fetch GET 200 https://registry.npmjs.org/inherits/-/inherits-2.0.4.tgz 21388ms (cache miss)
3462 http fetch GET 200 https://registry.npmjs.org/is-array-buffer/-/is-array-buffer-3.0.5.tgz 21386ms (cache miss)
3463 http fetch GET 200 https://registry.npmjs.org/inflight/-/inflight-1.0.6.tgz 21380ms (cache miss)
3464 http fetch GET 200 https://registry.npmjs.org/is-arguments/-/is-arguments-1.2.0.tgz 21386ms (cache miss)
3465 http fetch GET 200 https://registry.npmjs.org/is-bigint/-/is-bigint-1.1.0.tgz 21380ms (cache miss)
3466 http fetch GET 200 https://registry.npmjs.org/import-fresh/-/import-fresh-3.3.1.tgz 21376ms (cache miss)
3467 http fetch GET 200 https://registry.npmjs.org/react-native-screens/-/react-native-screens-4.16.0.tgz 21989ms (cache miss)
3468 http fetch GET 200 https://registry.npmjs.org/ieee754/-/ieee754-1.2.1.tgz 21375ms (cache miss)
3469 http fetch GET 200 https://registry.npmjs.org/metro/-/metro-0.83.3.tgz 21558ms (cache miss)
3470 http fetch GET 200 https://registry.npmjs.org/hoist-non-react-statics/-/hoist-non-react-statics-3.3.2.tgz 21377ms (cache miss)
3471 http fetch GET 200 https://registry.npmjs.org/https-proxy-agent/-/https-proxy-agent-7.0.6.tgz 21381ms (cache miss)
3472 http fetch GET 200 https://registry.npmjs.org/http-parser-js/-/http-parser-js-0.5.10.tgz 21380ms (cache miss)
3473 http fetch GET 200 https://registry.npmjs.org/hyphenate-style-name/-/hyphenate-style-name-1.1.0.tgz 21366ms (cache miss)
3474 http fetch GET 200 https://registry.npmjs.org/http-cache-semantics/-/http-cache-semantics-4.2.0.tgz 21407ms (cache miss)
3475 http fetch GET 200 https://registry.npmjs.org/has-property-descriptors/-/has-property-descriptors-1.0.2.tgz 21402ms (cache miss)
3476 http fetch GET 200 https://registry.npmjs.org/idb/-/idb-7.1.1.tgz 21408ms (cache miss)
3477 http fetch GET 200 https://registry.npmjs.org/has-tostringtag/-/has-tostringtag-1.0.2.tgz 21408ms (cache miss)
3478 http fetch GET 200 https://registry.npmjs.org/react-is/-/react-is-19.2.5.tgz 21389ms (cache miss)
3479 http fetch GET 200 https://registry.npmjs.org/ignore/-/ignore-5.3.2.tgz 21410ms (cache miss)
3480 http fetch GET 200 https://registry.npmjs.org/has-symbols/-/has-symbols-1.1.0.tgz 21385ms (cache miss)
3481 http fetch GET 200 https://registry.npmjs.org/has-bigints/-/has-bigints-1.1.0.tgz 21403ms (cache miss)
3482 http fetch GET 200 https://registry.npmjs.org/gopd/-/gopd-1.2.0.tgz 21361ms (cache miss)
3483 http fetch GET 200 https://registry.npmjs.org/image-size/-/image-size-1.2.1.tgz 21417ms (cache miss)
3484 http fetch GET 200 https://registry.npmjs.org/http2-wrapper/-/http2-wrapper-1.0.3.tgz 21430ms (cache miss)
3485 http fetch GET 200 https://registry.npmjs.org/has-proto/-/has-proto-1.2.0.tgz 21383ms (cache miss)
3486 http fetch GET 200 https://registry.npmjs.org/hasown/-/hasown-2.0.3.tgz 21360ms (cache miss)
3487 http fetch GET 200 https://registry.npmjs.org/react/-/react-19.1.0.tgz 21382ms (cache miss)
3488 http fetch GET 200 https://registry.npmjs.org/globalthis/-/globalthis-1.0.4.tgz 21365ms (cache miss)
3489 http fetch GET 200 https://registry.npmjs.org/http-errors/-/http-errors-2.0.1.tgz 21362ms (cache miss)
3490 http fetch GET 200 https://registry.npmjs.org/has-flag/-/has-flag-4.0.0.tgz 21369ms (cache miss)
3491 http fetch GET 200 https://registry.npmjs.org/react-refresh/-/react-refresh-0.14.2.tgz 21419ms (cache miss)
3492 http fetch GET 200 https://registry.npmjs.org/glob-parent/-/glob-parent-6.0.2.tgz 21369ms (cache miss)
3493 http fetch GET 200 https://registry.npmjs.org/get-symbol-description/-/get-symbol-description-1.1.0.tgz 21367ms (cache miss)
3494 http fetch GET 200 https://registry.npmjs.org/get-package-type/-/get-package-type-0.1.0.tgz 21370ms (cache miss)
3495 http fetch GET 200 https://registry.npmjs.org/jest-environment-node/-/jest-environment-node-29.7.0.tgz 21407ms (cache miss)
3496 http fetch GET 200 https://registry.npmjs.org/get-caller-file/-/get-caller-file-2.0.5.tgz 21412ms (cache miss)
3497 http fetch GET 200 https://registry.npmjs.org/graceful-fs/-/graceful-fs-4.2.11.tgz 21423ms (cache miss)
3498 http fetch GET 200 https://registry.npmjs.org/get-stream/-/get-stream-5.2.0.tgz 21423ms (cache miss)
3499 http fetch GET 200 https://registry.npmjs.org/get-proto/-/get-proto-1.0.1.tgz 21415ms (cache miss)
3500 http fetch GET 200 https://registry.npmjs.org/functions-have-names/-/functions-have-names-1.2.3.tgz 21410ms (cache miss)
3501 http fetch GET 200 https://registry.npmjs.org/generator-function/-/generator-function-2.0.1.tgz 21409ms (cache miss)
3502 http fetch GET 200 https://registry.npmjs.org/fs.realpath/-/fs.realpath-1.0.0.tgz 21406ms (cache miss)
3503 http fetch GET 200 https://registry.npmjs.org/globals/-/globals-14.0.0.tgz 21411ms (cache miss)
3504 http fetch GET 200 https://registry.npmjs.org/inline-style-prefixer/-/inline-style-prefixer-7.0.1.tgz 21422ms (cache miss)
3505 http fetch GET 200 https://registry.npmjs.org/for-each/-/for-each-0.3.5.tgz 21380ms (cache miss)
3506 http fetch GET 200 https://registry.npmjs.org/gensync/-/gensync-1.0.0-beta.2.tgz 21430ms (cache miss)
3507 http fetch GET 200 https://registry.npmjs.org/fresh/-/fresh-0.5.2.tgz 21423ms (cache miss)
3508 http fetch GET 200 https://registry.npmjs.org/react-native-web/-/react-native-web-0.21.2.tgz 22178ms (cache miss)
3509 http fetch GET 200 https://registry.npmjs.org/function-bind/-/function-bind-1.1.2.tgz 21452ms (cache miss)
3510 http fetch GET 200 https://registry.npmjs.org/function.prototype.name/-/function.prototype.name-1.1.8.tgz 21336ms (cache miss)
3511 http fetch GET 200 https://registry.npmjs.org/hermes-estree/-/hermes-estree-0.29.1.tgz 21381ms (cache miss)
3512 http fetch GET 200 https://registry.npmjs.org/flow-enums-runtime/-/flow-enums-runtime-0.0.6.tgz 21370ms (cache miss)
3513 http fetch GET 200 https://registry.npmjs.org/form-data/-/form-data-4.0.5.tgz 21373ms (cache miss)
3514 http fetch GET 200 https://registry.npmjs.org/jimp-compact/-/jimp-compact-0.16.1.tgz 21865ms (cache miss)
3515 http fetch GET 200 https://registry.npmjs.org/flatted/-/flatted-3.4.2.tgz 21375ms (cache miss)
3516 http fetch GET 200 https://registry.npmjs.org/getenv/-/getenv-2.0.0.tgz 21371ms (cache miss)
3517 http fetch GET 200 https://registry.npmjs.org/got/-/got-11.8.6.tgz 21397ms (cache miss)
3518 http fetch GET 200 https://registry.npmjs.org/flat-cache/-/flat-cache-4.0.1.tgz 21391ms (cache miss)
3519 http fetch GET 200 https://registry.npmjs.org/get-tsconfig/-/get-tsconfig-4.14.0.tgz 21542ms (cache miss)
3520 http fetch GET 200 https://registry.npmjs.org/filter-obj/-/filter-obj-1.1.0.tgz 21406ms (cache miss)
3521 http fetch GET 200 https://registry.npmjs.org/fill-range/-/fill-range-7.1.1.tgz 21407ms (cache miss)
3522 http fetch GET 200 https://registry.npmjs.org/fast-levenshtein/-/fast-levenshtein-2.0.6.tgz 21403ms (cache miss)
3523 http fetch GET 200 https://registry.npmjs.org/follow-redirects/-/follow-redirects-1.16.0.tgz 21412ms (cache miss)
3524 http fetch GET 200 https://registry.npmjs.org/file-entry-cache/-/file-entry-cache-8.0.0.tgz 21431ms (cache miss)
3525 http fetch GET 200 https://registry.npmjs.org/finalhandler/-/finalhandler-1.1.2.tgz 21437ms (cache miss)
3526 http fetch GET 200 https://registry.npmjs.org/fbjs-css-vars/-/fbjs-css-vars-1.0.2.tgz 21439ms (cache miss)
3527 http fetch GET 200 https://registry.npmjs.org/fb-watchman/-/fb-watchman-2.0.2.tgz 21436ms (cache miss)
3528 http fetch GET 200 https://registry.npmjs.org/get-nonce/-/get-nonce-1.0.1.tgz 21461ms (cache miss)
3529 http fetch GET 200 https://registry.npmjs.org/fdir/-/fdir-6.5.0.tgz 21463ms (cache miss)
3530 http fetch GET 200 https://registry.npmjs.org/faye-websocket/-/faye-websocket-0.11.4.tgz 21459ms (cache miss)
3531 http fetch GET 200 https://registry.npmjs.org/fast-deep-equal/-/fast-deep-equal-3.1.3.tgz 21490ms (cache miss)
3532 http fetch GET 200 https://registry.npmjs.org/glob/-/glob-13.0.6.tgz 21624ms (cache miss)
3533 http fetch GET 200 https://registry.npmjs.org/fast-uri/-/fast-uri-3.1.0.tgz 21506ms (cache miss)
3534 http fetch GET 200 https://registry.npmjs.org/fast-json-stable-stringify/-/fast-json-stable-stringify-2.1.0.tgz 21507ms (cache miss)
3535 http fetch GET 200 https://registry.npmjs.org/exponential-backoff/-/exponential-backoff-3.1.3.tgz 21502ms (cache miss)
3536 http fetch GET 200 https://registry.npmjs.org/find-up/-/find-up-5.0.0.tgz 21497ms (cache miss)
3537 http fetch GET 200 https://registry.npmjs.org/get-intrinsic/-/get-intrinsic-1.3.0.tgz 21510ms (cache miss)
3538 http fetch GET 200 https://registry.npmjs.org/expo-symbols/-/expo-symbols-1.0.8.tgz 21509ms (cache miss)
3539 http fetch GET 200 https://registry.npmjs.org/fontfaceobserver/-/fontfaceobserver-2.3.0.tgz 21547ms (cache miss)
3540 http fetch GET 200 https://registry.npmjs.org/expo-system-ui/-/expo-system-ui-6.0.9.tgz 21554ms (cache miss)
3541 http fetch GET 200 https://registry.npmjs.org/expo-image-loader/-/expo-image-loader-6.0.0.tgz 21595ms (cache miss)
3542 http fetch GET 200 https://registry.npmjs.org/expo-splash-screen/-/expo-splash-screen-31.0.13.tgz 21603ms (cache miss)
3543 http fetch GET 200 https://registry.npmjs.org/expo-updates-interface/-/expo-updates-interface-2.0.0.tgz 21631ms (cache miss)
3544 http fetch GET 200 https://registry.npmjs.org/expo-json-utils/-/expo-json-utils-0.15.0.tgz 21600ms (cache miss)
3545 http fetch GET 200 https://registry.npmjs.org/expo-status-bar/-/expo-status-bar-3.0.9.tgz 21640ms (cache miss)
3546 http fetch GET 200 https://registry.npmjs.org/expo-linear-gradient/-/expo-linear-gradient-15.0.8.tgz 21619ms (cache miss)
3547 http fetch GET 200 https://registry.npmjs.org/expo-build-properties/-/expo-build-properties-1.0.10.tgz 21645ms (cache miss)
3548 http fetch GET 200 https://registry.npmjs.org/expo-haptics/-/expo-haptics-15.0.8.tgz 21679ms (cache miss)
3549 http fetch GET 200 https://registry.npmjs.org/expo-linking/-/expo-linking-8.0.12.tgz 21709ms (cache miss)
3550 http fetch GET 200 https://registry.npmjs.org/etag/-/etag-1.8.1.tgz 21672ms (cache miss)
3551 http fetch GET 200 https://registry.npmjs.org/fbjs/-/fbjs-3.0.5.tgz 21787ms (cache miss)
3552 http fetch GET 200 https://registry.npmjs.org/expo-task-manager/-/expo-task-manager-14.0.9.tgz 21827ms (cache miss)
3553 http fetch GET 200 https://registry.npmjs.org/expo-server/-/expo-server-1.0.6.tgz 21702ms (cache miss)
3554 http fetch GET 200 https://registry.npmjs.org/expo-keep-awake/-/expo-keep-awake-15.0.8.tgz 21714ms (cache miss)
3555 http fetch GET 200 https://registry.npmjs.org/esrecurse/-/esrecurse-4.3.0.tgz 21746ms (cache miss)
3556 http fetch GET 200 https://registry.npmjs.org/event-target-shim/-/event-target-shim-5.0.1.tgz 21768ms (cache miss)
3557 http fetch GET 200 https://registry.npmjs.org/expo-dev-client/-/expo-dev-client-6.0.21.tgz 21778ms (cache miss)
3558 http fetch GET 200 https://registry.npmjs.org/estraverse/-/estraverse-5.3.0.tgz 21783ms (cache miss)
3559 http fetch GET 200 https://registry.npmjs.org/lightningcss-darwin-arm64/-/lightningcss-darwin-arm64-1.32.0.tgz 24250ms (cache miss)
3560 http fetch GET 200 https://registry.npmjs.org/expo-manifests/-/expo-manifests-1.0.11.tgz 21835ms (cache miss)
3561 http fetch GET 200 https://registry.npmjs.org/expo-font/-/expo-font-14.0.11.tgz 21918ms (cache miss)
3562 http fetch GET 200 https://registry.npmjs.org/esquery/-/esquery-1.7.0.tgz 21948ms (cache miss)
3563 http fetch GET 200 https://registry.npmjs.org/expo-constants/-/expo-constants-18.0.13.tgz 21865ms (cache miss)
3564 http fetch GET 200 https://registry.npmjs.org/esprima/-/esprima-4.0.1.tgz 21879ms (cache miss)
3565 http fetch GET 200 https://registry.npmjs.org/expo-web-browser/-/expo-web-browser-15.0.11.tgz 21992ms (cache miss)
3566 http fetch GET 200 https://registry.npmjs.org/espree/-/espree-10.4.0.tgz 21897ms (cache miss)
3567 http fetch GET 200 https://registry.npmjs.org/expo-notifications/-/expo-notifications-0.32.17.tgz 22204ms (cache miss)
3568 http fetch GET 200 https://registry.npmjs.org/hermes-parser/-/hermes-parser-0.29.1.tgz 22332ms (cache miss)
3569 http fetch GET 200 https://registry.npmjs.org/eslint-import-resolver-typescript/-/eslint-import-resolver-typescript-3.10.1.tgz 21803ms (cache miss)
3570 http fetch GET 200 https://registry.npmjs.org/expo-application/-/expo-application-7.0.8.tgz 21815ms (cache miss)
3571 http fetch GET 200 https://registry.npmjs.org/escape-string-regexp/-/escape-string-regexp-4.0.0.tgz 21815ms (cache miss)
3572 http fetch GET 200 https://registry.npmjs.org/esutils/-/esutils-2.0.3.tgz 21849ms (cache miss)
3573 http fetch GET 200 https://registry.npmjs.org/eslint-visitor-keys/-/eslint-visitor-keys-4.2.1.tgz 21859ms (cache miss)
3574 http fetch GET 200 https://registry.npmjs.org/escape-html/-/escape-html-1.0.3.tgz 21885ms (cache miss)
3575 http fetch GET 200 https://registry.npmjs.org/react-native-reanimated/-/react-native-reanimated-4.1.7.tgz 22609ms (cache miss)
3576 http fetch GET 200 https://registry.npmjs.org/eslint-scope/-/eslint-scope-8.4.0.tgz 21965ms (cache miss)
3577 http fetch GET 200 https://registry.npmjs.org/eslint-module-utils/-/eslint-module-utils-2.12.1.tgz 21993ms (cache miss)
3578 http fetch GET 200 https://registry.npmjs.org/es-shim-unscopables/-/es-shim-unscopables-1.1.0.tgz 22019ms (cache miss)
3579 http fetch GET 200 https://registry.npmjs.org/expo-location/-/expo-location-19.0.8.tgz 22037ms (cache miss)
3580 http fetch GET 200 https://registry.npmjs.org/eslint-config-expo/-/eslint-config-expo-10.0.0.tgz 22034ms (cache miss)
3581 http fetch GET 200 https://registry.npmjs.org/es-errors/-/es-errors-1.3.0.tgz 22031ms (cache miss)
3582 http fetch GET 200 https://registry.npmjs.org/es-object-atoms/-/es-object-atoms-1.1.1.tgz 22060ms (cache miss)
3583 http fetch GET 200 https://registry.npmjs.org/es-set-tostringtag/-/es-set-tostringtag-2.1.0.tgz 22075ms (cache miss)
3584 http fetch GET 200 https://registry.npmjs.org/es-to-primitive/-/es-to-primitive-1.3.0.tgz 22112ms (cache miss)
3585 http fetch GET 200 https://registry.npmjs.org/escalade/-/escalade-3.2.0.tgz 22113ms (cache miss)
3586 http fetch GET 200 https://registry.npmjs.org/eslint-import-resolver-node/-/eslint-import-resolver-node-0.3.10.tgz 22172ms (cache miss)
3587 http fetch GET 200 https://registry.npmjs.org/expo-dev-menu-interface/-/expo-dev-menu-interface-2.0.0.tgz 22174ms (cache miss)
3588 http fetch GET 200 https://registry.npmjs.org/encodeurl/-/encodeurl-1.0.2.tgz 22152ms (cache miss)
3589 http fetch GET 200 https://registry.npmjs.org/eslint-plugin-expo/-/eslint-plugin-expo-1.0.0.tgz 22156ms (cache miss)
3590 http fetch GET 200 https://registry.npmjs.org/entities/-/entities-4.5.0.tgz 22229ms (cache miss)
3591 http fetch GET 200 https://registry.npmjs.org/es-iterator-helpers/-/es-iterator-helpers-1.3.2.tgz 22205ms (cache miss)
3592 http fetch GET 200 https://registry.npmjs.org/end-of-stream/-/end-of-stream-1.4.5.tgz 22203ms (cache miss)
3593 http fetch GET 200 https://registry.npmjs.org/domhandler/-/domhandler-5.0.3.tgz 22232ms (cache miss)
3594 http fetch GET 200 https://registry.npmjs.org/emoji-regex/-/emoji-regex-8.0.0.tgz 22267ms (cache miss)
3595 http fetch GET 200 https://registry.npmjs.org/lucide-react-native/-/lucide-react-native-1.14.0.tgz 23373ms (cache miss)
3596 http fetch GET 200 https://registry.npmjs.org/dunder-proto/-/dunder-proto-1.0.1.tgz 22303ms (cache miss)
3597 http fetch GET 200 https://registry.npmjs.org/expo-dev-menu/-/expo-dev-menu-7.0.19.tgz 22623ms (cache miss)
3598 http fetch GET 200 https://registry.npmjs.org/dotenv-expand/-/dotenv-expand-11.0.7.tgz 22436ms (cache miss)
3599 http fetch GET 200 https://registry.npmjs.org/ee-first/-/ee-first-1.1.1.tgz 22454ms (cache miss)
3600 http fetch GET 200 https://registry.npmjs.org/es-define-property/-/es-define-property-1.0.1.tgz 22433ms (cache miss)
3601 http fetch GET 200 https://registry.npmjs.org/doctrine/-/doctrine-2.1.0.tgz 22455ms (cache miss)
3602 http fetch GET 200 https://registry.npmjs.org/depd/-/depd-2.0.0.tgz 22508ms (cache miss)
3603 http fetch GET 200 https://registry.npmjs.org/define-data-property/-/define-data-property-1.1.4.tgz 22517ms (cache miss)
3604 http fetch GET 200 https://registry.npmjs.org/error-stack-parser/-/error-stack-parser-2.1.4.tgz 22515ms (cache miss)
3605 http fetch GET 200 https://registry.npmjs.org/eslint-plugin-react-hooks/-/eslint-plugin-react-hooks-5.2.0.tgz 22603ms (cache miss)
3606 http fetch GET 200 https://registry.npmjs.org/dotenv/-/dotenv-16.4.7.tgz 22584ms (cache miss)
3607 http fetch GET 200 https://registry.npmjs.org/deep-is/-/deep-is-0.1.4.tgz 22518ms (cache miss)
3608 http fetch GET 200 https://registry.npmjs.org/defer-to-connect/-/defer-to-connect-2.0.1.tgz 22534ms (cache miss)
3609 http fetch GET 200 https://registry.npmjs.org/detect-node-es/-/detect-node-es-1.1.0.tgz 22549ms (cache miss)
3610 http fetch GET 200 https://registry.npmjs.org/define-properties/-/define-properties-1.2.1.tgz 22527ms (cache miss)
3611 http fetch GET 200 https://registry.npmjs.org/deepmerge/-/deepmerge-4.3.1.tgz 22525ms (cache miss)
3612 http fetch GET 200 https://registry.npmjs.org/delayed-stream/-/delayed-stream-1.0.0.tgz 22516ms (cache miss)
3613 http fetch GET 200 https://registry.npmjs.org/decode-uri-component/-/decode-uri-component-0.2.2.tgz 22511ms (cache miss)
3614 http fetch GET 200 https://registry.npmjs.org/decompress-response/-/decompress-response-6.0.0.tgz 22548ms (cache miss)
3615 http fetch GET 200 https://registry.npmjs.org/data-view-byte-length/-/data-view-byte-length-1.0.2.tgz 22521ms (cache miss)
3616 http fetch GET 200 https://registry.npmjs.org/debug/-/debug-4.4.3.tgz 22539ms (cache miss)
3617 http fetch GET 200 https://registry.npmjs.org/cross-spawn/-/cross-spawn-7.0.6.tgz 22597ms (cache miss)
3618 http fetch GET 200 https://registry.npmjs.org/css-what/-/css-what-6.2.2.tgz 22634ms (cache miss)
3619 http fetch GET 200 https://registry.npmjs.org/cross-fetch/-/cross-fetch-3.2.0.tgz 22767ms (cache miss)
3620 http fetch GET 200 https://registry.npmjs.org/dom-serializer/-/dom-serializer-2.0.0.tgz 22866ms (cache miss)
3621 http fetch GET 200 https://registry.npmjs.org/destroy/-/destroy-1.2.0.tgz 22863ms (cache miss)
3622 http fetch GET 200 https://registry.npmjs.org/concat-map/-/concat-map-0.0.1.tgz 22879ms (cache miss)
3623 http fetch GET 200 https://registry.npmjs.org/data-view-buffer/-/data-view-buffer-1.0.2.tgz 22881ms (cache miss)
3624 http fetch GET 200 https://registry.npmjs.org/domelementtype/-/domelementtype-2.3.0.tgz 22883ms (cache miss)
3625 http fetch GET 200 https://registry.npmjs.org/data-view-byte-offset/-/data-view-byte-offset-1.0.1.tgz 22891ms (cache miss)
3626 http fetch GET 200 https://registry.npmjs.org/eslint-plugin-import/-/eslint-plugin-import-2.32.0.tgz 23512ms (cache miss)
3627 http fetch GET 200 https://registry.npmjs.org/convert-source-map/-/convert-source-map-2.0.0.tgz 23186ms (cache miss)
3628 http fetch GET 200 https://registry.npmjs.org/color-convert/-/color-convert-2.0.1.tgz 23341ms (cache miss)
3629 http fetch GET 200 https://registry.npmjs.org/combined-stream/-/combined-stream-1.0.8.tgz 23347ms (cache miss)
3630 http fetch GET 200 https://registry.npmjs.org/connect/-/connect-3.7.0.tgz 23487ms (cache miss)
3631 http fetch GET 200 https://registry.npmjs.org/color-name/-/color-name-1.1.4.tgz 23677ms (cache miss)
3632 http fetch GET 200 https://registry.npmjs.org/callsites/-/callsites-3.1.0.tgz 23742ms (cache miss)
3633 http fetch GET 200 https://registry.npmjs.org/cliui/-/cliui-8.0.1.tgz 23749ms (cache miss)
3634 http fetch GET 200 https://registry.npmjs.org/call-bound/-/call-bound-1.0.4.tgz 23886ms (cache miss)
3635 http fetch GET 200 https://registry.npmjs.org/call-bind-apply-helpers/-/call-bind-apply-helpers-1.0.2.tgz 23889ms (cache miss)
3636 http fetch GET 200 https://registry.npmjs.org/color/-/color-4.2.3.tgz 23909ms (cache miss)
3637 http fetch GET 200 https://registry.npmjs.org/camelcase/-/camelcase-6.3.0.tgz 23913ms (cache miss)
3638 http fetch GET 200 https://registry.npmjs.org/chalk/-/chalk-4.1.2.tgz 23933ms (cache miss)
3639 http fetch GET 200 https://registry.npmjs.org/buffer-from/-/buffer-from-1.1.2.tgz 23878ms (cache miss)
3640 http fetch GET 200 https://registry.npmjs.org/brace-expansion/-/brace-expansion-1.1.14.tgz 23878ms (cache miss)
3641 http fetch GET 200 https://registry.npmjs.org/color-string/-/color-string-1.9.1.tgz 23937ms (cache miss)
3642 http fetch GET 200 https://registry.npmjs.org/chromium-edge-launcher/-/chromium-edge-launcher-0.2.0.tgz 23962ms (cache miss)
3643 http fetch GET 200 https://registry.npmjs.org/ci-info/-/ci-info-2.0.0.tgz 23903ms (cache miss)
3644 http fetch GET 200 https://registry.npmjs.org/cacheable-request/-/cacheable-request-7.0.4.tgz 23911ms (cache miss)
3645 http fetch GET 200 https://registry.npmjs.org/call-bind/-/call-bind-1.0.9.tgz 23925ms (cache miss)
3646 http fetch GET 200 https://registry.npmjs.org/bser/-/bser-2.1.1.tgz 23892ms (cache miss)
3647 http fetch GET 200 https://registry.npmjs.org/boolbase/-/boolbase-1.0.0.tgz 23885ms (cache miss)
3648 http fetch GET 200 https://registry.npmjs.org/react-dom/-/react-dom-19.1.0.tgz 25146ms (cache miss)
3649 http fetch GET 200 https://registry.npmjs.org/css-in-js-utils/-/css-in-js-utils-3.1.0.tgz 23935ms (cache miss)
3650 http fetch GET 200 https://registry.npmjs.org/buffer/-/buffer-5.7.1.tgz 23902ms (cache miss)
3651 http fetch GET 200 https://registry.npmjs.org/clone-response/-/clone-response-1.0.3.tgz 23891ms (cache miss)
3652 http fetch GET 200 https://registry.npmjs.org/cacheable-lookup/-/cacheable-lookup-5.0.4.tgz 23906ms (cache miss)
3653 http fetch GET 200 https://registry.npmjs.org/client-only/-/client-only-0.0.1.tgz 23851ms (cache miss)
3654 http fetch GET 200 https://registry.npmjs.org/braces/-/braces-3.0.3.tgz 23886ms (cache miss)
3655 http fetch GET 200 https://registry.npmjs.org/base64-js/-/base64-js-1.5.1.tgz 23871ms (cache miss)
3656 http fetch GET 200 https://registry.npmjs.org/balanced-match/-/balanced-match-1.0.2.tgz 23849ms (cache miss)
3657 http fetch GET 200 https://registry.npmjs.org/badgin/-/badgin-1.2.3.tgz 23853ms (cache miss)
3658 http fetch GET 200 https://registry.npmjs.org/babel-plugin-istanbul/-/babel-plugin-istanbul-6.1.1.tgz 23884ms (cache miss)
3659 http fetch GET 200 https://registry.npmjs.org/babel-plugin-transform-flow-enums/-/babel-plugin-transform-flow-enums-0.0.2.tgz 23906ms (cache miss)
3660 http fetch GET 200 https://registry.npmjs.org/baseline-browser-mapping/-/baseline-browser-mapping-2.10.27.tgz 23968ms (cache miss)
3661 http fetch GET 200 https://registry.npmjs.org/bplist-creator/-/bplist-creator-0.1.0.tgz 23936ms (cache miss)
3662 http fetch GET 200 https://registry.npmjs.org/async-function/-/async-function-1.0.0.tgz 23820ms (cache miss)
3663 http fetch GET 200 https://registry.npmjs.org/babel-preset-current-node-syntax/-/babel-preset-current-node-syntax-1.2.0.tgz 23903ms (cache miss)
3664 http fetch GET 200 https://registry.npmjs.org/babel-plugin-jest-hoist/-/babel-plugin-jest-hoist-29.6.3.tgz 23843ms (cache miss)
3665 http fetch GET 200 https://registry.npmjs.org/bplist-parser/-/bplist-parser-0.3.1.tgz 23879ms (cache miss)
3666 http fetch GET 200 https://registry.npmjs.org/available-typed-arrays/-/available-typed-arrays-1.0.7.tgz 23912ms (cache miss)
3667 http fetch GET 200 https://registry.npmjs.org/asap/-/asap-2.0.6.tgz 23885ms (cache miss)
3668 http fetch GET 200 https://registry.npmjs.org/babel-plugin-polyfill-regenerator/-/babel-plugin-polyfill-regenerator-0.6.8.tgz 23934ms (cache miss)
3669 http fetch GET 200 https://registry.npmjs.org/babel-plugin-syntax-hermes-parser/-/babel-plugin-syntax-hermes-parser-0.29.1.tgz 23933ms (cache miss)
3670 http fetch GET 200 https://registry.npmjs.org/browserslist/-/browserslist-4.28.2.tgz 23975ms (cache miss)
3671 http fetch GET 200 https://registry.npmjs.org/array.prototype.tosorted/-/array.prototype.tosorted-1.1.4.tgz 23854ms (cache miss)
3672 http fetch GET 200 https://registry.npmjs.org/aria-hidden/-/aria-hidden-1.2.6.tgz 23857ms (cache miss)
3673 http fetch GET 200 https://registry.npmjs.org/arraybuffer.prototype.slice/-/arraybuffer.prototype.slice-1.0.4.tgz 23859ms (cache miss)
3674 http fetch GET 200 https://registry.npmjs.org/array.prototype.flat/-/array.prototype.flat-1.3.3.tgz 23844ms (cache miss)
3675 http fetch GET 200 https://registry.npmjs.org/array-includes/-/array-includes-3.1.9.tgz 23822ms (cache miss)
3676 http fetch GET 200 https://registry.npmjs.org/async-limiter/-/async-limiter-1.0.1.tgz 23885ms (cache miss)
3677 http fetch GET 200 https://registry.npmjs.org/babel-preset-expo/-/babel-preset-expo-54.0.10.tgz 23932ms (cache miss)
3678 http fetch GET 200 https://registry.npmjs.org/babel-plugin-polyfill-corejs2/-/babel-plugin-polyfill-corejs2-0.4.17.tgz 23857ms (cache miss)
3679 http fetch GET 200 https://registry.npmjs.org/assert/-/assert-2.1.0.tgz 23890ms (cache miss)
3680 http fetch GET 200 https://registry.npmjs.org/core-js-compat/-/core-js-compat-3.49.0.tgz 24049ms (cache miss)
3681 http fetch GET 200 https://registry.npmjs.org/domutils/-/domutils-3.2.2.tgz 24389ms (cache miss)
3682 http fetch GET 200 https://registry.npmjs.org/array-buffer-byte-length/-/array-buffer-byte-length-1.0.2.tgz 23854ms (cache miss)
3683 http fetch GET 200 https://registry.npmjs.org/array.prototype.findlast/-/array.prototype.findlast-1.2.5.tgz 23883ms (cache miss)
3684 http fetch GET 200 https://registry.npmjs.org/babel-preset-jest/-/babel-preset-jest-29.6.3.tgz 23849ms (cache miss)
3685 http fetch GET 200 https://registry.npmjs.org/babel-plugin-polyfill-corejs3/-/babel-plugin-polyfill-corejs3-0.13.0.tgz 23900ms (cache miss)
3686 http fetch GET 200 https://registry.npmjs.org/babel-jest/-/babel-jest-29.7.0.tgz 23869ms (cache miss)
3687 http fetch GET 200 https://registry.npmjs.org/babel-plugin-react-native-web/-/babel-plugin-react-native-web-0.21.2.tgz 23864ms (cache miss)
3688 http fetch GET 200 https://registry.npmjs.org/any-promise/-/any-promise-1.3.0.tgz 23865ms (cache miss)
3689 http fetch GET 200 https://registry.npmjs.org/anymatch/-/anymatch-3.1.3.tgz 23869ms (cache miss)
3690 http fetch GET 200 https://registry.npmjs.org/ansi-regex/-/ansi-regex-5.0.1.tgz 23869ms (cache miss)
3691 http fetch GET 200 https://registry.npmjs.org/array.prototype.flatmap/-/array.prototype.flatmap-1.3.3.tgz 23836ms (cache miss)
3692 http fetch GET 200 https://registry.npmjs.org/big-integer/-/big-integer-1.6.52.tgz 23856ms (cache miss)
3693 http fetch GET 200 https://registry.npmjs.org/accepts/-/accepts-1.3.8.tgz 23847ms (cache miss)
3694 http fetch GET 200 https://registry.npmjs.org/asynckit/-/asynckit-0.4.0.tgz 23876ms (cache miss)
3695 http fetch GET 200 https://registry.npmjs.org/agent-base/-/agent-base-7.1.4.tgz 23865ms (cache miss)
3696 http fetch GET 200 https://registry.npmjs.org/ansi-styles/-/ansi-styles-4.3.0.tgz 23877ms (cache miss)
3697 http fetch GET 200 https://registry.npmjs.org/abort-controller/-/abort-controller-3.0.0.tgz 23862ms (cache miss)
3698 http fetch GET 200 https://registry.npmjs.org/acorn-jsx/-/acorn-jsx-5.3.2.tgz 23854ms (cache miss)
3699 http fetch GET 200 https://registry.npmjs.org/array.prototype.findlastindex/-/array.prototype.findlastindex-1.2.6.tgz 23925ms (cache miss)
3700 http fetch GET 200 https://registry.npmjs.org/argparse/-/argparse-2.0.1.tgz 24056ms (cache miss)
3701 http fetch GET 200 https://registry.npmjs.org/@typescript-eslint/tsconfig-utils/-/tsconfig-utils-8.59.1.tgz 23917ms (cache miss)
3702 http fetch GET 200 https://registry.npmjs.org/@types/yargs-parser/-/yargs-parser-21.0.3.tgz 23964ms (cache miss)
3703 http fetch GET 200 https://registry.npmjs.org/@ungap/structured-clone/-/structured-clone-1.3.0.tgz 24073ms (cache miss)
3704 http fetch GET 200 https://registry.npmjs.org/@types/responselike/-/responselike-1.0.3.tgz 24001ms (cache miss)
3705 http fetch GET 200 https://registry.npmjs.org/@xmldom/xmldom/-/xmldom-0.8.13.tgz 24137ms (cache miss)
3706 http fetch GET 200 https://registry.npmjs.org/anser/-/anser-1.4.10.tgz 24000ms (cache miss)
3707 http fetch GET 200 https://registry.npmjs.org/@types/istanbul-reports/-/istanbul-reports-3.0.4.tgz 23971ms (cache miss)
3708 http fetch GET 200 https://registry.npmjs.org/@types/keyv/-/keyv-3.1.4.tgz 23996ms (cache miss)
3709 http fetch GET 200 https://registry.npmjs.org/@types/json5/-/json5-0.0.29.tgz 24142ms (cache miss)
3710 http fetch GET 200 https://registry.npmjs.org/chrome-launcher/-/chrome-launcher-0.15.2.tgz 24727ms (cache miss)
3711 http fetch GET 200 https://registry.npmjs.org/@types/yargs/-/yargs-17.0.35.tgz 24208ms (cache miss)
3712 http fetch GET 200 https://registry.npmjs.org/@types/hammerjs/-/hammerjs-2.0.46.tgz 23939ms (cache miss)
3713 http fetch GET 200 https://registry.npmjs.org/@types/stack-utils/-/stack-utils-2.0.3.tgz 23841ms (cache miss)
3714 http fetch GET 200 https://registry.npmjs.org/electron-to-chromium/-/electron-to-chromium-1.5.349.tgz 24226ms (cache miss)
3715 http fetch GET 200 https://registry.npmjs.org/@types/json-schema/-/json-schema-7.0.15.tgz 24073ms (cache miss)
3716 http fetch GET 200 https://registry.npmjs.org/@types/istanbul-lib-report/-/istanbul-lib-report-3.0.3.tgz 24154ms (cache miss)
3717 http fetch GET 200 https://registry.npmjs.org/@types/istanbul-lib-coverage/-/istanbul-lib-coverage-2.0.6.tgz 24380ms (cache miss)
3718 http fetch GET 200 https://registry.npmjs.org/@types/geojson/-/geojson-7946.0.16.tgz 24565ms (cache miss)
3719 http fetch GET 200 https://registry.npmjs.org/@types/cacheable-request/-/cacheable-request-6.0.3.tgz 24567ms (cache miss)
3720 http fetch GET 200 https://registry.npmjs.org/@types/http-cache-semantics/-/http-cache-semantics-4.2.0.tgz 24623ms (cache miss)
3721 http fetch GET 200 https://registry.npmjs.org/@types/estree/-/estree-1.0.8.tgz 24683ms (cache miss)
3722 http fetch GET 200 https://registry.npmjs.org/@types/babel__generator/-/babel__generator-7.27.0.tgz 24635ms (cache miss)
3723 http fetch GET 200 https://registry.npmjs.org/csstype/-/csstype-3.2.3.tgz 25835ms (cache miss)
3724 http fetch GET 200 https://registry.npmjs.org/@types/babel__core/-/babel__core-7.20.5.tgz 24656ms (cache miss)
3725 http fetch GET 200 https://registry.npmjs.org/@types/graceful-fs/-/graceful-fs-4.1.9.tgz 24583ms (cache miss)
3726 http fetch GET 200 https://registry.npmjs.org/@sinonjs/fake-timers/-/fake-timers-10.3.0.tgz 24609ms (cache miss)
3727 http fetch GET 200 https://registry.npmjs.org/@szmarczak/http-timer/-/http-timer-4.0.6.tgz 24415ms (cache miss)
3728 http fetch GET 200 https://registry.npmjs.org/@sindresorhus/is/-/is-4.6.0.tgz 24094ms (cache miss)
3729 http fetch GET 200 https://registry.npmjs.org/@sinonjs/commons/-/commons-3.0.1.tgz 24305ms (cache miss)
3730 http fetch GET 200 https://registry.npmjs.org/@types/babel__traverse/-/babel__traverse-7.28.0.tgz 24046ms (cache miss)
3731 http fetch GET 200 https://registry.npmjs.org/@rtsao/scc/-/scc-1.1.0.tgz 24114ms (cache miss)
3732 http fetch GET 200 https://registry.npmjs.org/@typescript-eslint/parser/-/parser-8.59.1.tgz 24177ms (cache miss)
3733 http fetch GET 200 https://registry.npmjs.org/@types/babel__template/-/babel__template-7.4.4.tgz 24050ms (cache miss)
3734 http fetch GET 200 https://registry.npmjs.org/@typescript-eslint/type-utils/-/type-utils-8.59.1.tgz 23772ms (cache miss)
3735 http fetch GET 200 https://registry.npmjs.org/@typescript-eslint/utils/-/utils-8.59.1.tgz 23682ms (cache miss)
3736 http fetch GET 200 https://registry.npmjs.org/@typescript-eslint/project-service/-/project-service-8.59.1.tgz 23340ms (cache miss)
3737 http fetch GET 200 https://registry.npmjs.org/@sinclair/typebox/-/typebox-0.27.10.tgz 23861ms (cache miss)
3738 http fetch GET 200 https://registry.npmjs.org/@react-navigation/native/-/native-7.2.2.tgz 23613ms (cache miss)
3739 http fetch GET 200 https://registry.npmjs.org/@radix-ui/react-use-callback-ref/-/react-use-callback-ref-1.1.1.tgz 23054ms (cache miss)
3740 http fetch GET 200 https://registry.npmjs.org/@react-native/dev-middleware/-/dev-middleware-0.81.5.tgz 23161ms (cache miss)
3741 http fetch GET 200 https://registry.npmjs.org/@react-native/babel-plugin-codegen/-/babel-plugin-codegen-0.81.5.tgz 22781ms (cache miss)
3742 http fetch GET 200 https://registry.npmjs.org/@react-native/normalize-colors/-/normalize-colors-0.81.5.tgz 22799ms (cache miss)
3743 http fetch GET 200 https://registry.npmjs.org/@react-native/community-cli-plugin/-/community-cli-plugin-0.81.5.tgz 23320ms (cache miss)
3744 http fetch GET 200 https://registry.npmjs.org/@radix-ui/react-use-layout-effect/-/react-use-layout-effect-1.1.1.tgz 23046ms (cache miss)
3745 http fetch GET 200 https://registry.npmjs.org/@radix-ui/react-use-effect-event/-/react-use-effect-event-0.0.2.tgz 23016ms (cache miss)
3746 http fetch GET 200 https://registry.npmjs.org/@react-native/babel-preset/-/babel-preset-0.81.5.tgz 22808ms (cache miss)
3747 http fetch GET 200 https://registry.npmjs.org/@radix-ui/react-use-escape-keydown/-/react-use-escape-keydown-1.1.1.tgz 22898ms (cache miss)
3748 http fetch GET 200 https://registry.npmjs.org/@radix-ui/react-id/-/react-id-1.1.1.tgz 22866ms (cache miss)
3749 http fetch GET 200 https://registry.npmjs.org/@react-navigation/native-stack/-/native-stack-7.14.12.tgz 23515ms (cache miss)
3750 http fetch GET 200 https://registry.npmjs.org/@react-navigation/routers/-/routers-7.5.3.tgz 23342ms (cache miss)
3751 http fetch GET 200 https://registry.npmjs.org/@radix-ui/react-use-controllable-state/-/react-use-controllable-state-1.2.2.tgz 22797ms (cache miss)
3752 http fetch GET 200 https://registry.npmjs.org/@react-native/js-polyfills/-/js-polyfills-0.81.5.tgz 22843ms (cache miss)
3753 http fetch GET 200 https://registry.npmjs.org/@radix-ui/react-slot/-/react-slot-1.2.0.tgz 22836ms (cache miss)
3754 http fetch GET 200 https://registry.npmjs.org/@typescript-eslint/types/-/types-8.59.1.tgz 22847ms (cache miss)
3755 http fetch GET 200 https://registry.npmjs.org/@protobufjs/inquire/-/inquire-1.1.1.tgz 22739ms (cache miss)
3756 http fetch GET 200 https://registry.npmjs.org/@radix-ui/primitive/-/primitive-1.1.3.tgz 22679ms (cache miss)
3757 http fetch GET 200 https://registry.npmjs.org/@radix-ui/react-focus-guards/-/react-focus-guards-1.1.3.tgz 22784ms (cache miss)
3758 http fetch GET 200 https://registry.npmjs.org/@protobufjs/codegen/-/codegen-2.0.5.tgz 22677ms (cache miss)
3759 http fetch GET 200 https://registry.npmjs.org/@radix-ui/react-direction/-/react-direction-1.1.1.tgz 22762ms (cache miss)
3760 http fetch GET 200 https://registry.npmjs.org/@react-native-async-storage/async-storage/-/async-storage-2.2.0.tgz 23235ms (cache miss)
3761 http fetch GET 200 https://registry.npmjs.org/@protobufjs/utf8/-/utf8-1.1.1.tgz 22803ms (cache miss)
3762 http fetch GET 200 https://registry.npmjs.org/@protobufjs/float/-/float-1.0.2.tgz 22650ms (cache miss)
3763 http fetch GET 200 https://registry.npmjs.org/@protobufjs/pool/-/pool-1.1.0.tgz 22670ms (cache miss)
3764 http fetch GET 200 https://registry.npmjs.org/@radix-ui/react-context/-/react-context-1.1.2.tgz 22684ms (cache miss)
3765 http fetch GET 200 https://registry.npmjs.org/@protobufjs/fetch/-/fetch-1.1.0.tgz 22530ms (cache miss)
3766 http fetch GET 200 https://registry.npmjs.org/@protobufjs/aspromise/-/aspromise-1.1.2.tgz 22672ms (cache miss)
3767 http fetch GET 200 https://registry.npmjs.org/@jridgewell/resolve-uri/-/resolve-uri-3.1.2.tgz 22532ms (cache miss)
3768 http fetch GET 200 https://registry.npmjs.org/@jridgewell/trace-mapping/-/trace-mapping-0.3.31.tgz 22573ms (cache miss)
3769 http fetch GET 200 https://registry.npmjs.org/@jridgewell/source-map/-/source-map-0.3.11.tgz 22571ms (cache miss)
3770 http fetch GET 200 https://registry.npmjs.org/@protobufjs/base64/-/base64-1.1.2.tgz 22573ms (cache miss)
3771 http fetch GET 200 https://registry.npmjs.org/@jridgewell/remapping/-/remapping-2.3.5.tgz 22546ms (cache miss)
3772 http fetch GET 200 https://registry.npmjs.org/@jridgewell/sourcemap-codec/-/sourcemap-codec-1.5.5.tgz 22584ms (cache miss)
3773 http fetch GET 200 https://registry.npmjs.org/@istanbuljs/load-nyc-config/-/load-nyc-config-1.1.0.tgz 22480ms (cache miss)
3774 http fetch GET 200 https://registry.npmjs.org/@protobufjs/path/-/path-1.1.2.tgz 22544ms (cache miss)
3775 http fetch GET 200 https://registry.npmjs.org/@react-native/assets-registry/-/assets-registry-0.81.5.tgz 22519ms (cache miss)
3776 http fetch GET 200 https://registry.npmjs.org/@jest/schemas/-/schemas-29.6.3.tgz 22511ms (cache miss)
3777 http fetch GET 200 https://registry.npmjs.org/@typescript-eslint/typescript-estree/-/typescript-estree-8.59.1.tgz 22718ms (cache miss)
3778 http fetch GET 200 https://registry.npmjs.org/@jridgewell/gen-mapping/-/gen-mapping-0.3.13.tgz 22697ms (cache miss)
3779 http fetch GET 200 https://registry.npmjs.org/@jest/transform/-/transform-29.7.0.tgz 22635ms (cache miss)
3780 http fetch GET 200 https://registry.npmjs.org/@istanbuljs/schema/-/schema-0.1.6.tgz 22587ms (cache miss)
3781 http fetch GET 200 https://registry.npmjs.org/@isaacs/ttlcache/-/ttlcache-1.4.1.tgz 22586ms (cache miss)
3782 http fetch GET 200 https://registry.npmjs.org/acorn/-/acorn-8.16.0.tgz 25856ms (cache miss)
3783 http fetch GET 200 https://registry.npmjs.org/@humanwhocodes/retry/-/retry-0.4.3.tgz 22645ms (cache miss)
3784 http fetch GET 200 https://registry.npmjs.org/@jest/environment/-/environment-29.7.0.tgz 22663ms (cache miss)
3785 http fetch GET 200 https://registry.npmjs.org/@nolyfill/is-core-module/-/is-core-module-1.0.39.tgz 22632ms (cache miss)
3786 http fetch GET 200 https://registry.npmjs.org/@humanwhocodes/module-importer/-/module-importer-1.0.1.tgz 22561ms (cache miss)
3787 http fetch GET 200 https://registry.npmjs.org/@humanfs/core/-/core-0.19.2.tgz 22654ms (cache miss)
3788 http fetch GET 200 https://registry.npmjs.org/@humanfs/types/-/types-0.15.0.tgz 22670ms (cache miss)
3789 http fetch GET 200 https://registry.npmjs.org/@jest/create-cache-key-function/-/create-cache-key-function-29.7.0.tgz 22578ms (cache miss)
3790 http fetch GET 200 https://registry.npmjs.org/@protobufjs/eventemitter/-/eventemitter-1.1.0.tgz 22818ms (cache miss)
3791 http fetch GET 200 https://registry.npmjs.org/@jest/types/-/types-29.6.3.tgz 22692ms (cache miss)
3792 http fetch GET 200 https://registry.npmjs.org/@grpc/proto-loader/-/proto-loader-0.7.15.tgz 22652ms (cache miss)
3793 http fetch GET 200 https://registry.npmjs.org/expo-image-picker/-/expo-image-picker-17.0.11.tgz 27353ms (cache miss)
3794 http fetch GET 200 https://registry.npmjs.org/@ide/backoff/-/backoff-1.0.0.tgz 22062ms (cache miss)
3795 http fetch GET 200 https://registry.npmjs.org/@jest/fake-timers/-/fake-timers-29.7.0.tgz 22465ms (cache miss)
3796 http fetch GET 200 https://registry.npmjs.org/@firebase/messaging-interop-types/-/messaging-interop-types-0.2.3.tgz 20506ms (cache miss)
3797 http fetch GET 200 https://registry.npmjs.org/@firebase/storage-compat/-/storage-compat-0.4.2.tgz 21116ms (cache miss)
3798 http fetch GET 200 https://registry.npmjs.org/@humanfs/node/-/node-0.16.8.tgz 22713ms (cache miss)
3799 http fetch GET 200 https://registry.npmjs.org/@firebase/installations-compat/-/installations-compat-0.2.21.tgz 18827ms (cache miss)
3800 http fetch GET 200 https://registry.npmjs.org/@types/react/-/react-19.1.17.tgz 24810ms (cache miss)
3801 http fetch GET 200 https://registry.npmjs.org/@firebase/functions-compat/-/functions-compat-0.4.3.tgz 18295ms (cache miss)
3802 http fetch GET 200 https://registry.npmjs.org/@firebase/remote-config-types/-/remote-config-types-0.5.0.tgz 21336ms (cache miss)
3803 http fetch GET 200 https://registry.npmjs.org/@firebase/remote-config-compat/-/remote-config-compat-0.2.23.tgz 20899ms (cache miss)
3804 http fetch GET 200 https://registry.npmjs.org/@firebase/installations-types/-/installations-types-0.5.3.tgz 19276ms (cache miss)
3805 http fetch GET 200 https://registry.npmjs.org/@radix-ui/react-compose-refs/-/react-compose-refs-1.1.2.tgz 17849ms (cache miss)
3806 http fetch GET 200 https://registry.npmjs.org/@firebase/storage-types/-/storage-types-0.8.3.tgz 17277ms (cache miss)
3807 http fetch GET 200 https://registry.npmjs.org/@firebase/messaging-compat/-/messaging-compat-0.2.25.tgz 18434ms (cache miss)
3808 http fetch GET 200 https://registry.npmjs.org/@firebase/performance-compat/-/performance-compat-0.2.24.tgz 18336ms (cache miss)
3809 http fetch GET 200 https://registry.npmjs.org/@firebase/functions-types/-/functions-types-0.6.3.tgz 18078ms (cache miss)
3810 http fetch GET 200 https://registry.npmjs.org/expo-file-system/-/expo-file-system-19.0.22.tgz 27683ms (cache miss)
3811 http fetch GET 200 https://registry.npmjs.org/@firebase/logger/-/logger-0.5.0.tgz 17930ms (cache miss)
3812 http fetch GET 200 https://registry.npmjs.org/@firebase/firestore-types/-/firestore-types-3.0.3.tgz 17212ms (cache miss)
3813 http fetch GET 200 https://registry.npmjs.org/@firebase/app-check-interop-types/-/app-check-interop-types-0.3.3.tgz 16272ms (cache miss)
3814 http fetch GET 200 https://registry.npmjs.org/@firebase/app-compat/-/app-compat-0.5.11.tgz 16318ms (cache miss)
3815 http fetch GET 200 https://registry.npmjs.org/@firebase/component/-/component-0.7.2.tgz 17202ms (cache miss)
3816 http fetch GET 200 https://registry.npmjs.org/@firebase/performance-types/-/performance-types-0.2.3.tgz 16121ms (cache miss)
3817 http fetch GET 200 https://registry.npmjs.org/css-select/-/css-select-5.2.2.tgz 27113ms (cache miss)
3818 http fetch GET 200 https://registry.npmjs.org/@expo/sdk-runtime-versions/-/sdk-runtime-versions-1.0.0.tgz 14408ms (cache miss)
3819 http fetch GET 200 https://registry.npmjs.org/@expo/spawn-async/-/spawn-async-1.7.2.tgz 14259ms (cache miss)
3820 http fetch GET 200 https://registry.npmjs.org/@typescript-eslint/visitor-keys/-/visitor-keys-8.59.1.tgz 14291ms (cache miss)
3821 http fetch GET 200 https://registry.npmjs.org/@firebase/app-check-types/-/app-check-types-0.5.3.tgz 15241ms (cache miss)
3822 http fetch GET 200 https://registry.npmjs.org/@firebase/app-check-compat/-/app-check-compat-0.4.2.tgz 14635ms (cache miss)
3823 http fetch GET 200 https://registry.npmjs.org/@expo/schema-utils/-/schema-utils-0.1.8.tgz 14341ms (cache miss)
3824 http fetch GET 200 https://registry.npmjs.org/@expo/plist/-/plist-0.4.8.tgz 14180ms (cache miss)
3825 http fetch GET 200 https://registry.npmjs.org/@expo/ngrok-bin/-/ngrok-bin-2.3.42.tgz 13859ms (cache miss)
3826 http fetch GET 200 https://registry.npmjs.org/@firebase/analytics-types/-/analytics-types-0.8.3.tgz 13971ms (cache miss)
3827 http fetch GET 200 https://registry.npmjs.org/@expo/ngrok/-/ngrok-4.1.3.tgz 13872ms (cache miss)
3828 http fetch GET 200 https://registry.npmjs.org/@expo/devtools/-/devtools-0.1.8.tgz 13884ms (cache miss)
3829 http fetch GET 200 https://registry.npmjs.org/@expo/env/-/env-2.0.11.tgz 13767ms (cache miss)
3830 http fetch GET 200 https://registry.npmjs.org/@eslint/js/-/js-9.39.4.tgz 13765ms (cache miss)
3831 http fetch GET 200 https://registry.npmjs.org/@expo/require-utils/-/require-utils-55.0.4.tgz 14279ms (cache miss)
3832 http fetch GET 200 https://registry.npmjs.org/@firebase/app-types/-/app-types-0.9.4.tgz 14674ms (cache miss)
3833 http fetch GET 200 https://registry.npmjs.org/@firebase/performance/-/performance-0.7.11.tgz 21910ms (cache miss)
3834 http fetch GET 200 https://registry.npmjs.org/@expo/image-utils/-/image-utils-0.8.13.tgz 13706ms (cache miss)
3835 http fetch GET 200 https://registry.npmjs.org/@eslint/object-schema/-/object-schema-2.1.7.tgz 13716ms (cache miss)
3836 http fetch GET 200 https://registry.npmjs.org/@expo/config-types/-/config-types-54.0.10.tgz 13701ms (cache miss)
3837 http fetch GET 200 https://registry.npmjs.org/@firebase/remote-config/-/remote-config-0.8.2.tgz 20983ms (cache miss)
3838 http fetch GET 200 https://registry.npmjs.org/@expo/metro-runtime/-/metro-runtime-6.1.2.tgz 14076ms (cache miss)
3839 http fetch GET 200 https://registry.npmjs.org/@eslint/config-array/-/config-array-0.21.2.tgz 13790ms (cache miss)
3840 http fetch GET 200 https://registry.npmjs.org/@eslint/core/-/core-0.17.0.tgz 14015ms (cache miss)
3841 http fetch GET 200 https://registry.npmjs.org/@eslint/config-helpers/-/config-helpers-0.4.2.tgz 14043ms (cache miss)
3842 http fetch GET 200 https://registry.npmjs.org/@eslint/plugin-kit/-/plugin-kit-0.4.1.tgz 14059ms (cache miss)
3843 http fetch GET 200 https://registry.npmjs.org/expo-asset/-/expo-asset-12.0.13.tgz 27967ms (cache miss)
3844 http fetch GET 200 https://registry.npmjs.org/@firebase/auth-interop-types/-/auth-interop-types-0.2.4.tgz 14459ms (cache miss)
3845 http fetch GET 200 https://registry.npmjs.org/@unrs/resolver-binding-darwin-arm64/-/resolver-binding-darwin-arm64-1.11.1.tgz 27384ms (cache miss)
3846 http fetch GET 200 https://registry.npmjs.org/@firebase/app-check/-/app-check-0.11.2.tgz 15067ms (cache miss)
3847 http fetch GET 200 https://registry.npmjs.org/@expo/json-file/-/json-file-10.0.13.tgz 14435ms (cache miss)
3848 http fetch GET 200 https://registry.npmjs.org/@babel/plugin-transform-sticky-regex/-/plugin-transform-sticky-regex-7.27.1.tgz 14333ms (cache miss)
3849 http fetch GET 200 https://registry.npmjs.org/@expo/config/-/config-12.0.13.tgz 14354ms (cache miss)
3850 http fetch GET 200 https://registry.npmjs.org/@firebase/functions/-/functions-0.13.3.tgz 14529ms (cache miss)
3851 http fetch GET 200 https://registry.npmjs.org/@babel/preset-typescript/-/preset-typescript-7.28.5.tgz 14367ms (cache miss)
3852 http fetch GET 200 https://registry.npmjs.org/@babel/plugin-transform-unicode-regex/-/plugin-transform-unicode-regex-7.27.1.tgz 14353ms (cache miss)
3853 http fetch GET 200 https://registry.npmjs.org/@babel/plugin-transform-spread/-/plugin-transform-spread-7.28.6.tgz 14284ms (cache miss)
3854 http fetch GET 200 https://registry.npmjs.org/@babel/plugin-transform-typescript/-/plugin-transform-typescript-7.28.6.tgz 14353ms (cache miss)
3855 http fetch GET 200 https://registry.npmjs.org/@firebase/messaging/-/messaging-0.12.25.tgz 20582ms (cache miss)
3856 http fetch GET 200 https://registry.npmjs.org/@babel/runtime/-/runtime-7.29.2.tgz 14403ms (cache miss)
3857 http fetch GET 200 https://registry.npmjs.org/@babel/plugin-transform-react-jsx-self/-/plugin-transform-react-jsx-self-7.27.1.tgz 14269ms (cache miss)
3858 http fetch GET 200 https://registry.npmjs.org/@babel/plugin-transform-react-jsx/-/plugin-transform-react-jsx-7.28.6.tgz 14322ms (cache miss)
3859 http fetch GET 200 https://registry.npmjs.org/@babel/preset-react/-/preset-react-7.28.5.tgz 14234ms (cache miss)
3860 http fetch GET 200 https://registry.npmjs.org/@babel/plugin-transform-private-property-in-object/-/plugin-transform-private-property-in-object-7.28.6.tgz 14414ms (cache miss)
3861 http fetch GET 200 https://registry.npmjs.org/@babel/plugin-transform-react-jsx-development/-/plugin-transform-react-jsx-development-7.27.1.tgz 14303ms (cache miss)
3862 http fetch GET 200 https://registry.npmjs.org/@eslint-community/regexpp/-/regexpp-4.12.2.tgz 14656ms (cache miss)
3863 http fetch GET 200 https://registry.npmjs.org/@babel/plugin-transform-parameters/-/plugin-transform-parameters-7.27.7.tgz 14310ms (cache miss)
3864 http fetch GET 200 https://registry.npmjs.org/@babel/template/-/template-7.28.6.tgz 14434ms (cache miss)
3865 http fetch GET 200 https://registry.npmjs.org/@babel/plugin-transform-shorthand-properties/-/plugin-transform-shorthand-properties-7.27.1.tgz 14297ms (cache miss)
3866 http fetch GET 200 https://registry.npmjs.org/ajv/-/ajv-6.15.0.tgz 28024ms (cache miss)
3867 http fetch GET 200 https://registry.npmjs.org/@babel/plugin-transform-optional-chaining/-/plugin-transform-optional-chaining-7.28.6.tgz 14253ms (cache miss)
3868 http fetch GET 200 https://registry.npmjs.org/@babel/plugin-transform-template-literals/-/plugin-transform-template-literals-7.27.1.tgz 14277ms (cache miss)
3869 http fetch GET 200 https://registry.npmjs.org/@firebase/analytics/-/analytics-0.10.21.tgz 15016ms (cache miss)
3870 http fetch GET 200 https://registry.npmjs.org/@babel/plugin-transform-numeric-separator/-/plugin-transform-numeric-separator-7.28.6.tgz 14286ms (cache miss)
3871 http fetch GET 200 https://registry.npmjs.org/@babel/plugin-transform-optional-catch-binding/-/plugin-transform-optional-catch-binding-7.28.6.tgz 14359ms (cache miss)
3872 http fetch GET 200 https://registry.npmjs.org/@firebase/firestore-compat/-/firestore-compat-0.4.8.tgz 18850ms (cache miss)
3873 http fetch GET 200 https://registry.npmjs.org/@babel/plugin-transform-nullish-coalescing-operator/-/plugin-transform-nullish-coalescing-operator-7.28.6.tgz 14310ms (cache miss)
3874 http fetch GET 200 https://registry.npmjs.org/@babel/plugin-transform-react-jsx-source/-/plugin-transform-react-jsx-source-7.27.1.tgz 14371ms (cache miss)
3875 http fetch GET 200 https://registry.npmjs.org/@babel/plugin-transform-react-display-name/-/plugin-transform-react-display-name-7.28.0.tgz 14435ms (cache miss)
3876 http fetch GET 200 https://registry.npmjs.org/@babel/plugin-transform-react-pure-annotations/-/plugin-transform-react-pure-annotations-7.27.1.tgz 14523ms (cache miss)
3877 http fetch GET 200 https://registry.npmjs.org/@babel/plugin-transform-private-methods/-/plugin-transform-private-methods-7.28.6.tgz 14387ms (cache miss)
3878 http fetch GET 200 https://registry.npmjs.org/@firebase/installations/-/installations-0.6.21.tgz 17959ms (cache miss)
3879 http fetch GET 200 https://registry.npmjs.org/@babel/plugin-transform-flow-strip-types/-/plugin-transform-flow-strip-types-7.27.1.tgz 14352ms (cache miss)
3880 http fetch GET 200 https://registry.npmjs.org/@babel/plugin-transform-regenerator/-/plugin-transform-regenerator-7.29.0.tgz 14448ms (cache miss)
3881 http fetch GET 200 https://registry.npmjs.org/@babel/plugin-transform-object-rest-spread/-/plugin-transform-object-rest-spread-7.28.6.tgz 14490ms (cache miss)
3882 http fetch GET 200 https://registry.npmjs.org/@babel/plugin-transform-destructuring/-/plugin-transform-destructuring-7.28.5.tgz 14380ms (cache miss)
3883 http fetch GET 200 https://registry.npmjs.org/@eslint/eslintrc/-/eslintrc-3.3.5.tgz 15194ms (cache miss)
3884 http fetch GET 200 https://registry.npmjs.org/@eslint-community/eslint-utils/-/eslint-utils-4.9.1.tgz 14549ms (cache miss)
3885 http fetch GET 200 https://registry.npmjs.org/@babel/plugin-transform-class-properties/-/plugin-transform-class-properties-7.28.6.tgz 14319ms (cache miss)
3886 http fetch GET 200 https://registry.npmjs.org/@babel/plugin-transform-computed-properties/-/plugin-transform-computed-properties-7.28.6.tgz 14391ms (cache miss)
3887 http fetch GET 200 https://registry.npmjs.org/@babel/plugin-transform-modules-commonjs/-/plugin-transform-modules-commonjs-7.28.6.tgz 14384ms (cache miss)
3888 http fetch GET 200 https://registry.npmjs.org/@babel/plugin-transform-class-static-block/-/plugin-transform-class-static-block-7.28.6.tgz 14383ms (cache miss)
3889 http fetch GET 200 https://registry.npmjs.org/@babel/plugin-transform-logical-assignment-operators/-/plugin-transform-logical-assignment-operators-7.28.6.tgz 14395ms (cache miss)
3890 http fetch GET 200 https://registry.npmjs.org/@babel/plugin-transform-named-capturing-groups-regex/-/plugin-transform-named-capturing-groups-regex-7.29.0.tgz 14508ms (cache miss)
3891 http fetch GET 200 https://registry.npmjs.org/@firebase/auth-types/-/auth-types-0.13.0.tgz 14461ms (cache miss)
3892 http fetch GET 200 https://registry.npmjs.org/@babel/plugin-syntax-typescript/-/plugin-syntax-typescript-7.28.6.tgz 14406ms (cache miss)
3893 http fetch GET 200 https://registry.npmjs.org/@babel/plugin-syntax-top-level-await/-/plugin-syntax-top-level-await-7.14.5.tgz 14398ms (cache miss)
3894 http fetch GET 200 https://registry.npmjs.org/@firebase/analytics-compat/-/analytics-compat-0.2.27.tgz 14402ms (cache miss)
3895 http fetch GET 200 https://registry.npmjs.org/@babel/plugin-syntax-private-property-in-object/-/plugin-syntax-private-property-in-object-7.14.5.tgz 14400ms (cache miss)
3896 http fetch GET 200 https://registry.npmjs.org/@babel/plugin-transform-literals/-/plugin-transform-literals-7.27.1.tgz 14395ms (cache miss)
3897 http fetch GET 200 https://registry.npmjs.org/@firebase/database-types/-/database-types-1.0.19.tgz 14448ms (cache miss)
3898 http fetch GET 200 https://registry.npmjs.org/@babel/plugin-transform-async-to-generator/-/plugin-transform-async-to-generator-7.28.6.tgz 14397ms (cache miss)
3899 http fetch GET 200 https://registry.npmjs.org/@babel/plugin-transform-arrow-functions/-/plugin-transform-arrow-functions-7.27.1.tgz 14391ms (cache miss)
3900 http fetch GET 200 https://registry.npmjs.org/css-tree/-/css-tree-1.1.3.tgz 28962ms (cache miss)
3901 http fetch GET 200 https://registry.npmjs.org/@babel/plugin-syntax-numeric-separator/-/plugin-syntax-numeric-separator-7.10.4.tgz 14360ms (cache miss)
3902 http fetch GET 200 https://registry.npmjs.org/@babel/plugin-transform-export-namespace-from/-/plugin-transform-export-namespace-from-7.27.1.tgz 14531ms (cache miss)
3903 http fetch GET 200 https://registry.npmjs.org/@babel/plugin-transform-function-name/-/plugin-transform-function-name-7.27.1.tgz 14364ms (cache miss)
3904 http fetch GET 200 https://registry.npmjs.org/@babel/plugin-transform-for-of/-/plugin-transform-for-of-7.27.1.tgz 14541ms (cache miss)
3905 http fetch GET 200 https://registry.npmjs.org/@babel/plugin-transform-async-generator-functions/-/plugin-transform-async-generator-functions-7.29.0.tgz 14391ms (cache miss)
3906 http fetch GET 200 https://registry.npmjs.org/@babel/plugin-syntax-optional-catch-binding/-/plugin-syntax-optional-catch-binding-7.8.3.tgz 14379ms (cache miss)
3907 http fetch GET 200 https://registry.npmjs.org/@babel/plugin-syntax-logical-assignment-operators/-/plugin-syntax-logical-assignment-operators-7.10.4.tgz 14405ms (cache miss)
3908 http fetch GET 200 https://registry.npmjs.org/@babel/plugin-syntax-import-attributes/-/plugin-syntax-import-attributes-7.28.6.tgz 14404ms (cache miss)
3909 http fetch GET 200 https://registry.npmjs.org/@babel/plugin-syntax-json-strings/-/plugin-syntax-json-strings-7.8.3.tgz 14411ms (cache miss)
3910 http fetch GET 200 https://registry.npmjs.org/@firebase/util/-/util-1.15.0.tgz 21193ms (cache miss)
3911 http fetch GET 200 https://registry.npmjs.org/@babel/plugin-syntax-class-static-block/-/plugin-syntax-class-static-block-7.14.5.tgz 14373ms (cache miss)
3912 http fetch GET 200 https://registry.npmjs.org/@babel/plugin-syntax-nullish-coalescing-operator/-/plugin-syntax-nullish-coalescing-operator-7.8.3.tgz 14370ms (cache miss)
3913 http fetch GET 200 https://registry.npmjs.org/@firebase/database-compat/-/database-compat-2.1.3.tgz 19597ms (cache miss)
3914 http fetch GET 200 https://registry.npmjs.org/@babel/plugin-syntax-jsx/-/plugin-syntax-jsx-7.28.6.tgz 14391ms (cache miss)
3915 http fetch GET 200 https://registry.npmjs.org/@babel/plugin-transform-runtime/-/plugin-transform-runtime-7.29.0.tgz 14382ms (cache miss)
3916 http fetch GET 200 https://registry.npmjs.org/@babel/plugin-transform-classes/-/plugin-transform-classes-7.28.6.tgz 14392ms (cache miss)
3917 http fetch GET 200 https://registry.npmjs.org/@babel/plugin-syntax-async-generators/-/plugin-syntax-async-generators-7.8.4.tgz 14390ms (cache miss)
3918 http fetch GET 200 https://registry.npmjs.org/@babel/plugin-syntax-decorators/-/plugin-syntax-decorators-7.28.6.tgz 14384ms (cache miss)
3919 http fetch GET 200 https://registry.npmjs.org/@babel/plugin-syntax-flow/-/plugin-syntax-flow-7.28.6.tgz 14426ms (cache miss)
3920 http fetch GET 200 https://registry.npmjs.org/@babel/plugin-syntax-class-properties/-/plugin-syntax-class-properties-7.12.13.tgz 14467ms (cache miss)
3921 http fetch GET 200 https://registry.npmjs.org/@babel/plugin-syntax-dynamic-import/-/plugin-syntax-dynamic-import-7.8.3.tgz 14488ms (cache miss)
3922 http fetch GET 200 https://registry.npmjs.org/babel-plugin-react-compiler/-/babel-plugin-react-compiler-1.0.0.tgz 28839ms (cache miss)
3923 http fetch GET 200 https://registry.npmjs.org/@babel/plugin-syntax-bigint/-/plugin-syntax-bigint-7.8.3.tgz 14486ms (cache miss)
3924 http fetch GET 200 https://registry.npmjs.org/@babel/helper-replace-supers/-/helper-replace-supers-7.28.6.tgz 14472ms (cache miss)
3925 http fetch GET 200 https://registry.npmjs.org/@babel/plugin-syntax-optional-chaining/-/plugin-syntax-optional-chaining-7.8.3.tgz 14514ms (cache miss)
3926 http fetch GET 200 https://registry.npmjs.org/@firebase/auth-compat/-/auth-compat-0.6.5.tgz 19705ms (cache miss)
3927 http fetch GET 200 https://registry.npmjs.org/@babel/traverse/-/traverse-7.29.0.tgz 15466ms (cache miss)
3928 http fetch GET 200 https://registry.npmjs.org/@babel/plugin-syntax-import-meta/-/plugin-syntax-import-meta-7.10.4.tgz 14640ms (cache miss)
3929 http fetch GET 200 https://registry.npmjs.org/@babel/highlight/-/highlight-7.25.9.tgz 14642ms (cache miss)
3930 http fetch GET 200 https://registry.npmjs.org/@babel/helper-validator-option/-/helper-validator-option-7.27.1.tgz 14660ms (cache miss)
3931 http fetch GET 200 https://registry.npmjs.org/@babel/helper-wrap-function/-/helper-wrap-function-7.28.6.tgz 14665ms (cache miss)
3932 http fetch GET 200 https://registry.npmjs.org/@babel/traverse/-/traverse-7.29.0.tgz 15468ms (cache miss)
3933 http fetch GET 200 https://registry.npmjs.org/@babel/helper-skip-transparent-expression-wrappers/-/helper-skip-transparent-expression-wrappers-7.27.1.tgz 14688ms (cache miss)
3934 http fetch GET 200 https://registry.npmjs.org/@babel/plugin-syntax-export-default-from/-/plugin-syntax-export-default-from-7.28.6.tgz 14683ms (cache miss)
3935 http fetch GET 200 https://registry.npmjs.org/@babel/plugin-syntax-object-rest-spread/-/plugin-syntax-object-rest-spread-7.8.3.tgz 14659ms (cache miss)
3936 http fetch GET 200 https://registry.npmjs.org/@babel/helper-remap-async-to-generator/-/helper-remap-async-to-generator-7.27.1.tgz 14747ms (cache miss)
3937 http fetch GET 200 https://registry.npmjs.org/@babel/helper-string-parser/-/helper-string-parser-7.27.1.tgz 14716ms (cache miss)
3938 http fetch GET 200 https://registry.npmjs.org/@babel/helper-optimise-call-expression/-/helper-optimise-call-expression-7.27.1.tgz 14700ms (cache miss)
3939 http fetch GET 200 https://registry.npmjs.org/@babel/helper-validator-identifier/-/helper-validator-identifier-7.28.5.tgz 14724ms (cache miss)
3940 http fetch GET 200 https://registry.npmjs.org/@babel/helper-annotate-as-pure/-/helper-annotate-as-pure-7.27.3.tgz 14657ms (cache miss)
3941 http fetch GET 200 https://registry.npmjs.org/@babel/helper-member-expression-to-functions/-/helper-member-expression-to-functions-7.28.5.tgz 14680ms (cache miss)
3942 http fetch GET 200 https://registry.npmjs.org/@babel/helper-plugin-utils/-/helper-plugin-utils-7.28.6.tgz 14702ms (cache miss)
3943 http fetch GET 200 https://registry.npmjs.org/@egjs/hammerjs/-/hammerjs-2.0.17.tgz 15811ms (cache miss)
3944 http fetch GET 200 https://registry.npmjs.org/@babel/helper-define-polyfill-provider/-/helper-define-polyfill-provider-0.6.8.tgz 14848ms (cache miss)
3945 http fetch GET 200 https://registry.npmjs.org/@babel/helper-globals/-/helper-globals-7.28.0.tgz 14731ms (cache miss)
3946 http fetch GET 200 https://registry.npmjs.org/@babel/plugin-proposal-export-default-from/-/plugin-proposal-export-default-from-7.27.1.tgz 14794ms (cache miss)
3947 http fetch GET 200 https://registry.npmjs.org/@babel/helper-compilation-targets/-/helper-compilation-targets-7.28.6.tgz 14856ms (cache miss)
3948 http fetch GET 200 https://registry.npmjs.org/webidl-conversions/-/webidl-conversions-5.0.0.tgz 14801ms (cache miss)
3949 http fetch GET 200 https://registry.npmjs.org/@babel/helper-module-imports/-/helper-module-imports-7.28.6.tgz 14808ms (cache miss)
3950 http fetch GET 200 https://registry.npmjs.org/@babel/compat-data/-/compat-data-7.29.3.tgz 14815ms (cache miss)
3951 http fetch GET 200 https://registry.npmjs.org/@babel/code-frame/-/code-frame-7.29.0.tgz 14892ms (cache miss)
3952 http fetch GET 200 https://registry.npmjs.org/@babel/helper-create-regexp-features-plugin/-/helper-create-regexp-features-plugin-7.28.5.tgz 14721ms (cache miss)
3953 http fetch GET 200 https://registry.npmjs.org/@radix-ui/react-presence/-/react-presence-1.1.5.tgz 14742ms (cache miss)
3954 http fetch GET 200 https://registry.npmjs.org/@radix-ui/react-slot/-/react-slot-1.2.3.tgz 14734ms (cache miss)
3955 http fetch GET 200 https://registry.npmjs.org/@babel/helper-module-transforms/-/helper-module-transforms-7.28.6.tgz 14825ms (cache miss)
3956 http fetch GET 200 https://registry.npmjs.org/@radix-ui/react-primitive/-/react-primitive-2.1.3.tgz 14716ms (cache miss)
3957 http fetch GET 200 https://registry.npmjs.org/@react-navigation/bottom-tabs/-/bottom-tabs-7.15.11.tgz 27767ms (cache miss)
3958 http fetch GET 200 https://registry.npmjs.org/uuid/-/uuid-7.0.3.tgz 14706ms (cache miss)
3959 http fetch GET 200 https://registry.npmjs.org/escape-string-regexp/-/escape-string-regexp-2.0.0.tgz 14672ms (cache miss)
3960 http fetch GET 200 https://registry.npmjs.org/@babel/plugin-transform-block-scoping/-/plugin-transform-block-scoping-7.28.6.tgz 15201ms (cache miss)
3961 http fetch GET 200 https://registry.npmjs.org/encodeurl/-/encodeurl-2.0.0.tgz 14669ms (cache miss)
3962 http fetch GET 200 https://registry.npmjs.org/xmlbuilder/-/xmlbuilder-11.0.1.tgz 14736ms (cache miss)
3963 http fetch GET 200 https://registry.npmjs.org/@radix-ui/react-focus-scope/-/react-focus-scope-1.1.7.tgz 14700ms (cache miss)
3964 http fetch GET 200 https://registry.npmjs.org/encodeurl/-/encodeurl-2.0.0.tgz 14672ms (cache miss)
3965 http fetch GET 200 https://registry.npmjs.org/@firebase/app/-/app-0.14.11.tgz 14809ms (cache miss)
3966 http fetch GET 200 https://registry.npmjs.org/statuses/-/statuses-2.0.2.tgz 14690ms (cache miss)
3967 http fetch GET 200 https://registry.npmjs.org/on-finished/-/on-finished-2.4.1.tgz 14698ms (cache miss)
3968 http fetch GET 200 https://registry.npmjs.org/glob/-/glob-7.2.3.tgz 14743ms (cache miss)
3969 http fetch GET 200 https://registry.npmjs.org/@radix-ui/react-portal/-/react-portal-1.1.9.tgz 14695ms (cache miss)
3970 http fetch GET 200 https://registry.npmjs.org/commander/-/commander-4.1.1.tgz 14702ms (cache miss)
3971 http fetch GET 200 https://registry.npmjs.org/ms/-/ms-2.0.0.tgz 14673ms (cache miss)
3972 http fetch GET 200 https://registry.npmjs.org/glob/-/glob-7.2.3.tgz 14650ms (cache miss)
3973 http fetch GET 200 https://registry.npmjs.org/glob/-/glob-7.2.3.tgz 14645ms (cache miss)
3974 http fetch GET 200 https://registry.npmjs.org/@babel/plugin-proposal-decorators/-/plugin-proposal-decorators-7.29.0.tgz 14658ms (cache miss)
3975 http fetch GET 200 https://registry.npmjs.org/commander/-/commander-2.20.3.tgz 14805ms (cache miss)
3976 http fetch GET 200 https://registry.npmjs.org/@firebase/data-connect/-/data-connect-0.6.0.tgz 20849ms (cache miss)
3977 http fetch GET 200 https://registry.npmjs.org/@radix-ui/react-dialog/-/react-dialog-1.1.15.tgz 14709ms (cache miss)
3978 http fetch GET 200 https://registry.npmjs.org/debug/-/debug-2.6.9.tgz 14680ms (cache miss)
3979 http fetch GET 200 https://registry.npmjs.org/semver/-/semver-7.7.4.tgz 14655ms (cache miss)
3980 http fetch GET 200 https://registry.npmjs.org/json5/-/json5-1.0.2.tgz 14658ms (cache miss)
3981 http fetch GET 200 https://registry.npmjs.org/ansi-styles/-/ansi-styles-5.2.0.tgz 14630ms (cache miss)
3982 http fetch GET 200 https://registry.npmjs.org/ws/-/ws-6.2.3.tgz 14692ms (cache miss)
3983 http fetch GET 200 https://registry.npmjs.org/memoize-one/-/memoize-one-6.0.0.tgz 14698ms (cache miss)
3984 http fetch GET 200 https://registry.npmjs.org/hermes-estree/-/hermes-estree-0.32.0.tgz 14661ms (cache miss)
3985 http fetch GET 200 https://registry.npmjs.org/ms/-/ms-2.0.0.tgz 14625ms (cache miss)
3986 http fetch GET 200 https://registry.npmjs.org/axios/-/axios-1.16.0.tgz 29828ms (cache miss)
3987 http fetch GET 200 https://registry.npmjs.org/hermes-estree/-/hermes-estree-0.32.0.tgz 14702ms (cache miss)
3988 http fetch GET 200 https://registry.npmjs.org/@expo/prebuild-config/-/prebuild-config-54.0.8.tgz 16913ms (cache miss)
3989 http fetch GET 200 https://registry.npmjs.org/picomatch/-/picomatch-2.3.2.tgz 14737ms (cache miss)
3990 http fetch GET 200 https://registry.npmjs.org/@react-navigation/elements/-/elements-2.9.15.tgz 27988ms (cache miss)
3991 http fetch GET 200 https://registry.npmjs.org/statuses/-/statuses-2.0.2.tgz 14740ms (cache miss)
3992 http fetch GET 200 https://registry.npmjs.org/commander/-/commander-12.1.0.tgz 14804ms (cache miss)
3993 http fetch GET 200 https://registry.npmjs.org/supports-color/-/supports-color-8.1.1.tgz 14735ms (cache miss)
3994 http fetch GET 200 https://registry.npmjs.org/picomatch/-/picomatch-2.3.2.tgz 14756ms (cache miss)
3995 http fetch GET 200 https://registry.npmjs.org/@types/node/-/node-25.6.0.tgz 25650ms (cache miss)
3996 http fetch GET 200 https://registry.npmjs.org/debug/-/debug-2.6.9.tgz 14752ms (cache miss)
3997 http fetch GET 200 https://registry.npmjs.org/brace-expansion/-/brace-expansion-5.0.5.tgz 14738ms (cache miss)
3998 http fetch GET 200 https://registry.npmjs.org/ms/-/ms-2.0.0.tgz 14736ms (cache miss)
3999 http fetch GET 200 https://registry.npmjs.org/semver/-/semver-7.7.4.tgz 14753ms (cache miss)
4000 http fetch GET 200 https://registry.npmjs.org/@babel/helper-create-class-features-plugin/-/helper-create-class-features-plugin-7.29.3.tgz 15058ms (cache miss)
4001 http fetch GET 200 https://registry.npmjs.org/resolve-from/-/resolve-from-4.0.0.tgz 14710ms (cache miss)
4002 http fetch GET 200 https://registry.npmjs.org/@radix-ui/react-dismissable-layer/-/react-dismissable-layer-1.1.11.tgz 14766ms (cache miss)
4003 http fetch GET 200 https://registry.npmjs.org/promise/-/promise-7.3.1.tgz 14730ms (cache miss)
4004 http fetch GET 200 https://registry.npmjs.org/@firebase/storage/-/storage-0.14.2.tgz 22182ms (cache miss)
4005 http fetch GET 200 https://registry.npmjs.org/balanced-match/-/balanced-match-4.0.4.tgz 14722ms (cache miss)
4006 http fetch GET 200 https://registry.npmjs.org/ci-info/-/ci-info-3.9.0.tgz 14671ms (cache miss)
4007 http fetch GET 200 https://registry.npmjs.org/debug/-/debug-2.6.9.tgz 14734ms (cache miss)
4008 http fetch GET 200 https://registry.npmjs.org/json-schema-traverse/-/json-schema-traverse-1.0.0.tgz 14741ms (cache miss)
4009 http fetch GET 200 https://registry.npmjs.org/eslint-plugin-react/-/eslint-plugin-react-7.37.5.tgz 30831ms (cache miss)
4010 http fetch GET 200 https://registry.npmjs.org/@radix-ui/react-primitive/-/react-primitive-2.1.3.tgz 15119ms (cache miss)
4011 http fetch GET 200 https://registry.npmjs.org/@radix-ui/react-presence/-/react-presence-1.1.5.tgz 15125ms (cache miss)
4012 http fetch GET 200 https://registry.npmjs.org/@react-native/gradle-plugin/-/gradle-plugin-0.81.5.tgz 28434ms (cache miss)
4013 http fetch GET 200 https://registry.npmjs.org/@radix-ui/react-slot/-/react-slot-1.2.3.tgz 15147ms (cache miss)
4014 http fetch GET 200 https://registry.npmjs.org/@radix-ui/react-slot/-/react-slot-1.2.3.tgz 15151ms (cache miss)
4015 http fetch GET 200 https://registry.npmjs.org/json-schema-traverse/-/json-schema-traverse-1.0.0.tgz 15154ms (cache miss)
4016 http fetch GET 200 https://registry.npmjs.org/@radix-ui/react-tabs/-/react-tabs-1.1.13.tgz 15027ms (cache miss)
4017 http fetch GET 200 https://registry.npmjs.org/debug/-/debug-3.2.7.tgz 15104ms (cache miss)
4018 http fetch GET 200 https://registry.npmjs.org/debug/-/debug-3.2.7.tgz 15038ms (cache miss)
4019 http fetch GET 200 https://registry.npmjs.org/@react-native/normalize-colors/-/normalize-colors-0.74.89.tgz 15042ms (cache miss)
4020 http fetch GET 200 https://registry.npmjs.org/@react-native/codegen/-/codegen-0.81.5.tgz 28088ms (cache miss)
4021 http fetch GET 200 https://registry.npmjs.org/@xmldom/xmldom/-/xmldom-0.9.10.tgz 15538ms (cache miss)
4022 http fetch GET 200 https://registry.npmjs.org/globals/-/globals-16.5.0.tgz 15047ms (cache miss)
4023 http fetch GET 200 https://registry.npmjs.org/@radix-ui/react-roving-focus/-/react-roving-focus-1.1.11.tgz 15046ms (cache miss)
4024 http fetch GET 200 https://registry.npmjs.org/source-map/-/source-map-0.6.1.tgz 15745ms (cache miss)
4025 http fetch GET 200 https://registry.npmjs.org/debug/-/debug-3.2.7.tgz 14969ms (cache miss)
4026 http fetch GET 200 https://registry.npmjs.org/p-locate/-/p-locate-4.1.0.tgz 14951ms (cache miss)
4027 http fetch GET 200 https://registry.npmjs.org/balanced-match/-/balanced-match-4.0.4.tgz 14961ms (cache miss)
4028 http fetch GET 200 https://registry.npmjs.org/p-limit/-/p-limit-2.3.0.tgz 14967ms (cache miss)
4029 http fetch GET 200 https://registry.npmjs.org/eslint-visitor-keys/-/eslint-visitor-keys-5.0.1.tgz 15027ms (cache miss)
4030 http fetch GET 200 https://registry.npmjs.org/ws/-/ws-6.2.3.tgz 14938ms (cache miss)
4031 http fetch GET 200 https://registry.npmjs.org/ms/-/ms-2.0.0.tgz 14915ms (cache miss)
4032 http fetch GET 200 https://registry.npmjs.org/locate-path/-/locate-path-5.0.0.tgz 14905ms (cache miss)
4033 http fetch GET 200 https://registry.npmjs.org/semver/-/semver-7.7.4.tgz 15689ms (cache miss)
4034 http fetch GET 200 https://registry.npmjs.org/find-up/-/find-up-4.1.0.tgz 14890ms (cache miss)
4035 http fetch GET 200 https://registry.npmjs.org/brace-expansion/-/brace-expansion-5.0.5.tgz 14913ms (cache miss)
4036 http fetch GET 200 https://registry.npmjs.org/mimic-response/-/mimic-response-3.1.0.tgz 14896ms (cache miss)
4037 http fetch GET 200 https://registry.npmjs.org/camelcase/-/camelcase-5.3.1.tgz 14872ms (cache miss)
4038 http fetch GET 200 https://registry.npmjs.org/argparse/-/argparse-1.0.10.tgz 14909ms (cache miss)
4039 http fetch GET 200 https://registry.npmjs.org/semver/-/semver-7.7.2.tgz 15709ms (cache miss)
4040 http fetch GET 200 https://registry.npmjs.org/picomatch/-/picomatch-2.3.2.tgz 14951ms (cache miss)
4041 http fetch GET 200 https://registry.npmjs.org/eslint-visitor-keys/-/eslint-visitor-keys-3.4.3.tgz 14972ms (cache miss)
4042 http fetch GET 200 https://registry.npmjs.org/@babel/code-frame/-/code-frame-7.10.4.tgz 15022ms (cache miss)
4043 http fetch GET 200 https://registry.npmjs.org/@react-native/virtualized-lists/-/virtualized-lists-0.81.5.tgz 15753ms (cache miss)
4044 http fetch GET 200 https://registry.npmjs.org/@firebase/webchannel-wrapper/-/webchannel-wrapper-1.0.5.tgz 15364ms (cache miss)
4045 http fetch GET 200 https://registry.npmjs.org/color-name/-/color-name-1.1.3.tgz 15017ms (cache miss)
4046 http fetch GET 200 https://registry.npmjs.org/escape-string-regexp/-/escape-string-regexp-1.0.5.tgz 14990ms (cache miss)
4047 http fetch GET 200 https://registry.npmjs.org/has-flag/-/has-flag-3.0.0.tgz 15007ms (cache miss)
4048 http fetch GET 200 https://registry.npmjs.org/supports-color/-/supports-color-5.5.0.tgz 14993ms (cache miss)
4049 http fetch GET 200 https://registry.npmjs.org/react-is/-/react-is-16.13.1.tgz 14985ms (cache miss)
4050 http fetch GET 200 https://registry.npmjs.org/chalk/-/chalk-2.4.2.tgz 14980ms (cache miss)
4051 http fetch GET 200 https://registry.npmjs.org/@babel/generator/-/generator-7.29.1.tgz 15939ms (cache miss)
4052 http fetch GET 200 https://registry.npmjs.org/ansi-styles/-/ansi-styles-3.2.1.tgz 14993ms (cache miss)
4053 http fetch GET 200 https://registry.npmjs.org/glob/-/glob-7.2.3.tgz 14935ms (cache miss)
4054 http fetch GET 200 https://registry.npmjs.org/react-is/-/react-is-16.13.1.tgz 14942ms (cache miss)
4055 http fetch GET 200 https://registry.npmjs.org/color-convert/-/color-convert-1.9.3.tgz 14976ms (cache miss)
4056 http fetch GET 200 https://registry.npmjs.org/semver/-/semver-7.6.3.tgz 15756ms (cache miss)
4057 http fetch GET 200 https://registry.npmjs.org/@firebase/ai/-/ai-2.11.1.tgz 18777ms (cache miss)
4058 http fetch GET 200 https://registry.npmjs.org/semver/-/semver-7.7.4.tgz 15006ms (cache miss)
4059 http fetch GET 200 https://registry.npmjs.org/semver/-/semver-7.7.4.tgz 14936ms (cache miss)
4060 http fetch GET 200 https://registry.npmjs.org/ignore/-/ignore-7.0.5.tgz 14903ms (cache miss)
4061 http fetch GET 200 https://registry.npmjs.org/expo-image/-/expo-image-3.0.11.tgz 32270ms (cache miss)
4062 http fetch GET 200 https://registry.npmjs.org/react-is/-/react-is-18.3.1.tgz 14774ms (cache miss)
4063 http fetch GET 200 https://registry.npmjs.org/@radix-ui/react-collection/-/react-collection-1.1.7.tgz 15222ms (cache miss)
4064 http fetch GET 200 https://registry.npmjs.org/js-yaml/-/js-yaml-3.14.2.tgz 15239ms (cache miss)
4065 http fetch GET 200 https://registry.npmjs.org/minimatch/-/minimatch-10.2.5.tgz 15747ms (cache miss)
4066 http fetch GET 200 https://registry.npmjs.org/semver/-/semver-7.7.4.tgz 15565ms (cache miss)
4067 http fetch GET 200 https://registry.npmjs.org/@babel/parser/-/parser-7.29.3.tgz 16162ms (cache miss)
4068 http fetch GET 200 https://registry.npmjs.org/semver/-/semver-7.7.4.tgz 15240ms (cache miss)
4069 http fetch GET 200 https://registry.npmjs.org/minimatch/-/minimatch-10.2.5.tgz 15403ms (cache miss)
4070 http fetch GET 200 https://registry.npmjs.org/debug/-/debug-2.6.9.tgz 15216ms (cache miss)
4071 http fetch GET 200 https://registry.npmjs.org/semver/-/semver-7.7.4.tgz 15266ms (cache miss)
4072 http fetch GET 200 https://registry.npmjs.org/semver/-/semver-7.7.4.tgz 15308ms (cache miss)
4073 http fetch GET 200 https://registry.npmjs.org/@expo%2fmetro-config 13806ms (cache miss)
4074 silly packumentCache corgi:https://registry.npmjs.org/@expo%2fmetro-config set size:undefined disposed:false
4075 http fetch GET 200 https://registry.npmjs.org/semver/-/semver-7.7.4.tgz 15361ms (cache miss)
4076 silly packumentCache corgi:https://registry.npmjs.org/@expo%2fcli cache-miss
4077 silly packumentCache corgi:https://registry.npmjs.org/expo cache-miss
4078 http fetch GET 200 https://registry.npmjs.org/source-map/-/source-map-0.6.1.tgz 15712ms (cache miss)
4079 http fetch GET 200 https://registry.npmjs.org/@typescript-eslint/scope-manager/-/scope-manager-8.59.1.tgz 19035ms (cache miss)
4080 http fetch GET 200 https://registry.npmjs.org/@react-navigation/core/-/core-7.17.2.tgz 29596ms (cache miss)
4081 http fetch GET 200 https://registry.npmjs.org/@babel/core/-/core-7.29.0.tgz 16537ms (cache miss)
4082 http fetch GET 200 https://registry.npmjs.org/lru-cache/-/lru-cache-11.3.5.tgz 16246ms (cache miss)
4083 http fetch GET 200 https://registry.npmjs.org/hermes-parser/-/hermes-parser-0.32.0.tgz 16334ms (cache miss)
4084 http fetch GET 200 https://registry.npmjs.org/hermes-parser/-/hermes-parser-0.32.0.tgz 16340ms (cache miss)
4085 http fetch GET 200 https://registry.npmjs.org/@expo/config-plugins/-/config-plugins-54.0.4.tgz 17957ms (cache miss)
4086 http fetch GET 200 https://registry.npmjs.org/@babel/types/-/types-7.29.0.tgz 17879ms (cache miss)
4087 http fetch GET 200 https://registry.npmjs.org/react-devtools-core/-/react-devtools-core-6.1.5.tgz 33974ms (cache miss)
4088 http fetch GET 200 https://registry.npmjs.org/@babel/helpers/-/helpers-7.29.2.tgz 17117ms (cache miss)
4089 http fetch GET 200 https://registry.npmjs.org/resolve/-/resolve-1.22.12.tgz 15644ms (cache miss)
4090 http fetch GET 200 https://registry.npmjs.org/@expo%2fcli 396ms (cache miss)
4091 silly packumentCache corgi:https://registry.npmjs.org/@expo%2fcli set size:undefined disposed:false
4092 http fetch GET 200 https://registry.npmjs.org/yaml/-/yaml-2.8.4.tgz 16726ms (cache miss)
4093 http fetch GET 200 https://registry.npmjs.org/expo 533ms (cache miss)
4094 silly packumentCache corgi:https://registry.npmjs.org/expo set size:undefined disposed:false
4095 http fetch GET 200 https://registry.npmjs.org/@grpc/grpc-js/-/grpc-js-1.9.15.tgz 28425ms (cache miss)
4096 http fetch GET 200 https://registry.npmjs.org/@typescript-eslint/eslint-plugin/-/eslint-plugin-8.59.1.tgz 28517ms (cache miss)
4097 http fetch GET 200 https://registry.npmjs.org/expo-router/-/expo-router-6.0.23.tgz 33376ms (cache miss)
4098 http fetch GET 200 https://registry.npmjs.org/expo-dev-launcher/-/expo-dev-launcher-6.0.21.tgz 32493ms (cache miss)
4099 http fetch GET 200 https://registry.npmjs.org/eslint/-/eslint-9.39.4.tgz 32458ms (cache miss)
4100 http fetch GET 200 https://registry.npmjs.org/@expo/vector-icons/-/vector-icons-15.1.1.tgz 20325ms (cache miss)
4101 http fetch GET 200 https://registry.npmjs.org/ajv/-/ajv-8.20.0.tgz 17916ms (cache miss)
4102 http fetch GET 200 https://registry.npmjs.org/ajv/-/ajv-8.20.0.tgz 17893ms (cache miss)
4103 http fetch GET 200 https://registry.npmjs.org/@firebase/database/-/database-1.1.2.tgz 20123ms (cache miss)
4104 http fetch GET 200 https://registry.npmjs.org/caniuse-lite/-/caniuse-lite-1.0.30001791.tgz 33247ms (cache miss)
4105 http fetch GET 200 https://registry.npmjs.org/typescript/-/typescript-5.9.3.tgz 35789ms (cache miss)
4106 http fetch GET 200 https://registry.npmjs.org/es-abstract/-/es-abstract-1.24.2.tgz 36721ms (cache miss)
4107 http fetch GET 200 https://registry.npmjs.org/@react-native/debugger-frontend/-/debugger-frontend-0.81.5.tgz 34337ms (cache miss)
4108 http fetch GET 200 https://registry.npmjs.org/@firebase/auth/-/auth-1.13.0.tgz 25723ms (cache miss)
4109 http fetch GET 200 https://registry.npmjs.org/@expo/ngrok-bin-darwin-arm64/-/ngrok-bin-darwin-arm64-2.3.41.tgz 26153ms (cache miss)
4110 http fetch GET 200 https://registry.npmjs.org/@firebase/firestore/-/firestore-4.14.0.tgz 26809ms (cache miss)
4111 http fetch GET 200 https://registry.npmjs.org/firebase/-/firebase-12.12.1.tgz 43114ms (cache miss)
4112 http fetch GET 200 https://registry.npmjs.org/react-native/-/react-native-0.81.5.tgz 46495ms (cache miss)
4113 info run @firebase/util@1.15.0 postinstall node_modules/@firebase/util node ./postinstall.js
4114 info run protobufjs@7.5.6 postinstall node_modules/protobufjs node scripts/postinstall
4115 info run unrs-resolver@1.11.1 postinstall node_modules/unrs-resolver napi-postinstall unrs-resolver 1.11.1 check
4116 info run @firebase/util@1.15.0 postinstall { code: 0, signal: null }
4117 info run protobufjs@7.5.6 postinstall { code: 0, signal: null }
4118 info run unrs-resolver@1.11.1 postinstall { code: 0, signal: null }
4119 silly ADD node_modules/yocto-queue
4120 silly ADD node_modules/yargs-parser
4121 silly ADD node_modules/yargs
4122 silly ADD node_modules/yaml
4123 silly ADD node_modules/yallist
4124 silly ADD node_modules/y18n
4125 silly ADD node_modules/xmlbuilder
4126 silly ADD node_modules/xml2js
4127 silly ADD node_modules/xml2js/node_modules/xmlbuilder
4128 silly ADD node_modules/xcode
4129 silly ADD node_modules/xcode/node_modules/uuid
4130 silly ADD node_modules/ws
4131 silly ADD node_modules/write-file-atomic
4132 silly ADD node_modules/wrappy
4133 silly ADD node_modules/wrap-ansi
4134 silly ADD node_modules/word-wrap
4135 silly ADD node_modules/wonka
4136 silly ADD node_modules/which-typed-array
4137 silly ADD node_modules/which-collection
4138 silly ADD node_modules/which-builtin-type
4139 silly ADD node_modules/which-boxed-primitive
4140 silly ADD node_modules/which
4141 silly ADD node_modules/whatwg-url-without-unicode
4142 silly ADD node_modules/whatwg-url-without-unicode/node_modules/webidl-conversions
4143 silly ADD node_modules/whatwg-url
4144 silly ADD node_modules/whatwg-fetch
4145 silly ADD node_modules/websocket-extensions
4146 silly ADD node_modules/websocket-driver
4147 silly ADD node_modules/webidl-conversions
4148 silly ADD node_modules/web-vitals
4149 silly ADD node_modules/wcwidth
4150 silly ADD node_modules/warn-once
4151 silly ADD node_modules/walker
4152 silly ADD node_modules/vlq
4153 silly ADD node_modules/vaul
4154 silly ADD node_modules/vaul/node_modules/@radix-ui/react-slot
4155 silly ADD node_modules/vaul/node_modules/@radix-ui/react-primitive
4156 silly ADD node_modules/vaul/node_modules/@radix-ui/react-presence
4157 silly ADD node_modules/vaul/node_modules/@radix-ui/react-portal
4158 silly ADD node_modules/vaul/node_modules/@radix-ui/react-focus-scope
4159 silly ADD node_modules/vaul/node_modules/@radix-ui/react-dismissable-layer
4160 silly ADD node_modules/vaul/node_modules/@radix-ui/react-dialog
4161 silly ADD node_modules/vary
4162 silly ADD node_modules/validate-npm-package-name
4163 silly ADD node_modules/uuid
4164 silly ADD node_modules/utils-merge
4165 silly ADD node_modules/util
4166 silly ADD node_modules/use-sync-external-store
4167 silly ADD node_modules/use-sidecar
4168 silly ADD node_modules/use-latest-callback
4169 silly ADD node_modules/use-callback-ref
4170 silly ADD node_modules/uri-js
4171 silly ADD node_modules/update-browserslist-db
4172 silly ADD node_modules/unrs-resolver
4173 silly ADD node_modules/unpipe
4174 silly ADD node_modules/unimodules-app-loader
4175 silly ADD node_modules/unicode-property-aliases-ecmascript
4176 silly ADD node_modules/unicode-match-property-value-ecmascript
4177 silly ADD node_modules/unicode-match-property-ecmascript
4178 silly ADD node_modules/unicode-canonical-property-names-ecmascript
4179 silly ADD node_modules/undici-types
4180 silly ADD node_modules/undici
4181 silly ADD node_modules/unbox-primitive
4182 silly ADD node_modules/ua-parser-js
4183 silly ADD node_modules/typescript
4184 silly ADD node_modules/typed-array-length
4185 silly ADD node_modules/typed-array-byte-offset
4186 silly ADD node_modules/typed-array-byte-length
4187 silly ADD node_modules/typed-array-buffer
4188 silly ADD node_modules/type-fest
4189 silly ADD node_modules/type-detect
4190 silly ADD node_modules/type-check
4191 silly ADD node_modules/tslib
4192 silly ADD node_modules/tsconfig-paths
4193 silly ADD node_modules/tsconfig-paths/node_modules/json5
4194 silly ADD node_modules/ts-interface-checker
4195 silly ADD node_modules/ts-api-utils
4196 silly ADD node_modules/tr46
4197 silly ADD node_modules/toidentifier
4198 silly ADD node_modules/to-regex-range
4199 silly ADD node_modules/tmpl
4200 silly ADD node_modules/tinyglobby
4201 silly ADD node_modules/throat
4202 silly ADD node_modules/thenify-all
4203 silly ADD node_modules/thenify
4204 silly ADD node_modules/test-exclude
4205 silly ADD node_modules/test-exclude/node_modules/glob
4206 silly ADD node_modules/terser
4207 silly ADD node_modules/terser/node_modules/commander
4208 silly ADD node_modules/terminal-link
4209 silly ADD node_modules/tar
4210 silly ADD node_modules/tar/node_modules/yallist
4211 silly ADD node_modules/supports-preserve-symlinks-flag
4212 silly ADD node_modules/supports-hyperlinks
4213 silly ADD node_modules/supports-color
4214 silly ADD node_modules/sucrase
4215 silly ADD node_modules/sucrase/node_modules/commander
4216 silly ADD node_modules/styleq
4217 silly ADD node_modules/structured-headers
4218 silly ADD node_modules/strip-json-comments
4219 silly ADD node_modules/strip-bom
4220 silly ADD node_modules/strip-ansi
4221 silly ADD node_modules/string.prototype.trimstart
4222 silly ADD node_modules/string.prototype.trimend
4223 silly ADD node_modules/string.prototype.trim
4224 silly ADD node_modules/string.prototype.repeat
4225 silly ADD node_modules/string.prototype.matchall
4226 silly ADD node_modules/string-width
4227 silly ADD node_modules/strict-uri-encode
4228 silly ADD node_modules/stream-buffers
4229 silly ADD node_modules/stop-iteration-iterator
4230 silly ADD node_modules/statuses
4231 silly ADD node_modules/stacktrace-parser
4232 silly ADD node_modules/stackframe
4233 silly ADD node_modules/stack-utils
4234 silly ADD node_modules/stack-utils/node_modules/escape-string-regexp
4235 silly ADD node_modules/stable-hash
4236 silly ADD node_modules/sprintf-js
4237 silly ADD node_modules/split-on-first
4238 silly ADD node_modules/source-map-support
4239 silly ADD node_modules/source-map-support/node_modules/source-map
4240 silly ADD node_modules/source-map-js
4241 silly ADD node_modules/source-map
4242 silly ADD node_modules/slugify
4243 silly ADD node_modules/slash
4244 silly ADD node_modules/sisteransi
4245 silly ADD node_modules/simple-swizzle
4246 silly ADD node_modules/simple-plist
4247 silly ADD node_modules/signal-exit
4248 silly ADD node_modules/side-channel-weakmap
4249 silly ADD node_modules/side-channel-map
4250 silly ADD node_modules/side-channel-list
4251 silly ADD node_modules/side-channel
4252 silly ADD node_modules/shell-quote
4253 silly ADD node_modules/shebang-regex
4254 silly ADD node_modules/shebang-command
4255 silly ADD node_modules/shallowequal
4256 silly ADD node_modules/sf-symbols-typescript
4257 silly ADD node_modules/setprototypeof
4258 silly ADD node_modules/setimmediate
4259 silly ADD node_modules/set-proto
4260 silly ADD node_modules/set-function-name
4261 silly ADD node_modules/set-function-length
4262 silly ADD node_modules/server-only
4263 silly ADD node_modules/serve-static
4264 silly ADD node_modules/serve-static/node_modules/encodeurl
4265 silly ADD node_modules/serialize-error
4266 silly ADD node_modules/send
4267 silly ADD node_modules/send/node_modules/statuses
4268 silly ADD node_modules/send/node_modules/on-finished
4269 silly ADD node_modules/send/node_modules/encodeurl
4270 silly ADD node_modules/send/node_modules/debug
4271 silly ADD node_modules/send/node_modules/debug/node_modules/ms
4272 silly ADD node_modules/semver
4273 silly ADD node_modules/scheduler
4274 silly ADD node_modules/sax
4275 silly ADD node_modules/safe-regex-test
4276 silly ADD node_modules/safe-push-apply
4277 silly ADD node_modules/safe-buffer
4278 silly ADD node_modules/safe-array-concat
4279 silly ADD node_modules/rimraf
4280 silly ADD node_modules/rimraf/node_modules/glob
4281 silly ADD node_modules/restore-cursor
4282 silly ADD node_modules/responselike
4283 silly ADD node_modules/resolve.exports
4284 silly ADD node_modules/resolve-workspace-root
4285 silly ADD node_modules/resolve-pkg-maps
4286 silly ADD node_modules/resolve-from
4287 silly ADD node_modules/resolve-alpn
4288 silly ADD node_modules/resolve
4289 silly ADD node_modules/requireg
4290 silly ADD node_modules/requireg/node_modules/resolve
4291 silly ADD node_modules/require-from-string
4292 silly ADD node_modules/require-directory
4293 silly ADD node_modules/regjsparser
4294 silly ADD node_modules/regjsgen
4295 silly ADD node_modules/regexpu-core
4296 silly ADD node_modules/regexp.prototype.flags
4297 silly ADD node_modules/regenerator-runtime
4298 silly ADD node_modules/regenerate-unicode-properties
4299 silly ADD node_modules/regenerate
4300 silly ADD node_modules/reflect.getprototypeof
4301 silly ADD node_modules/react-style-singleton
4302 silly ADD node_modules/react-remove-scroll-bar
4303 silly ADD node_modules/react-remove-scroll
4304 silly ADD node_modules/react-refresh
4305 silly ADD node_modules/react-native-worklets
4306 silly ADD node_modules/react-native-worklets/node_modules/semver
4307 silly ADD node_modules/react-native-web
4308 silly ADD node_modules/react-native-web/node_modules/memoize-one
4309 silly ADD node_modules/react-native-web/node_modules/@react-native/normalize-colors
4310 silly ADD node_modules/react-native-uuid
4311 silly ADD node_modules/react-native-svg
4312 silly ADD node_modules/react-native-screens
4313 silly ADD node_modules/react-native-safe-area-context
4314 silly ADD node_modules/react-native-reanimated
4315 silly ADD node_modules/react-native-reanimated/node_modules/semver
4316 silly ADD node_modules/react-native-maps-directions
4317 silly ADD node_modules/react-native-maps
4318 silly ADD node_modules/react-native-is-edge-to-edge
4319 silly ADD node_modules/react-native-google-places-autocomplete
4320 silly ADD node_modules/react-native-gesture-handler
4321 silly ADD node_modules/react-native
4322 silly ADD node_modules/react-native/node_modules/ws
4323 silly ADD node_modules/react-native/node_modules/semver
4324 silly ADD node_modules/react-native/node_modules/glob
4325 silly ADD node_modules/react-native/node_modules/commander
4326 silly ADD node_modules/react-native/node_modules/@react-native/virtualized-lists
4327 silly ADD node_modules/react-is
4328 silly ADD node_modules/react-freeze
4329 silly ADD node_modules/react-fast-compare
4330 silly ADD node_modules/react-dom
4331 silly ADD node_modules/react-devtools-core
4332 silly ADD node_modules/react
4333 silly ADD node_modules/rc
4334 silly ADD node_modules/rc/node_modules/strip-json-comments
4335 silly ADD node_modules/range-parser
4336 silly ADD node_modules/quick-lru
4337 silly ADD node_modules/queue
4338 silly ADD node_modules/query-string
4339 silly ADD node_modules/qs
4340 silly ADD node_modules/qrcode-terminal
4341 silly ADD node_modules/punycode
4342 silly ADD node_modules/pump
4343 silly ADD node_modules/proxy-from-env
4344 silly ADD node_modules/protobufjs
4345 silly ADD node_modules/prop-types
4346 silly ADD node_modules/prop-types/node_modules/react-is
4347 silly ADD node_modules/prompts
4348 silly ADD node_modules/promise
4349 silly ADD node_modules/progress
4350 silly ADD node_modules/proc-log
4351 silly ADD node_modules/pretty-format
4352 silly ADD node_modules/pretty-format/node_modules/react-is
4353 silly ADD node_modules/pretty-format/node_modules/ansi-styles
4354 silly ADD node_modules/pretty-bytes
4355 silly ADD node_modules/prelude-ls
4356 silly ADD node_modules/postcss-value-parser
4357 silly ADD node_modules/postcss
4358 silly ADD node_modules/possible-typed-array-names
4359 silly ADD node_modules/pngjs
4360 silly ADD node_modules/plist
4361 silly ADD node_modules/plist/node_modules/@xmldom/xmldom
4362 silly ADD node_modules/pirates
4363 silly ADD node_modules/picomatch
4364 silly ADD node_modules/picocolors
4365 silly ADD node_modules/path-scurry
4366 silly ADD node_modules/path-scurry/node_modules/lru-cache
4367 silly ADD node_modules/path-parse
4368 silly ADD node_modules/path-key
4369 silly ADD node_modules/path-is-absolute
4370 silly ADD node_modules/path-exists
4371 silly ADD node_modules/parseurl
4372 silly ADD node_modules/parse-png
4373 silly ADD node_modules/parent-module
4374 silly ADD node_modules/p-try
4375 silly ADD node_modules/p-locate
4376 silly ADD node_modules/p-limit
4377 silly ADD node_modules/p-cancelable
4378 silly ADD node_modules/own-keys
4379 silly ADD node_modules/ora
4380 silly ADD node_modules/ora/node_modules/supports-color
4381 silly ADD node_modules/ora/node_modules/strip-ansi
4382 silly ADD node_modules/ora/node_modules/has-flag
4383 silly ADD node_modules/ora/node_modules/escape-string-regexp
4384 silly ADD node_modules/ora/node_modules/color-name
4385 silly ADD node_modules/ora/node_modules/color-convert
4386 silly ADD node_modules/ora/node_modules/chalk
4387 silly ADD node_modules/ora/node_modules/ansi-styles
4388 silly ADD node_modules/ora/node_modules/ansi-regex
4389 silly ADD node_modules/optionator
4390 silly ADD node_modules/open
4391 silly ADD node_modules/onetime
4392 silly ADD node_modules/once
4393 silly ADD node_modules/on-headers
4394 silly ADD node_modules/on-finished
4395 silly ADD node_modules/object.values
4396 silly ADD node_modules/object.groupby
4397 silly ADD node_modules/object.fromentries
4398 silly ADD node_modules/object.entries
4399 silly ADD node_modules/object.assign
4400 silly ADD node_modules/object-keys
4401 silly ADD node_modules/object-is
4402 silly ADD node_modules/object-inspect
4403 silly ADD node_modules/object-assign
4404 silly ADD node_modules/ob1
4405 silly ADD node_modules/nullthrows
4406 silly ADD node_modules/nth-check
4407 silly ADD node_modules/npm-package-arg
4408 silly ADD node_modules/npm-package-arg/node_modules/semver
4409 silly ADD node_modules/normalize-url
4410 silly ADD node_modules/normalize-path
4411 silly ADD node_modules/node-releases
4412 silly ADD node_modules/node-int64
4413 silly ADD node_modules/node-forge
4414 silly ADD node_modules/node-fetch
4415 silly ADD node_modules/node-exports-info
4416 silly ADD node_modules/nested-error-stacks
4417 silly ADD node_modules/negotiator
4418 silly ADD node_modules/natural-compare
4419 silly ADD node_modules/napi-postinstall
4420 silly ADD node_modules/nanoid
4421 silly ADD node_modules/mz
4422 silly ADD node_modules/ms
4423 silly ADD node_modules/mkdirp
4424 silly ADD node_modules/minizlib
4425 silly ADD node_modules/minipass
4426 silly ADD node_modules/minimist
4427 silly ADD node_modules/minimatch
4428 silly ADD node_modules/mimic-response
4429 silly ADD node_modules/mimic-fn
4430 silly ADD node_modules/mime-types
4431 silly ADD node_modules/mime-db
4432 silly ADD node_modules/mime
4433 silly ADD node_modules/micromatch
4434 silly ADD node_modules/micromatch/node_modules/picomatch
4435 silly ADD node_modules/metro-transform-worker
4436 silly ADD node_modules/metro-transform-plugins
4437 silly ADD node_modules/metro-symbolicate
4438 silly ADD node_modules/metro-source-map
4439 silly ADD node_modules/metro-runtime
4440 silly ADD node_modules/metro-resolver
4441 silly ADD node_modules/metro-minify-terser
4442 silly ADD node_modules/metro-file-map
4443 silly ADD node_modules/metro-core
4444 silly ADD node_modules/metro-config
4445 silly ADD node_modules/metro-config/node_modules/yaml
4446 silly ADD node_modules/metro-cache-key
4447 silly ADD node_modules/metro-cache
4448 silly ADD node_modules/metro-babel-transformer
4449 silly ADD node_modules/metro-babel-transformer/node_modules/hermes-parser
4450 silly ADD node_modules/metro-babel-transformer/node_modules/hermes-estree
4451 silly ADD node_modules/metro
4452 silly ADD node_modules/metro/node_modules/hermes-parser
4453 silly ADD node_modules/metro/node_modules/hermes-estree
4454 silly ADD node_modules/merge-stream
4455 silly ADD node_modules/merge-options
4456 silly ADD node_modules/memoize-one
4457 silly ADD node_modules/mdn-data
4458 silly ADD node_modules/math-intrinsics
4459 silly ADD node_modules/marky
4460 silly ADD node_modules/makeerror
4461 silly ADD node_modules/lucide-react-native
4462 silly ADD node_modules/lru-cache
4463 silly ADD node_modules/lowercase-keys
4464 silly ADD node_modules/loose-envify
4465 silly ADD node_modules/long
4466 silly ADD node_modules/log-symbols
4467 silly ADD node_modules/log-symbols/node_modules/supports-color
4468 silly ADD node_modules/log-symbols/node_modules/has-flag
4469 silly ADD node_modules/log-symbols/node_modules/escape-string-regexp
4470 silly ADD node_modules/log-symbols/node_modules/color-name
4471 silly ADD node_modules/log-symbols/node_modules/color-convert
4472 silly ADD node_modules/log-symbols/node_modules/chalk
4473 silly ADD node_modules/log-symbols/node_modules/ansi-styles
4474 silly ADD node_modules/lodash.throttle
4475 silly ADD node_modules/lodash.merge
4476 silly ADD node_modules/lodash.isequal
4477 silly ADD node_modules/lodash.debounce
4478 silly ADD node_modules/lodash.camelcase
4479 silly ADD node_modules/locate-path
4480 silly ADD node_modules/lines-and-columns
4481 silly ADD
4482 silly ADD
4483 silly ADD
4484 silly ADD
4485 silly ADD
4486 silly ADD
4487 silly ADD
4488 silly ADD
4489 silly ADD
4490 silly ADD node_modules/lightningcss-darwin-arm64
4491 silly ADD
4492 silly ADD node_modules/lightningcss
4493 silly ADD node_modules/lighthouse-logger
4494 silly ADD node_modules/lighthouse-logger/node_modules/ms
4495 silly ADD node_modules/lighthouse-logger/node_modules/debug
4496 silly ADD node_modules/levn
4497 silly ADD node_modules/leven
4498 silly ADD node_modules/lan-network
4499 silly ADD node_modules/kleur
4500 silly ADD node_modules/keyv
4501 silly ADD node_modules/jsx-ast-utils
4502 silly ADD node_modules/json5
4503 silly ADD node_modules/json-stable-stringify-without-jsonify
4504 silly ADD node_modules/json-schema-traverse
4505 silly ADD node_modules/json-buffer
4506 silly ADD node_modules/jsesc
4507 silly ADD node_modules/jsc-safe-url
4508 silly ADD node_modules/js-yaml
4509 silly ADD node_modules/js-tokens
4510 silly ADD node_modules/jimp-compact
4511 silly ADD node_modules/jest-worker
4512 silly ADD node_modules/jest-worker/node_modules/supports-color
4513 silly ADD node_modules/jest-validate
4514 silly ADD node_modules/jest-util
4515 silly ADD node_modules/jest-util/node_modules/picomatch
4516 silly ADD node_modules/jest-util/node_modules/ci-info
4517 silly ADD node_modules/jest-regex-util
4518 silly ADD node_modules/jest-mock
4519 silly ADD node_modules/jest-message-util
4520 silly ADD node_modules/jest-haste-map
4521 silly ADD node_modules/jest-get-type
4522 silly ADD node_modules/jest-environment-node
4523 silly ADD node_modules/iterator.prototype
4524 silly ADD node_modules/istanbul-lib-instrument
4525 silly ADD node_modules/istanbul-lib-coverage
4526 silly ADD node_modules/isexe
4527 silly ADD node_modules/isarray
4528 silly ADD node_modules/is-wsl
4529 silly ADD node_modules/is-weakset
4530 silly ADD node_modules/is-weakref
4531 silly ADD node_modules/is-weakmap
4532 silly ADD node_modules/is-typed-array
4533 silly ADD node_modules/is-symbol
4534 silly ADD node_modules/is-string
4535 silly ADD node_modules/is-shared-array-buffer
4536 silly ADD node_modules/is-set
4537 silly ADD node_modules/is-regex
4538 silly ADD node_modules/is-plain-obj
4539 silly ADD node_modules/is-number-object
4540 silly ADD node_modules/is-number
4541 silly ADD node_modules/is-negative-zero
4542 silly ADD node_modules/is-nan
4543 silly ADD node_modules/is-map
4544 silly ADD node_modules/is-glob
4545 silly ADD node_modules/is-generator-function
4546 silly ADD node_modules/is-fullwidth-code-point
4547 silly ADD node_modules/is-finalizationregistry
4548 silly ADD node_modules/is-extglob
4549 silly ADD node_modules/is-docker
4550 silly ADD node_modules/is-date-object
4551 silly ADD node_modules/is-data-view
4552 silly ADD node_modules/is-core-module
4553 silly ADD node_modules/is-callable
4554 silly ADD node_modules/is-bun-module
4555 silly ADD node_modules/is-bun-module/node_modules/semver
4556 silly ADD node_modules/is-boolean-object
4557 silly ADD node_modules/is-bigint
4558 silly ADD node_modules/is-async-function
4559 silly ADD node_modules/is-arrayish
4560 silly ADD node_modules/is-array-buffer
4561 silly ADD node_modules/is-arguments
4562 silly ADD node_modules/invariant
4563 silly ADD node_modules/internal-slot
4564 silly ADD node_modules/inline-style-prefixer
4565 silly ADD node_modules/ini
4566 silly ADD node_modules/inherits
4567 silly ADD node_modules/inflight
4568 silly ADD node_modules/imurmurhash
4569 silly ADD node_modules/import-fresh
4570 silly ADD node_modules/import-fresh/node_modules/resolve-from
4571 silly ADD node_modules/image-size
4572 silly ADD node_modules/ignore
4573 silly ADD node_modules/ieee754
4574 silly ADD node_modules/idb
4575 silly ADD node_modules/hyphenate-style-name
4576 silly ADD node_modules/https-proxy-agent
4577 silly ADD node_modules/http2-wrapper
4578 silly ADD node_modules/http-parser-js
4579 silly ADD node_modules/http-errors
4580 silly ADD node_modules/http-errors/node_modules/statuses
4581 silly ADD node_modules/http-cache-semantics
4582 silly ADD node_modules/hosted-git-info
4583 silly ADD node_modules/hosted-git-info/node_modules/lru-cache
4584 silly ADD node_modules/hoist-non-react-statics
4585 silly ADD node_modules/hoist-non-react-statics/node_modules/react-is
4586 silly ADD node_modules/hermes-parser
4587 silly ADD node_modules/hermes-estree
4588 silly ADD node_modules/hasown
4589 silly ADD node_modules/has-tostringtag
4590 silly ADD node_modules/has-symbols
4591 silly ADD node_modules/has-proto
4592 silly ADD node_modules/has-property-descriptors
4593 silly ADD node_modules/has-flag
4594 silly ADD node_modules/has-bigints
4595 silly ADD node_modules/graceful-fs
4596 silly ADD node_modules/got
4597 silly ADD node_modules/gopd
4598 silly ADD node_modules/globalthis
4599 silly ADD node_modules/globals
4600 silly ADD node_modules/glob-parent
4601 silly ADD node_modules/glob
4602 silly ADD node_modules/glob/node_modules/minimatch
4603 silly ADD node_modules/glob/node_modules/brace-expansion
4604 silly ADD node_modules/glob/node_modules/balanced-match
4605 silly ADD node_modules/getenv
4606 silly ADD node_modules/get-tsconfig
4607 silly ADD node_modules/get-symbol-description
4608 silly ADD node_modules/get-stream
4609 silly ADD node_modules/get-proto
4610 silly ADD node_modules/get-package-type
4611 silly ADD node_modules/get-nonce
4612 silly ADD node_modules/get-intrinsic
4613 silly ADD node_modules/get-caller-file
4614 silly ADD node_modules/gensync
4615 silly ADD node_modules/generator-function
4616 silly ADD node_modules/functions-have-names
4617 silly ADD node_modules/function.prototype.name
4618 silly ADD node_modules/function-bind
4619 silly ADD node_modules/fs.realpath
4620 silly ADD node_modules/fresh
4621 silly ADD node_modules/freeport-async
4622 silly ADD node_modules/form-data
4623 silly ADD node_modules/for-each
4624 silly ADD node_modules/fontfaceobserver
4625 silly ADD node_modules/follow-redirects
4626 silly ADD node_modules/flow-enums-runtime
4627 silly ADD node_modules/flatted
4628 silly ADD node_modules/flat-cache
4629 silly ADD node_modules/firebase
4630 silly ADD node_modules/find-up
4631 silly ADD node_modules/finalhandler
4632 silly ADD node_modules/finalhandler/node_modules/ms
4633 silly ADD node_modules/finalhandler/node_modules/debug
4634 silly ADD node_modules/filter-obj
4635 silly ADD node_modules/fill-range
4636 silly ADD node_modules/file-entry-cache
4637 silly ADD node_modules/fdir
4638 silly ADD node_modules/fbjs-css-vars
4639 silly ADD node_modules/fbjs
4640 silly ADD node_modules/fbjs/node_modules/promise
4641 silly ADD node_modules/fb-watchman
4642 silly ADD node_modules/faye-websocket
4643 silly ADD node_modules/fast-uri
4644 silly ADD node_modules/fast-levenshtein
4645 silly ADD node_modules/fast-json-stable-stringify
4646 silly ADD node_modules/fast-deep-equal
4647 silly ADD node_modules/exponential-backoff
4648 silly ADD node_modules/expo-web-browser
4649 silly ADD node_modules/expo-updates-interface
4650 silly ADD node_modules/expo-task-manager
4651 silly ADD node_modules/expo-system-ui
4652 silly ADD node_modules/expo-symbols
4653 silly ADD node_modules/expo-status-bar
4654 silly ADD node_modules/expo-splash-screen
4655 silly ADD node_modules/expo-server
4656 silly ADD node_modules/expo-router
4657 silly ADD node_modules/expo-router/node_modules/semver
4658 silly ADD node_modules/expo-router/node_modules/@radix-ui/react-tabs
4659 silly ADD node_modules/expo-router/node_modules/@radix-ui/react-roving-focus
4660 silly ADD node_modules/expo-router/node_modules/@radix-ui/react-primitive
4661 silly ADD node_modules/expo-router/node_modules/@radix-ui/react-primitive/node_modules/@radix-ui/react-slot
4662 silly ADD node_modules/expo-router/node_modules/@radix-ui/react-presence
4663 silly ADD node_modules/expo-router/node_modules/@radix-ui/react-collection
4664 silly ADD node_modules/expo-router/node_modules/@radix-ui/react-collection/node_modules/@radix-ui/react-slot
4665 silly ADD node_modules/expo-notifications
4666 silly ADD node_modules/expo-modules-core
4667 silly ADD node_modules/expo-modules-autolinking
4668 silly ADD node_modules/expo-manifests
4669 silly ADD node_modules/expo-location
4670 silly ADD node_modules/expo-linking
4671 silly ADD node_modules/expo-linear-gradient
4672 silly ADD node_modules/expo-keep-awake
4673 silly ADD node_modules/expo-json-utils
4674 silly ADD node_modules/expo-image-picker
4675 silly ADD node_modules/expo-image-loader
4676 silly ADD node_modules/expo-image
4677 silly ADD node_modules/expo-haptics
4678 silly ADD node_modules/expo-font
4679 silly ADD node_modules/expo-file-system
4680 silly ADD node_modules/expo-dev-menu-interface
4681 silly ADD node_modules/expo-dev-menu
4682 silly ADD node_modules/expo-dev-launcher
4683 silly ADD node_modules/expo-dev-launcher/node_modules/json-schema-traverse
4684 silly ADD node_modules/expo-dev-launcher/node_modules/ajv
4685 silly ADD node_modules/expo-dev-client
4686 silly ADD node_modules/expo-constants
4687 silly ADD node_modules/expo-build-properties
4688 silly ADD node_modules/expo-build-properties/node_modules/semver
4689 silly ADD node_modules/expo-build-properties/node_modules/json-schema-traverse
4690 silly ADD node_modules/expo-build-properties/node_modules/ajv
4691 silly ADD node_modules/expo-asset
4692 silly ADD node_modules/expo-application
4693 silly ADD node_modules/expo
4694 silly ADD node_modules/event-target-shim
4695 silly ADD node_modules/etag
4696 silly ADD node_modules/esutils
4697 silly ADD node_modules/estraverse
4698 silly ADD node_modules/esrecurse
4699 silly ADD node_modules/esquery
4700 silly ADD node_modules/esprima
4701 silly ADD node_modules/espree
4702 silly ADD node_modules/eslint-visitor-keys
4703 silly ADD node_modules/eslint-scope
4704 silly ADD node_modules/eslint-plugin-react-hooks
4705 silly ADD node_modules/eslint-plugin-react
4706 silly ADD node_modules/eslint-plugin-import
4707 silly ADD node_modules/eslint-plugin-import/node_modules/debug
4708 silly ADD node_modules/eslint-plugin-expo
4709 silly ADD node_modules/eslint-module-utils
4710 silly ADD node_modules/eslint-module-utils/node_modules/debug
4711 silly ADD node_modules/eslint-import-resolver-typescript
4712 silly ADD node_modules/eslint-import-resolver-node
4713 silly ADD node_modules/eslint-import-resolver-node/node_modules/debug
4714 silly ADD node_modules/eslint-config-expo
4715 silly ADD node_modules/eslint-config-expo/node_modules/globals
4716 silly ADD node_modules/eslint
4717 silly ADD node_modules/escape-string-regexp
4718 silly ADD node_modules/escape-html
4719 silly ADD node_modules/escalade
4720 silly ADD node_modules/es-to-primitive
4721 silly ADD node_modules/es-shim-unscopables
4722 silly ADD node_modules/es-set-tostringtag
4723 silly ADD node_modules/es-object-atoms
4724 silly ADD node_modules/es-iterator-helpers
4725 silly ADD node_modules/es-errors
4726 silly ADD node_modules/es-define-property
4727 silly ADD node_modules/es-abstract
4728 silly ADD node_modules/error-stack-parser
4729 silly ADD node_modules/env-editor
4730 silly ADD node_modules/entities
4731 silly ADD node_modules/end-of-stream
4732 silly ADD node_modules/encodeurl
4733 silly ADD node_modules/emoji-regex
4734 silly ADD node_modules/electron-to-chromium
4735 silly ADD node_modules/ee-first
4736 silly ADD node_modules/dunder-proto
4737 silly ADD node_modules/dotenv-expand
4738 silly ADD node_modules/dotenv
4739 silly ADD node_modules/domutils
4740 silly ADD node_modules/domhandler
4741 silly ADD node_modules/domelementtype
4742 silly ADD node_modules/dom-serializer
4743 silly ADD node_modules/doctrine
4744 silly ADD node_modules/detect-node-es
4745 silly ADD node_modules/detect-libc
4746 silly ADD node_modules/destroy
4747 silly ADD node_modules/depd
4748 silly ADD node_modules/delayed-stream
4749 silly ADD node_modules/define-properties
4750 silly ADD node_modules/define-lazy-prop
4751 silly ADD node_modules/define-data-property
4752 silly ADD node_modules/defer-to-connect
4753 silly ADD node_modules/defaults
4754 silly ADD node_modules/deepmerge
4755 silly ADD node_modules/deep-is
4756 silly ADD node_modules/deep-extend
4757 silly ADD node_modules/decompress-response
4758 silly ADD node_modules/decompress-response/node_modules/mimic-response
4759 silly ADD node_modules/decode-uri-component
4760 silly ADD node_modules/debug
4761 silly ADD node_modules/data-view-byte-offset
4762 silly ADD node_modules/data-view-byte-length
4763 silly ADD node_modules/data-view-buffer
4764 silly ADD node_modules/csstype
4765 silly ADD node_modules/css-what
4766 silly ADD node_modules/css-tree
4767 silly ADD node_modules/css-tree/node_modules/source-map
4768 silly ADD node_modules/css-select
4769 silly ADD node_modules/css-in-js-utils
4770 silly ADD node_modules/cross-spawn
4771 silly ADD node_modules/cross-fetch
4772 silly ADD node_modules/core-js-compat
4773 silly ADD node_modules/convert-source-map
4774 silly ADD node_modules/connect
4775 silly ADD node_modules/connect/node_modules/ms
4776 silly ADD node_modules/connect/node_modules/debug
4777 silly ADD node_modules/concat-map
4778 silly ADD node_modules/compression
4779 silly ADD node_modules/compression/node_modules/negotiator
4780 silly ADD node_modules/compression/node_modules/ms
4781 silly ADD node_modules/compression/node_modules/debug
4782 silly ADD node_modules/compressible
4783 silly ADD node_modules/commander
4784 silly ADD node_modules/combined-stream
4785 silly ADD node_modules/color-string
4786 silly ADD node_modules/color-name
4787 silly ADD node_modules/color-convert
4788 silly ADD node_modules/color
4789 silly ADD node_modules/clone-response
4790 silly ADD node_modules/clone
4791 silly ADD node_modules/cliui
4792 silly ADD node_modules/client-only
4793 silly ADD node_modules/cli-spinners
4794 silly ADD node_modules/cli-cursor
4795 silly ADD node_modules/ci-info
4796 silly ADD node_modules/chromium-edge-launcher
4797 silly ADD node_modules/chrome-launcher
4798 silly ADD node_modules/chownr
4799 silly ADD node_modules/chalk
4800 silly ADD node_modules/caniuse-lite
4801 silly ADD node_modules/camelcase
4802 silly ADD node_modules/callsites
4803 silly ADD node_modules/call-bound
4804 silly ADD node_modules/call-bind-apply-helpers
4805 silly ADD node_modules/call-bind
4806 silly ADD node_modules/cacheable-request
4807 silly ADD node_modules/cacheable-lookup
4808 silly ADD node_modules/bytes
4809 silly ADD node_modules/buffer-from
4810 silly ADD node_modules/buffer
4811 silly ADD node_modules/bser
4812 silly ADD node_modules/browserslist
4813 silly ADD node_modules/braces
4814 silly ADD node_modules/brace-expansion
4815 silly ADD node_modules/bplist-parser
4816 silly ADD node_modules/bplist-creator
4817 silly ADD node_modules/boolbase
4818 silly ADD node_modules/big-integer
4819 silly ADD node_modules/better-opn
4820 silly ADD node_modules/better-opn/node_modules/open
4821 silly ADD node_modules/baseline-browser-mapping
4822 silly ADD node_modules/base64-js
4823 silly ADD node_modules/balanced-match
4824 silly ADD node_modules/badgin
4825 silly ADD node_modules/babel-preset-jest
4826 silly ADD node_modules/babel-preset-expo
4827 silly ADD node_modules/babel-preset-current-node-syntax
4828 silly ADD node_modules/babel-plugin-transform-flow-enums
4829 silly ADD node_modules/babel-plugin-syntax-hermes-parser
4830 silly ADD node_modules/babel-plugin-react-native-web
4831 silly ADD node_modules/babel-plugin-react-compiler
4832 silly ADD node_modules/babel-plugin-polyfill-regenerator
4833 silly ADD node_modules/babel-plugin-polyfill-corejs3
4834 silly ADD node_modules/babel-plugin-polyfill-corejs2
4835 silly ADD node_modules/babel-plugin-jest-hoist
4836 silly ADD node_modules/babel-plugin-istanbul
4837 silly ADD node_modules/babel-jest
4838 silly ADD node_modules/axios
4839 silly ADD node_modules/available-typed-arrays
4840 silly ADD node_modules/asynckit
4841 silly ADD node_modules/async-limiter
4842 silly ADD node_modules/async-function
4843 silly ADD node_modules/assert
4844 silly ADD node_modules/asap
4845 silly ADD node_modules/arraybuffer.prototype.slice
4846 silly ADD node_modules/array.prototype.tosorted
4847 silly ADD node_modules/array.prototype.flatmap
4848 silly ADD node_modules/array.prototype.flat
4849 silly ADD node_modules/array.prototype.findlastindex
4850 silly ADD node_modules/array.prototype.findlast
4851 silly ADD node_modules/array-includes
4852 silly ADD node_modules/array-buffer-byte-length
4853 silly ADD node_modules/aria-hidden
4854 silly ADD node_modules/argparse
4855 silly ADD node_modules/arg
4856 silly ADD node_modules/anymatch
4857 silly ADD node_modules/anymatch/node_modules/picomatch
4858 silly ADD node_modules/any-promise
4859 silly ADD node_modules/ansi-styles
4860 silly ADD node_modules/ansi-regex
4861 silly ADD node_modules/ansi-escapes
4862 silly ADD node_modules/ansi-escapes/node_modules/type-fest
4863 silly ADD node_modules/anser
4864 silly ADD node_modules/ajv
4865 silly ADD node_modules/agent-base
4866 silly ADD node_modules/acorn-jsx
4867 silly ADD node_modules/acorn
4868 silly ADD node_modules/accepts
4869 silly ADD node_modules/abort-controller
4870 silly ADD node_modules/@xmldom/xmldom
4871 silly ADD node_modules/@urql/exchange-retry
4872 silly ADD node_modules/@urql/core
4873 silly ADD node_modules/@unrs/resolver-binding-darwin-arm64
4874 silly ADD node_modules/@ungap/structured-clone
4875 silly ADD node_modules/@typescript-eslint/visitor-keys
4876 silly ADD node_modules/@typescript-eslint/visitor-keys/node_modules/eslint-visitor-keys
4877 silly ADD node_modules/@typescript-eslint/utils
4878 silly ADD node_modules/@typescript-eslint/typescript-estree
4879 silly ADD node_modules/@typescript-eslint/typescript-estree/node_modules/semver
4880 silly ADD node_modules/@typescript-eslint/typescript-estree/node_modules/minimatch
4881 silly ADD node_modules/@typescript-eslint/typescript-estree/node_modules/brace-expansion
4882 silly ADD node_modules/@typescript-eslint/typescript-estree/node_modules/balanced-match
4883 silly ADD node_modules/@typescript-eslint/types
4884 silly ADD node_modules/@typescript-eslint/type-utils
4885 silly ADD node_modules/@typescript-eslint/tsconfig-utils
4886 silly ADD node_modules/@typescript-eslint/scope-manager
4887 silly ADD node_modules/@typescript-eslint/project-service
4888 silly ADD node_modules/@typescript-eslint/parser
4889 silly ADD node_modules/@typescript-eslint/eslint-plugin
4890 silly ADD node_modules/@typescript-eslint/eslint-plugin/node_modules/ignore
4891 silly ADD node_modules/@types/yargs-parser
4892 silly ADD node_modules/@types/yargs
4893 silly ADD node_modules/@types/stack-utils
4894 silly ADD node_modules/@types/responselike
4895 silly ADD node_modules/@types/react
4896 silly ADD node_modules/@types/node
4897 silly ADD node_modules/@types/keyv
4898 silly ADD node_modules/@types/json5
4899 silly ADD node_modules/@types/json-schema
4900 silly ADD node_modules/@types/istanbul-reports
4901 silly ADD node_modules/@types/istanbul-lib-report
4902 silly ADD node_modules/@types/istanbul-lib-coverage
4903 silly ADD node_modules/@types/http-cache-semantics
4904 silly ADD node_modules/@types/hammerjs
4905 silly ADD node_modules/@types/graceful-fs
4906 silly ADD node_modules/@types/geojson
4907 silly ADD node_modules/@types/estree
4908 silly ADD node_modules/@types/cacheable-request
4909 silly ADD node_modules/@types/babel__traverse
4910 silly ADD node_modules/@types/babel__template
4911 silly ADD node_modules/@types/babel__generator
4912 silly ADD node_modules/@types/babel__core
4913 silly ADD node_modules/@szmarczak/http-timer
4914 silly ADD node_modules/@sinonjs/fake-timers
4915 silly ADD node_modules/@sinonjs/commons
4916 silly ADD node_modules/@sindresorhus/is
4917 silly ADD node_modules/@sinclair/typebox
4918 silly ADD node_modules/@rtsao/scc
4919 silly ADD node_modules/@react-navigation/routers
4920 silly ADD node_modules/@react-navigation/native-stack
4921 silly ADD node_modules/@react-navigation/native
4922 silly ADD node_modules/@react-navigation/elements
4923 silly ADD node_modules/@react-navigation/core
4924 silly ADD node_modules/@react-navigation/bottom-tabs
4925 silly ADD node_modules/@react-native/normalize-colors
4926 silly ADD node_modules/@react-native/js-polyfills
4927 silly ADD node_modules/@react-native/gradle-plugin
4928 silly ADD node_modules/@react-native/dev-middleware
4929 silly ADD node_modules/@react-native/dev-middleware/node_modules/ws
4930 silly ADD node_modules/@react-native/debugger-frontend
4931 silly ADD node_modules/@react-native/community-cli-plugin
4932 silly ADD node_modules/@react-native/community-cli-plugin/node_modules/semver
4933 silly ADD node_modules/@react-native/codegen
4934 silly ADD node_modules/@react-native/codegen/node_modules/glob
4935 silly ADD node_modules/@react-native/babel-preset
4936 silly ADD node_modules/@react-native/babel-plugin-codegen
4937 silly ADD node_modules/@react-native/assets-registry
4938 silly ADD node_modules/@react-native-async-storage/async-storage
4939 silly ADD node_modules/@radix-ui/react-use-layout-effect
4940 silly ADD node_modules/@radix-ui/react-use-escape-keydown
4941 silly ADD node_modules/@radix-ui/react-use-effect-event
4942 silly ADD node_modules/@radix-ui/react-use-controllable-state
4943 silly ADD node_modules/@radix-ui/react-use-callback-ref
4944 silly ADD node_modules/@radix-ui/react-slot
4945 silly ADD node_modules/@radix-ui/react-id
4946 silly ADD node_modules/@radix-ui/react-focus-guards
4947 silly ADD node_modules/@radix-ui/react-direction
4948 silly ADD node_modules/@radix-ui/react-context
4949 silly ADD node_modules/@radix-ui/react-compose-refs
4950 silly ADD node_modules/@radix-ui/primitive
4951 silly ADD node_modules/@protobufjs/utf8
4952 silly ADD node_modules/@protobufjs/pool
4953 silly ADD node_modules/@protobufjs/path
4954 silly ADD node_modules/@protobufjs/inquire
4955 silly ADD node_modules/@protobufjs/float
4956 silly ADD node_modules/@protobufjs/fetch
4957 silly ADD node_modules/@protobufjs/eventemitter
4958 silly ADD node_modules/@protobufjs/codegen
4959 silly ADD node_modules/@protobufjs/base64
4960 silly ADD node_modules/@protobufjs/aspromise
4961 silly ADD node_modules/@nolyfill/is-core-module
4962 silly ADD node_modules/@jridgewell/trace-mapping
4963 silly ADD node_modules/@jridgewell/sourcemap-codec
4964 silly ADD node_modules/@jridgewell/source-map
4965 silly ADD node_modules/@jridgewell/resolve-uri
4966 silly ADD node_modules/@jridgewell/remapping
4967 silly ADD node_modules/@jridgewell/gen-mapping
4968 silly ADD node_modules/@jest/types
4969 silly ADD node_modules/@jest/transform
4970 silly ADD node_modules/@jest/schemas
4971 silly ADD node_modules/@jest/fake-timers
4972 silly ADD node_modules/@jest/environment
4973 silly ADD node_modules/@jest/create-cache-key-function
4974 silly ADD node_modules/@istanbuljs/schema
4975 silly ADD node_modules/@istanbuljs/load-nyc-config
4976 silly ADD node_modules/@istanbuljs/load-nyc-config/node_modules/p-locate
4977 silly ADD node_modules/@istanbuljs/load-nyc-config/node_modules/p-limit
4978 silly ADD node_modules/@istanbuljs/load-nyc-config/node_modules/locate-path
4979 silly ADD node_modules/@istanbuljs/load-nyc-config/node_modules/js-yaml
4980 silly ADD node_modules/@istanbuljs/load-nyc-config/node_modules/find-up
4981 silly ADD node_modules/@istanbuljs/load-nyc-config/node_modules/camelcase
4982 silly ADD node_modules/@istanbuljs/load-nyc-config/node_modules/argparse
4983 silly ADD node_modules/@isaacs/ttlcache
4984 silly ADD node_modules/@isaacs/fs-minipass
4985 silly ADD node_modules/@ide/backoff
4986 silly ADD node_modules/@humanwhocodes/retry
4987 silly ADD node_modules/@humanwhocodes/module-importer
4988 silly ADD node_modules/@humanfs/types
4989 silly ADD node_modules/@humanfs/node
4990 silly ADD node_modules/@humanfs/core
4991 silly ADD node_modules/@grpc/proto-loader
4992 silly ADD node_modules/@grpc/grpc-js
4993 silly ADD node_modules/@firebase/webchannel-wrapper
4994 silly ADD node_modules/@firebase/util
4995 silly ADD node_modules/@firebase/storage-types
4996 silly ADD node_modules/@firebase/storage-compat
4997 silly ADD node_modules/@firebase/storage
4998 silly ADD node_modules/@firebase/remote-config-types
4999 silly ADD node_modules/@firebase/remote-config-compat
5000 silly ADD node_modules/@firebase/remote-config
5001 silly ADD node_modules/@firebase/performance-types
5002 silly ADD node_modules/@firebase/performance-compat
5003 silly ADD node_modules/@firebase/performance
5004 silly ADD node_modules/@firebase/messaging-interop-types
5005 silly ADD node_modules/@firebase/messaging-compat
5006 silly ADD node_modules/@firebase/messaging
5007 silly ADD node_modules/@firebase/logger
5008 silly ADD node_modules/@firebase/installations-types
5009 silly ADD node_modules/@firebase/installations-compat
5010 silly ADD node_modules/@firebase/installations
5011 silly ADD node_modules/@firebase/functions-types
5012 silly ADD node_modules/@firebase/functions-compat
5013 silly ADD node_modules/@firebase/functions
5014 silly ADD node_modules/@firebase/firestore-types
5015 silly ADD node_modules/@firebase/firestore-compat
5016 silly ADD node_modules/@firebase/firestore
5017 silly ADD node_modules/@firebase/database-types
5018 silly ADD node_modules/@firebase/database-compat
5019 silly ADD node_modules/@firebase/database
5020 silly ADD node_modules/@firebase/data-connect
5021 silly ADD node_modules/@firebase/component
5022 silly ADD node_modules/@firebase/auth-types
5023 silly ADD node_modules/@firebase/auth-interop-types
5024 silly ADD node_modules/@firebase/auth-compat
5025 silly ADD node_modules/@firebase/auth
5026 silly ADD node_modules/@firebase/app-types
5027 silly ADD node_modules/@firebase/app-compat
5028 silly ADD node_modules/@firebase/app-check-types
5029 silly ADD node_modules/@firebase/app-check-interop-types
5030 silly ADD node_modules/@firebase/app-check-compat
5031 silly ADD node_modules/@firebase/app-check
5032 silly ADD node_modules/@firebase/app
5033 silly ADD node_modules/@firebase/analytics-types
5034 silly ADD node_modules/@firebase/analytics-compat
5035 silly ADD node_modules/@firebase/analytics
5036 silly ADD node_modules/@firebase/ai
5037 silly ADD node_modules/@expo/xcpretty
5038 silly ADD node_modules/@expo/ws-tunnel
5039 silly ADD node_modules/@expo/vector-icons
5040 silly ADD node_modules/@expo/sudo-prompt
5041 silly ADD node_modules/@expo/spawn-async
5042 silly ADD node_modules/@expo/sdk-runtime-versions
5043 silly ADD node_modules/@expo/schema-utils
5044 silly ADD node_modules/@expo/require-utils
5045 silly ADD node_modules/@expo/prebuild-config
5046 silly ADD node_modules/@expo/prebuild-config/node_modules/semver
5047 silly ADD node_modules/@expo/plist
5048 silly ADD node_modules/@expo/package-manager
5049 silly ADD node_modules/@expo/osascript
5050 silly ADD node_modules/@expo/ngrok-bin-darwin-arm64
5051 silly ADD node_modules/@expo/ngrok-bin
5052 silly ADD node_modules/@expo/ngrok
5053 silly ADD node_modules/@expo/metro-runtime
5054 silly ADD node_modules/@expo/metro-config
5055 silly ADD node_modules/@expo/metro-config/node_modules/minimatch
5056 silly ADD node_modules/@expo/metro-config/node_modules/brace-expansion
5057 silly ADD node_modules/@expo/metro
5058 silly ADD node_modules/@expo/json-file
5059 silly ADD node_modules/@expo/image-utils
5060 silly ADD node_modules/@expo/image-utils/node_modules/semver
5061 silly ADD node_modules/@expo/fingerprint
5062 silly ADD node_modules/@expo/fingerprint/node_modules/semver
5063 silly ADD node_modules/@expo/fingerprint/node_modules/minimatch
5064 silly ADD node_modules/@expo/fingerprint/node_modules/brace-expansion
5065 silly ADD node_modules/@expo/env
5066 silly ADD node_modules/@expo/devtools
5067 silly ADD node_modules/@expo/devcert
5068 silly ADD node_modules/@expo/devcert/node_modules/debug
5069 silly ADD node_modules/@expo/config-types
5070 silly ADD node_modules/@expo/config-plugins
5071 silly ADD node_modules/@expo/config-plugins/node_modules/semver
5072 silly ADD node_modules/@expo/config
5073 silly ADD node_modules/@expo/config/node_modules/semver
5074 silly ADD node_modules/@expo/config/node_modules/@babel/code-frame
5075 silly ADD node_modules/@expo/code-signing-certificates
5076 silly ADD node_modules/@expo/cli
5077 silly ADD node_modules/@expo/cli/node_modules/ws
5078 silly ADD node_modules/@expo/cli/node_modules/semver
5079 silly ADD node_modules/@expo/cli/node_modules/resolve
5080 silly ADD node_modules/@expo/cli/node_modules/picomatch
5081 silly ADD node_modules/@expo/cli/node_modules/minimatch
5082 silly ADD node_modules/@expo/cli/node_modules/ci-info
5083 silly ADD node_modules/@expo/cli/node_modules/brace-expansion
5084 silly ADD node_modules/@eslint/plugin-kit
5085 silly ADD node_modules/@eslint/object-schema
5086 silly ADD node_modules/@eslint/js
5087 silly ADD node_modules/@eslint/eslintrc
5088 silly ADD node_modules/@eslint/core
5089 silly ADD node_modules/@eslint/config-helpers
5090 silly ADD node_modules/@eslint/config-array
5091 silly ADD node_modules/@eslint-community/regexpp
5092 silly ADD node_modules/@eslint-community/eslint-utils
5093 silly ADD node_modules/@eslint-community/eslint-utils/node_modules/eslint-visitor-keys
5094 silly ADD node_modules/@egjs/hammerjs
5095 silly ADD node_modules/@babel/types
5096 silly ADD node_modules/@babel/traverse--for-generate-function-map
5097 silly ADD node_modules/@babel/traverse
5098 silly ADD node_modules/@babel/template
5099 silly ADD node_modules/@babel/runtime
5100 silly ADD node_modules/@babel/preset-typescript
5101 silly ADD node_modules/@babel/preset-react
5102 silly ADD node_modules/@babel/plugin-transform-unicode-regex
5103 silly ADD node_modules/@babel/plugin-transform-typescript
5104 silly ADD node_modules/@babel/plugin-transform-template-literals
5105 silly ADD node_modules/@babel/plugin-transform-sticky-regex
5106 silly ADD node_modules/@babel/plugin-transform-spread
5107 silly ADD node_modules/@babel/plugin-transform-shorthand-properties
5108 silly ADD node_modules/@babel/plugin-transform-runtime
5109 silly ADD node_modules/@babel/plugin-transform-regenerator
5110 silly ADD node_modules/@babel/plugin-transform-react-pure-annotations
5111 silly ADD node_modules/@babel/plugin-transform-react-jsx-source
5112 silly ADD node_modules/@babel/plugin-transform-react-jsx-self
5113 silly ADD node_modules/@babel/plugin-transform-react-jsx-development
5114 silly ADD node_modules/@babel/plugin-transform-react-jsx
5115 silly ADD node_modules/@babel/plugin-transform-react-display-name
5116 silly ADD node_modules/@babel/plugin-transform-private-property-in-object
5117 silly ADD node_modules/@babel/plugin-transform-private-methods
5118 silly ADD node_modules/@babel/plugin-transform-parameters
5119 silly ADD node_modules/@babel/plugin-transform-optional-chaining
5120 silly ADD node_modules/@babel/plugin-transform-optional-catch-binding
5121 silly ADD node_modules/@babel/plugin-transform-object-rest-spread
5122 silly ADD node_modules/@babel/plugin-transform-numeric-separator
5123 silly ADD node_modules/@babel/plugin-transform-nullish-coalescing-operator
5124 silly ADD node_modules/@babel/plugin-transform-named-capturing-groups-regex
5125 silly ADD node_modules/@babel/plugin-transform-modules-commonjs
5126 silly ADD node_modules/@babel/plugin-transform-logical-assignment-operators
5127 silly ADD node_modules/@babel/plugin-transform-literals
5128 silly ADD node_modules/@babel/plugin-transform-function-name
5129 silly ADD node_modules/@babel/plugin-transform-for-of
5130 silly ADD node_modules/@babel/plugin-transform-flow-strip-types
5131 silly ADD node_modules/@babel/plugin-transform-export-namespace-from
5132 silly ADD node_modules/@babel/plugin-transform-destructuring
5133 silly ADD node_modules/@babel/plugin-transform-computed-properties
5134 silly ADD node_modules/@babel/plugin-transform-classes
5135 silly ADD node_modules/@babel/plugin-transform-class-static-block
5136 silly ADD node_modules/@babel/plugin-transform-class-properties
5137 silly ADD node_modules/@babel/plugin-transform-block-scoping
5138 silly ADD node_modules/@babel/plugin-transform-async-to-generator
5139 silly ADD node_modules/@babel/plugin-transform-async-generator-functions
5140 silly ADD node_modules/@babel/plugin-transform-arrow-functions
5141 silly ADD node_modules/@babel/plugin-syntax-typescript
5142 silly ADD node_modules/@babel/plugin-syntax-top-level-await
5143 silly ADD node_modules/@babel/plugin-syntax-private-property-in-object
5144 silly ADD node_modules/@babel/plugin-syntax-optional-chaining
5145 silly ADD node_modules/@babel/plugin-syntax-optional-catch-binding
5146 silly ADD node_modules/@babel/plugin-syntax-object-rest-spread
5147 silly ADD node_modules/@babel/plugin-syntax-numeric-separator
5148 silly ADD node_modules/@babel/plugin-syntax-nullish-coalescing-operator
5149 silly ADD node_modules/@babel/plugin-syntax-logical-assignment-operators
5150 silly ADD node_modules/@babel/plugin-syntax-jsx
5151 silly ADD node_modules/@babel/plugin-syntax-json-strings
5152 silly ADD node_modules/@babel/plugin-syntax-import-meta
5153 silly ADD node_modules/@babel/plugin-syntax-import-attributes
5154 silly ADD node_modules/@babel/plugin-syntax-flow
5155 silly ADD node_modules/@babel/plugin-syntax-export-default-from
5156 silly ADD node_modules/@babel/plugin-syntax-dynamic-import
5157 silly ADD node_modules/@babel/plugin-syntax-decorators
5158 silly ADD node_modules/@babel/plugin-syntax-class-static-block
5159 silly ADD node_modules/@babel/plugin-syntax-class-properties
5160 silly ADD node_modules/@babel/plugin-syntax-bigint
5161 silly ADD node_modules/@babel/plugin-syntax-async-generators
5162 silly ADD node_modules/@babel/plugin-proposal-export-default-from
5163 silly ADD node_modules/@babel/plugin-proposal-decorators
5164 silly ADD node_modules/@babel/parser
5165 silly ADD node_modules/@babel/highlight
5166 silly ADD node_modules/@babel/highlight/node_modules/supports-color
5167 silly ADD node_modules/@babel/highlight/node_modules/has-flag
5168 silly ADD node_modules/@babel/highlight/node_modules/escape-string-regexp
5169 silly ADD node_modules/@babel/highlight/node_modules/color-name
5170 silly ADD node_modules/@babel/highlight/node_modules/color-convert
5171 silly ADD node_modules/@babel/highlight/node_modules/chalk
5172 silly ADD node_modules/@babel/highlight/node_modules/ansi-styles
5173 silly ADD node_modules/@babel/helpers
5174 silly ADD node_modules/@babel/helper-wrap-function
5175 silly ADD node_modules/@babel/helper-validator-option
5176 silly ADD node_modules/@babel/helper-validator-identifier
5177 silly ADD node_modules/@babel/helper-string-parser
5178 silly ADD node_modules/@babel/helper-skip-transparent-expression-wrappers
5179 silly ADD node_modules/@babel/helper-replace-supers
5180 silly ADD node_modules/@babel/helper-remap-async-to-generator
5181 silly ADD node_modules/@babel/helper-plugin-utils
5182 silly ADD node_modules/@babel/helper-optimise-call-expression
5183 silly ADD node_modules/@babel/helper-module-transforms
5184 silly ADD node_modules/@babel/helper-module-imports
5185 silly ADD node_modules/@babel/helper-member-expression-to-functions
5186 silly ADD node_modules/@babel/helper-globals
5187 silly ADD node_modules/@babel/helper-define-polyfill-provider
5188 silly ADD node_modules/@babel/helper-define-polyfill-provider/node_modules/resolve
5189 silly ADD node_modules/@babel/helper-create-regexp-features-plugin
5190 silly ADD node_modules/@babel/helper-create-class-features-plugin
5191 silly ADD node_modules/@babel/helper-compilation-targets
5192 silly ADD node_modules/@babel/helper-annotate-as-pure
5193 silly ADD node_modules/@babel/generator
5194 silly ADD node_modules/@babel/core
5195 silly ADD node_modules/@babel/compat-data
5196 silly ADD node_modules/@babel/code-frame
5197 silly ADD node_modules/@0no-co/graphql.web
5198 verbose cwd /Users/mac/Desktop/WashAlert-Final-main/mobile
5199 verbose os Darwin 24.0.0
5200 verbose node v20.20.2
5201 verbose npm  v10.8.2
5202 notice
5202 notice New [31mmajor[39m version of npm available! [31m10.8.2[39m -> [34m11.14.1[39m
5202 notice Changelog: [34mhttps://github.com/npm/cli/releases/tag/v11.14.1[39m
5202 notice To update run: [4mnpm install -g npm@11.14.1[24m
5202 notice  { force: true, [Symbol(proc-log.meta)]: true }
5203 verbose exit 0
5204 info ok
